Date,Adj Close,Close,High,Low,Open,Volume
2014-01-02,9.272773742675781,14.637499809265137,14.6875,14.587499618530273,14.675000190734863,43048292
2014-01-03,9.161911964416504,14.462499618530273,14.612500190734863,14.425000190734863,14.612500190734863,58038024
2014-01-06,9.138155937194824,14.425000190734863,14.487500190734863,14.387499809265137,14.4375,59483240
2014-01-07,9.138155937194824,14.425000190734863,14.475000381469727,14.425000190734863,14.4375,52513328
2014-01-08,9.1539945602417,14.449999809265137,14.487500190734863,14.425000190734863,14.425000190734863,30420860
2014-01-09,9.114400863647461,14.387499809265137,14.449999809265137,14.350000381469727,14.412500381469727,34284912
2014-01-10,9.114400863647461,14.387499809265137,14.412500381469727,14.375,14.375,18966496
2014-01-13,9.169832229614258,14.475000381469727,14.550000190734863,14.449999809265137,14.5,24719476
2014-01-14,9.1539945602417,14.449999809265137,14.462499618530273,14.399999618530273,14.425000190734863,17105764
2014-01-15,9.249017715454102,14.600000381469727,14.612500190734863,14.487500190734863,14.487500190734863,46703380
2014-01-16,9.272773742675781,14.637499809265137,14.6875,14.625,14.625,51086792
2014-01-17,9.288614273071289,14.662500381469727,14.675000190734863,14.574999809265137,14.649999618530273,32678336
2014-01-20,9.312368392944336,14.699999809265137,14.699999809265137,14.600000381469727,14.600000381469727,22508624
2014-01-21,9.272773742675781,14.637499809265137,14.712499618530273,14.625,14.6875,27854648
2014-01-22,9.288614273071289,14.662500381469727,14.662500381469727,14.587499618530273,14.612500190734863,27352876
2014-01-23,9.264854431152344,14.625,14.6875,14.587499618530273,14.649999618530273,27619472
2014-01-24,9.288614273071289,14.662500381469727,14.699999809265137,14.574999809265137,14.574999809265137,42824140
2014-01-27,9.122320175170898,14.399999618530273,14.550000190734863,14.362500190734863,14.524999618530273,85301372
2014-02-05,8.837246894836426,13.949999809265137,14.100000381469727,13.899999618530273,14.100000381469727,230238436
2014-02-06,8.86892032623291,14.0,14.050000190734863,13.949999809265137,13.987500190734863,51415188
2014-02-07,8.963949203491211,14.149999618530273,14.175000190734863,14.074999809265137,14.100000381469727,64110096
2014-02-10,8.963949203491211,14.149999618530273,14.225000381469727,14.149999618530273,14.225000381469727,24080716
2014-02-11,9.019377708435059,14.237500190734863,14.237500190734863,14.149999618530273,14.149999618530273,22328312
2014-02-12,9.114400863647461,14.387499809265137,14.387499809265137,14.287500381469727,14.287500381469727,74418164
2014-02-13,9.090645790100098,14.350000381469727,14.387499809265137,14.337499618530273,14.362500190734863,32942784
2014-02-14,9.177751541137695,14.487500190734863,14.550000190734863,14.425000190734863,14.425000190734863,89315428
2014-02-17,9.177751541137695,14.487500190734863,14.5625,14.487500190734863,14.524999618530273,61739836
2014-02-18,9.209425926208496,14.537500381469727,14.537500381469727,14.449999809265137,14.487500190734863,52354744
2014-02-19,9.209425926208496,14.537500381469727,14.550000190734863,14.512499809265137,14.524999618530273,53466752
2014-02-20,9.130237579345703,14.412500381469727,14.512499809265137,14.399999618530273,14.512499809265137,54949324
2014-02-21,9.217344284057617,14.550000190734863,14.612500190734863,14.550000190734863,14.600000381469727,69269712
2014-02-24,9.169832229614258,14.475000381469727,14.612500190734863,14.449999809265137,14.600000381469727,29472252
2014-02-25,9.209425926208496,14.537500381469727,14.5625,14.487500190734863,14.5625,34487972
2014-02-26,9.249017715454102,14.600000381469727,14.625,14.487500190734863,14.5,35814604
2014-02-27,9.23318099975586,14.574999809265137,14.612500190734863,14.574999809265137,14.574999809265137,14705832
2014-03-03,9.177751541137695,14.487500190734863,14.537500381469727,14.375,14.449999809265137,32083740
2014-03-04,9.138155937194824,14.425000190734863,14.5,14.425000190734863,14.475000381469727,24742744
2014-03-05,9.23318099975586,14.574999809265137,14.612500190734863,14.550000190734863,14.550000190734863,27606472
2014-03-06,9.367802619934082,14.787500381469727,14.800000190734863,14.587499618530273,14.587499618530273,104906556
2014-03-07,9.407391548156738,14.850000381469727,14.949999809265137,14.824999809265137,14.824999809265137,121579216
2014-03-10,9.351960182189941,14.762499809265137,14.850000381469727,14.737500190734863,14.824999809265137,31723268
2014-03-11,9.3994722366333,14.837499618530273,14.862500190734863,14.787500381469727,14.8125,19870876
2014-03-12,9.312368392944336,14.699999809265137,14.75,14.6875,14.712499618530273,10686956
2014-03-13,9.462821960449219,14.9375,14.949999809265137,14.8125,14.8125,102771300
2014-03-14,9.367802619934082,14.787500381469727,14.824999809265137,14.774999618530273,14.787500381469727,53798460
2014-03-17,9.351960182189941,14.762499809265137,14.800000190734863,14.725000381469727,14.787500381469727,35932728
2014-03-18,9.407391548156738,14.850000381469727,14.875,14.800000190734863,14.850000381469727,59453116
2014-03-19,9.383635520935059,14.8125,14.862500190734863,14.737500190734863,14.850000381469727,39421576
2014-03-20,9.264854431152344,14.625,14.675000190734863,14.574999809265137,14.675000190734863,73931636
2014-03-21,9.264854431152344,14.625,14.662500381469727,14.600000381469727,14.662500381469727,16571936
2014-03-24,9.288614273071289,14.662500381469727,14.662500381469727,14.5625,14.612500190734863,45385080
2014-03-25,9.367802619934082,14.787500381469727,14.787500381469727,14.625,14.625,19660108
2014-03-26,9.454904556274414,14.925000190734863,14.925000190734863,14.837499618530273,14.862500190734863,39920680
2014-03-27,9.470741271972656,14.949999809265137,14.962499618530273,14.862500190734863,14.875,45032628
2014-03-28,9.486580848693848,14.975000381469727,15.024999618530273,14.949999809265137,14.962499618530273,80659560
2014-03-31,9.518253326416016,15.024999618530273,15.037500381469727,14.975000381469727,15.012499809265137,68747604
2014-04-01,9.597440719604492,15.149999618530273,15.149999618530273,15.050000190734863,15.0625,115344888
2014-04-02,9.629114151000977,15.199999809265137,15.287500381469727,15.199999809265137,15.199999809265137,76419420
2014-04-03,9.605359077453613,15.162500381469727,15.237500190734863,15.162500381469727,15.199999809265137,50481320
2014-04-07,9.58160400390625,15.125,15.125,15.074999809265137,15.100000381469727,45521276
2014-04-08,9.629114151000977,15.199999809265137,15.225000381469727,15.112500190734863,15.112500190734863,56047548
2014-04-09,9.66079044342041,15.25,15.274999618530273,15.199999809265137,15.199999809265137,48268256
2014-04-10,9.692466735839844,15.300000190734863,15.324999809265137,15.225000381469727,15.3125,53947896
2014-04-11,9.684545516967773,15.287500381469727,15.287500381469727,15.199999809265137,15.199999809265137,60076540
2014-04-14,9.668709754943848,15.262499809265137,15.300000190734863,15.225000381469727,15.274999618530273,53588012
2014-04-15,9.716221809387207,15.337499618530273,15.362500190734863,15.300000190734863,15.300000190734863,55573664
2014-04-16,9.708301544189453,15.324999809265137,15.375,15.274999618530273,15.337499618530273,28198764
2014-04-17,9.684545516967773,15.287500381469727,15.350000381469727,15.274999618530273,15.324999809265137,14127132
2014-04-18,9.747895240783691,15.387499809265137,15.475000381469727,15.375,15.4375,28291008
2014-04-21,9.747895240783691,15.387499809265137,15.412500381469727,15.362500190734863,15.362500190734863,13622592
2014-04-22,9.779570579528809,15.4375,15.487500190734863,15.387499809265137,15.387499809265137,36551020
2014-04-23,9.76373291015625,15.412500381469727,15.512499809265137,15.375,15.462499618530273,21948456
2014-04-24,9.779570579528809,15.4375,15.449999809265137,15.399999618530273,15.425000190734863,18072820
2014-04-25,9.613277435302734,15.175000190734863,15.449999809265137,15.149999618530273,15.412500381469727,91612672
2014-04-28,9.700384140014648,15.3125,15.375,15.074999809265137,15.074999809265137,33931452
2014-04-29,9.716221809387207,15.337499618530273,15.375,15.274999618530273,15.3125,26075860
2014-04-30,9.66079044342041,15.25,15.362500190734863,15.199999809265137,15.350000381469727,22392560
2014-05-02,9.708301544189453,15.324999809265137,15.412500381469727,15.287500381469727,15.287500381469727,30587352
2014-05-05,9.692466735839844,15.300000190734863,15.399999618530273,15.25,15.387499809265137,27383572
2014-05-06,9.747895240783691,15.387499809265137,15.4375,15.274999618530273,15.375,41254052
2014-05-07,9.724139213562012,15.350000381469727,15.399999618530273,15.300000190734863,15.375,31511704
2014-05-08,9.79540729522705,15.462499618530273,15.462499618530273,15.350000381469727,15.399999618530273,15325912
2014-05-09,9.732057571411133,15.362500190734863,15.462499618530273,15.362500190734863,15.425000190734863,15729556
2014-05-12,9.684545516967773,15.287500381469727,15.375,15.274999618530273,15.375,15734644
2014-05-13,9.732057571411133,15.362500190734863,15.4375,15.337499618530273,15.399999618530273,22442856
2014-05-14,9.787487983703613,15.449999809265137,15.449999809265137,15.362500190734863,15.399999618530273,42958252
2014-05-15,9.779570579528809,15.4375,15.462499618530273,15.387499809265137,15.4375,35614296
2014-05-16,9.79540729522705,15.462499618530273,15.462499618530273,15.350000381469727,15.412500381469727,36554592
2014-05-19,9.79540729522705,15.462499618530273,15.5,15.449999809265137,15.462499618530273,28663524
2014-05-20,9.835000991821289,15.524999618530273,15.574999809265137,15.475000381469727,15.475000381469727,39787544
2014-05-21,9.787487983703613,15.449999809265137,15.550000190734863,15.4375,15.5,26096820
2014-05-22,9.922106742858887,15.662500381469727,15.662500381469727,15.487500190734863,15.5,58661756
2014-05-23,9.937946319580078,15.6875,15.725000381469727,15.662500381469727,15.712499618530273,53794872
2014-05-26,9.985455513000488,15.762499809265137,15.774999618530273,15.712499618530273,15.712499618530273,34575520
2014-05-27,9.99337387084961,15.774999618530273,15.800000190734863,15.737500190734863,15.762499809265137,32137008
2014-05-28,10.088399887084961,15.925000190734863,15.949999809265137,15.787500381469727,15.787500381469727,46588340
2014-05-29,10.040885925292969,15.850000381469727,15.925000190734863,15.850000381469727,15.925000190734863,38179360
2014-05-30,9.99337387084961,15.774999618530273,15.862500190734863,15.774999618530273,15.850000381469727,26862760
2014-06-03,10.001293182373047,15.787500381469727,15.862500190734863,15.699999809265137,15.787500381469727,20440552
2014-06-04,10.040885925292969,15.850000381469727,15.887499809265137,15.824999809265137,15.850000381469727,13560892
2014-06-05,10.040885925292969,15.850000381469727,15.850000381469727,15.774999618530273,15.824999809265137,6812636
2014-06-06,10.064642906188965,15.887499809265137,15.9375,15.850000381469727,15.912500381469727,13957396
2014-06-09,10.104235649108887,15.949999809265137,15.962499618530273,15.899999618530273,15.899999618530273,15579336
2014-06-10,10.167584419250488,16.049999237060547,16.075000762939453,15.962499618530273,15.962499618530273,27372536
2014-06-11,10.159667015075684,16.037500381469727,16.0625,16.012500762939453,16.049999237060547,20154180
2014-06-12,10.135910034179688,16.0,16.024999618530273,15.975000381469727,16.0,18032364
2014-06-13,10.112153053283691,15.962499618530273,15.975000381469727,15.925000190734863,15.975000381469727,13289272
2014-06-16,10.120074272155762,15.975000381469727,16.0,15.899999618530273,15.962499618530273,10421744
2014-06-17,10.191341400146484,16.087499618530273,16.112499237060547,15.962499618530273,15.975000381469727,15414832
2014-06-18,10.21509838104248,16.125,16.200000762939453,16.075000762939453,16.100000381469727,38138276
2014-06-19,10.28636646270752,16.237499237060547,16.262500762939453,16.137500762939453,16.162500381469727,39733108
2014-06-20,10.254690170288086,16.1875,16.274999618530273,16.174999237060547,16.237499237060547,14230668
2014-06-23,10.246770858764648,16.174999237060547,16.25,16.149999618530273,16.200000762939453,55001788
2014-06-24,10.262609481811523,16.200000762939453,16.262500762939453,16.174999237060547,16.212499618530273,31853352
2014-06-25,10.238853454589844,16.162500381469727,16.200000762939453,16.149999618530273,16.162500381469727,30064760
2014-06-26,10.349716186523438,16.337499618530273,16.350000381469727,16.1875,16.1875,36832072
2014-06-27,10.349716186523438,16.337499618530273,16.337499618530273,16.125,16.337499618530273,36900676
2014-06-30,10.444738388061523,16.487499237060547,16.5,16.299999237060547,16.325000762939453,30338020
2014-07-01,10.539763450622559,16.637500762939453,16.6875,16.462499618530273,16.487499237060547,38459168
2014-07-02,10.626870155334473,16.774999618530273,16.887500762939453,16.662500381469727,16.700000762939453,46562328
2014-07-03,10.721894264221191,16.924999237060547,16.950000762939453,16.725000381469727,16.774999618530273,32460236
2014-07-04,10.721894264221191,16.924999237060547,16.975000381469727,16.837499618530273,16.950000762939453,28324140
2014-07-07,10.7060546875,16.899999618530273,16.924999237060547,16.825000762939453,16.875,22060044
2014-07-08,10.729812622070312,16.9375,16.975000381469727,16.899999618530273,16.950000762939453,22024792
2014-07-09,10.745647430419922,16.962499618530273,16.962499618530273,16.875,16.912500381469727,12519380
2014-07-10,10.824835777282715,17.087499618530273,17.112499237060547,16.950000762939453,16.950000762939453,22510148
2014-07-11,10.816916465759277,17.075000762939453,17.174999237060547,17.037500381469727,17.087499618530273,31201832
2014-07-14,10.880267143249512,17.174999237060547,17.200000762939453,17.0625,17.0625,12310112
2014-07-15,10.919859886169434,17.237499237060547,17.262500762939453,17.1875,17.237499237060547,15824528
2014-07-16,10.824835777282715,17.087499618530273,17.25,17.024999618530273,17.237499237060547,20011892
2014-07-17,10.690218925476074,16.875,17.0,16.825000762939453,16.987499237060547,32051912
2014-07-18,10.690218925476074,16.875,16.899999618530273,16.75,16.762500762939453,25500700
2014-07-21,10.690218925476074,16.875,16.987499237060547,16.875,16.9375,21237792
2014-07-22,10.785243034362793,17.024999618530273,17.049999237060547,16.875,16.924999237060547,16624504
2014-07-23,10.785243034362793,17.024999618530273,17.024999618530273,17.024999618530273,17.024999618530273,0
2014-07-24,10.832757949829102,17.100000381469727,17.100000381469727,17.024999618530273,17.075000762939453,15397320
2014-07-25,10.71397590637207,16.912500381469727,17.100000381469727,16.862499237060547,17.100000381469727,22193732
2014-07-28,10.690218925476074,16.875,16.950000762939453,16.825000762939453,16.862499237060547,11059612
2014-07-29,10.682299613952637,16.862499237060547,16.987499237060547,16.799999237060547,16.9375,28816012
2014-07-30,10.745647430419922,16.962499618530273,16.987499237060547,16.862499237060547,16.862499237060547,11201848
2014-07-31,10.571440696716309,16.6875,16.962499618530273,16.649999618530273,16.962499618530273,44525940
2014-08-01,10.49224853515625,16.5625,16.575000762939453,16.475000381469727,16.487499237060547,51327168
2014-08-04,10.547682762145996,16.649999618530273,16.674999237060547,16.524999618530273,16.549999237060547,15017540
2014-08-05,10.333878517150879,16.3125,16.600000381469727,16.274999618530273,16.600000381469727,78325536
2014-08-06,10.405145645141602,16.424999237060547,16.4375,16.262500762939453,16.325000762939453,27441640
2014-08-07,10.405145645141602,16.424999237060547,16.475000381469727,16.350000381469727,16.4375,24022376
2014-08-08,10.405145645141602,16.424999237060547,16.424999237060547,16.262500762939453,16.362499237060547,57004784
2014-08-11,10.460578918457031,16.512500762939453,16.537500381469727,16.4375,16.5,32334988
2014-08-12,10.46849536895752,16.524999618530273,16.575000762939453,16.462499618530273,16.5,17441528
2014-08-13,10.571440696716309,16.6875,16.6875,16.512500762939453,16.537500381469727,20869076
2014-08-14,10.626870155334473,16.774999618530273,16.8125,16.737499237060547,16.75,23940532
2014-08-15,10.626870155334473,16.774999618530273,16.8125,16.6875,16.774999618530273,15558608
2014-08-18,10.595193862915039,16.725000381469727,16.774999618530273,16.649999618530273,16.774999618530273,9724624
2014-08-19,10.729812622070312,16.9375,16.9375,16.75,16.825000762939453,26919036
2014-08-20,10.76940631866455,17.0,17.012500762939453,16.924999237060547,16.924999237060547,33849004
2014-08-21,10.753569602966309,16.975000381469727,17.024999618530273,16.950000762939453,17.0,12209536
2014-08-22,10.888185501098633,17.1875,17.237499237060547,17.024999618530273,17.024999618530273,30161096
2014-08-25,10.872346878051758,17.162500381469727,17.225000381469727,17.149999618530273,17.1875,11821700
2014-08-26,10.864431381225586,17.149999618530273,17.200000762939453,17.137500762939453,17.149999618530273,6936016
2014-08-27,10.96737289428711,17.3125,17.350000381469727,17.237499237060547,17.237499237060547,30456244
2014-08-28,10.983210563659668,17.337499618530273,17.362499237060547,17.299999237060547,17.3125,15581340
2014-08-29,10.959451675415039,17.299999237060547,17.325000762939453,17.212499618530273,17.262500762939453,9728664
2014-09-01,11.054479598999023,17.450000762939453,17.487499237060547,17.3125,17.3125,21095900
2014-09-02,10.888185501098633,17.1875,17.424999237060547,17.149999618530273,17.424999237060547,70966280
2014-09-03,10.96737289428711,17.3125,17.362499237060547,17.212499618530273,17.225000381469727,27633444
2014-09-04,10.927779197692871,17.25,17.287500381469727,17.200000762939453,17.25,21553352
2014-09-05,10.927779197692871,17.25,17.325000762939453,17.162500381469727,17.325000762939453,29639580
2014-09-09,10.96737289428711,17.3125,17.375,17.3125,17.350000381469727,29642132
2014-09-10,10.872346878051758,17.162500381469727,17.237499237060547,17.012500762939453,17.237499237060547,71419504
2014-09-11,10.832757949829102,17.100000381469727,17.174999237060547,17.100000381469727,17.174999237060547,34709888
2014-09-12,10.729812622070312,16.9375,17.100000381469727,16.899999618530273,17.100000381469727,78039360
2014-09-15,10.729812622070312,16.9375,16.9375,16.787500381469727,16.787500381469727,52502792
2014-09-16,10.642706871032715,16.799999237060547,16.912500381469727,16.787500381469727,16.912500381469727,72121148
2014-09-17,10.721894264221191,16.924999237060547,17.049999237060547,16.862499237060547,16.875,66063636
2014-09-18,10.745647430419922,16.962499618530273,17.012500762939453,16.899999618530273,16.924999237060547,64927364
2014-09-19,10.76940631866455,17.0,17.0625,16.962499618530273,17.049999237060547,48468104
2014-09-22,10.60311222076416,16.737499237060547,16.837499618530273,16.637500762939453,16.837499618530273,108231200
2014-09-23,10.57935619354248,16.700000762939453,16.75,16.662500381469727,16.725000381469727,59215200
2014-09-24,10.539763450622559,16.637500762939453,16.700000762939453,16.575000762939453,16.637500762939453,100792480
2014-09-25,10.444738388061523,16.487499237060547,16.712499618530273,16.424999237060547,16.674999237060547,92224128
2014-09-26,10.38930892944336,16.399999618530273,16.462499618530273,16.3125,16.375,92688036
2014-09-29,10.357634544372559,16.350000381469727,16.424999237060547,16.299999237060547,16.412500381469727,68717704
2014-09-30,10.34179973602295,16.325000762939453,16.412500381469727,16.162500381469727,16.325000762939453,82815552
2014-10-01,10.3734712600708,16.375,16.412500381469727,16.212499618530273,16.262500762939453,70031836
2014-10-02,10.3734712600708,16.375,16.4375,16.225000381469727,16.25,45949580
2014-10-03,10.563519477844238,16.674999237060547,16.674999237060547,16.399999618530273,16.450000762939453,64955664
2014-10-06,10.555601119995117,16.662500381469727,16.674999237060547,16.537500381469727,16.662500381469727,26631048
2014-10-07,10.46849536895752,16.524999618530273,16.5625,16.424999237060547,16.5625,45256740
2014-10-08,10.405145645141602,16.424999237060547,16.512500762939453,16.424999237060547,16.450000762939453,32425012
2014-10-09,10.452657699584961,16.5,16.612499237060547,16.424999237060547,16.524999618530273,60014640
2014-10-13,10.135910034179688,16.0,16.137500762939453,15.949999809265137,16.037500381469727,78682744
2014-10-14,10.223017692565918,16.137500762939453,16.149999618530273,16.0,16.0,51656992
2014-10-15,10.151747703552246,16.024999618530273,16.200000762939453,15.987500190734863,16.112499237060547,57649820
2014-10-16,10.135910034179688,16.0,16.087499618530273,15.8125,15.912500381469727,98880708
2014-10-17,10.032966613769531,15.837499618530273,16.100000381469727,15.837499618530273,16.0625,62958904
2014-10-20,10.230935096740723,16.149999618530273,16.149999618530273,15.975000381469727,16.0625,43534152
2014-10-21,10.183423042297363,16.075000762939453,16.137500762939453,16.049999237060547,16.100000381469727,28948044
2014-10-22,10.34179973602295,16.325000762939453,16.362499237060547,16.25,16.274999618530273,37369648
2014-10-23,10.302202224731445,16.262500762939453,16.325000762939453,16.25,16.325000762939453,28353020
2014-10-24,11.037449836730957,15.762499809265137,15.962499618530273,15.699999809265137,15.962499618530273,90013828
2014-10-27,11.07246208190918,15.8125,15.862500190734863,15.75,15.850000381469727,32312876
2014-10-28,11.265027046203613,16.087499618530273,16.087499618530273,16.0,16.0,44714252
2014-10-29,11.378815650939941,16.25,16.25,16.125,16.149999618530273,37614600
2014-10-30,11.343803405761719,16.200000762939453,16.237499237060547,16.137500762939453,16.212499618530273,36335032
2014-10-31,11.4313325881958,16.325000762939453,16.325000762939453,16.174999237060547,16.25,66436524
2014-11-03,11.483850479125977,16.399999618530273,16.475000381469727,16.325000762939453,16.325000762939453,42429088
2014-11-04,11.492602348327637,16.412500381469727,16.512500762939453,16.387500762939453,16.4375,44120760
2014-11-05,11.46634292602539,16.375,16.462499618530273,16.337499618530273,16.450000762939453,42159592
2014-11-06,11.396319389343262,16.274999618530273,16.424999237060547,16.237499237060547,16.387500762939453,84561328
2014-11-07,11.413825988769531,16.299999237060547,16.3125,16.174999237060547,16.25,42609524
2014-11-10,11.580131530761719,16.537500381469727,16.575000762939453,16.3125,16.350000381469727,65499040
2014-11-11,11.54511833190918,16.487499237060547,16.587499618530273,16.487499237060547,16.5625,60368036
2014-11-12,11.378815650939941,16.25,16.462499618530273,16.225000381469727,16.4375,75202640
2014-11-13,11.492602348327637,16.412500381469727,16.412500381469727,16.25,16.25,43378952
2014-11-14,11.501357078552246,16.424999237060547,16.450000762939453,16.325000762939453,16.325000762939453,44239136
2014-11-17,11.396319389343262,16.274999618530273,16.524999618530273,16.200000762939453,16.512500762939453,69847752
2014-11-18,11.361310005187988,16.225000381469727,16.399999618530273,16.200000762939453,16.325000762939453,39762432
2014-11-19,11.527615547180176,16.462499618530273,16.524999618530273,16.287500381469727,16.287500381469727,73940996
2014-11-20,11.658907890319824,16.649999618530273,16.674999237060547,16.512500762939453,16.512500762939453,83051088
2014-11-21,11.667659759521484,16.662500381469727,16.700000762939453,16.612499237060547,16.649999618530273,47790932
2014-11-24,11.693920135498047,16.700000762939453,16.799999237060547,16.6875,16.725000381469727,52791784
2014-11-25,11.702672958374023,16.712499618530273,16.762500762939453,16.612499237060547,16.662500381469727,52769520
2014-11-26,11.702672958374023,16.712499618530273,16.725000381469727,16.662500381469727,16.6875,35637820
2014-11-27,11.816459655761719,16.875,16.962499618530273,16.787500381469727,16.787500381469727,66114548
2014-11-28,11.816459655761719,16.875,16.924999237060547,16.837499618530273,16.887500762939453,37528188
2014-12-01,11.693920135498047,16.700000762939453,16.862499237060547,16.537500381469727,16.575000762939453,85131784
2014-12-02,11.518861770629883,16.450000762939453,16.625,16.412500381469727,16.587499618530273,78958344
2014-12-03,11.702672958374023,16.712499618530273,16.75,16.424999237060547,16.450000762939453,47463516
2014-12-04,11.74643611907959,16.774999618530273,16.862499237060547,16.774999618530273,16.8125,45464460
2014-12-05,11.702672958374023,16.712499618530273,16.774999618530273,16.6875,16.774999618530273,17272076
2014-12-08,11.615141868591309,16.587499618530273,16.762500762939453,16.587499618530273,16.762500762939453,30532132
2014-12-09,11.588886260986328,16.549999237060547,16.575000762939453,16.5,16.5625,18483124
2014-12-10,11.4313325881958,16.325000762939453,16.537500381469727,16.287500381469727,16.487499237060547,51407196
2014-12-11,11.422575950622559,16.3125,16.337499618530273,16.174999237060547,16.262500762939453,27680612
2014-12-12,11.4313325881958,16.325000762939453,16.375,16.287500381469727,16.3125,17910008
2014-12-15,11.396319389343262,16.274999618530273,16.274999618530273,16.125,16.1875,42249924
2014-12-16,11.300037384033203,16.137500762939453,16.25,16.137500762939453,16.200000762939453,50844120
2014-12-17,11.124978065490723,15.887499809265137,16.137500762939453,15.850000381469727,16.137500762939453,78301628
2014-12-18,11.151238441467285,15.925000190734863,16.024999618530273,15.912500381469727,15.987500190734863,34374168
2014-12-19,11.413825988769531,16.299999237060547,16.325000762939453,16.149999618530273,16.174999237060547,68770432
2014-12-22,11.553872108459473,16.5,16.5,16.325000762939453,16.337499618530273,29775832
2014-12-23,11.518861770629883,16.450000762939453,16.575000762939453,16.4375,16.537500381469727,20968028
2014-12-24,11.606390953063965,16.575000762939453,16.600000381469727,16.462499618530273,16.475000381469727,27829716
2014-12-25,11.606390953063965,16.575000762939453,16.600000381469727,16.537500381469727,16.587499618530273,17671056
2014-12-26,11.632648468017578,16.612499237060547,16.625,16.549999237060547,16.587499618530273,85253588
2014-12-29,11.763941764831543,16.799999237060547,16.825000762939453,16.637500762939453,16.649999618530273,44405508
2014-12-30,11.702672958374023,16.712499618530273,16.862499237060547,16.712499618530273,16.787500381469727,34335628
2014-12-31,11.702672958374023,16.712499618530273,16.75,16.649999618530273,16.700000762939453,29675536
2015-01-05,11.650153160095215,16.637500762939453,16.6875,16.5,16.600000381469727,25182448
2015-01-06,11.361310005187988,16.225000381469727,16.4375,16.1875,16.4375,78007304
2015-01-07,11.378815650939941,16.25,16.3125,16.174999237060547,16.174999237060547,27966168
2015-01-08,11.641400337219238,16.625,16.649999618530273,16.375,16.375,52614100
2015-01-09,11.580131530761719,16.537500381469727,16.737499237060547,16.512500762939453,16.725000381469727,23567924
2015-01-12,11.51010799407959,16.4375,16.537500381469727,16.412500381469727,16.450000762939453,36241316
2015-01-13,11.54511833190918,16.487499237060547,16.600000381469727,16.350000381469727,16.399999618530273,24606508
2015-01-14,11.483850479125977,16.399999618530273,16.512500762939453,16.350000381469727,16.5,28820956
2015-01-15,11.518861770629883,16.450000762939453,16.487499237060547,16.337499618530273,16.412500381469727,14102160
2015-01-16,11.46634292602539,16.375,16.600000381469727,16.337499618530273,16.5625,37270636
2015-01-19,11.597637176513672,16.5625,16.6875,16.512500762939453,16.575000762939453,70365356
2015-01-20,11.685165405273438,16.6875,16.725000381469727,16.587499618530273,16.625,40390900
2015-01-21,11.772696495056152,16.8125,16.825000762939453,16.75,16.799999237060547,70224444
2015-01-22,11.833965301513672,16.899999618530273,16.975000381469727,16.862499237060547,16.875,64500140
2015-01-23,12.026529312133789,17.174999237060547,17.174999237060547,17.0625,17.0625,143438740
2015-01-26,12.026529312133789,17.174999237060547,17.212499618530273,17.112499237060547,17.137500762939453,81841336
2015-01-27,12.105307579040527,17.287500381469727,17.3125,17.200000762939453,17.25,144869392
2015-01-28,12.105307579040527,17.287500381469727,17.299999237060547,17.200000762939453,17.200000762939453,143974480
2015-01-29,11.95650863647461,17.075000762939453,17.262500762939453,17.037500381469727,17.262500762939453,79161816
2015-01-30,11.903990745544434,17.0,17.149999618530273,17.0,17.149999618530273,17057896
2015-02-02,11.93025016784668,17.037500381469727,17.087499618530273,16.975000381469727,17.049999237060547,23243836
2015-02-03,12.017778396606445,17.162500381469727,17.212499618530273,17.024999618530273,17.087499618530273,66582092
2015-02-04,12.149072647094727,17.350000381469727,17.375,17.262500762939453,17.299999237060547,81430672
2015-02-05,12.09655475616455,17.274999618530273,17.3125,17.200000762939453,17.262500762939453,19134272
2015-02-06,12.035284042358398,17.1875,17.299999237060547,17.162500381469727,17.274999618530273,16431592
2015-02-09,11.991518020629883,17.125,17.1875,17.0625,17.1875,14049076
2015-02-10,11.947757720947266,17.0625,17.125,17.049999237060547,17.112499237060547,32092364
2015-02-11,12.079048156738281,17.25,17.3125,17.174999237060547,17.174999237060547,28797600
2015-02-12,12.079048156738281,17.25,17.299999237060547,17.200000762939453,17.25,37241548
2015-02-13,12.15782356262207,17.362499237060547,17.412500381469727,17.337499618530273,17.337499618530273,30399688
2015-02-24,12.29787540435791,17.5625,17.612499237060547,17.487499237060547,17.487499237060547,58198800
2015-02-25,12.39415168762207,17.700000762939453,17.725000381469727,17.637500762939453,17.674999237060547,93015684
2015-02-26,12.306625366210938,17.575000762939453,17.662500381469727,17.512500762939453,17.637500762939453,34754532
2015-03-02,12.254107475280762,17.5,17.637500762939453,17.4375,17.575000762939453,26357504
2015-03-03,12.236601829528809,17.475000381469727,17.524999618530273,17.375,17.512500762939453,20271732
2015-03-04,12.245354652404785,17.487499237060547,17.512500762939453,17.375,17.387500762939453,25658840
2015-03-05,12.201589584350586,17.424999237060547,17.5,17.337499618530273,17.487499237060547,15047544
2015-03-06,12.219097137451172,17.450000762939453,17.475000381469727,17.325000762939453,17.387500762939453,12269192
2015-03-09,12.09655475616455,17.274999618530273,17.375,17.225000381469727,17.362499237060547,29859988
2015-03-10,12.070293426513672,17.237499237060547,17.262500762939453,17.149999618530273,17.25,27833500
2015-03-11,12.087801933288574,17.262500762939453,17.287500381469727,17.075000762939453,17.087499618530273,40156992
2015-03-12,12.192838668823242,17.412500381469727,17.412500381469727,17.200000762939453,17.212499618530273,22841224
2015-03-13,12.15782356262207,17.362499237060547,17.4375,17.362499237060547,17.412500381469727,18110704
2015-03-16,12.061542510986328,17.225000381469727,17.337499618530273,17.212499618530273,17.337499618530273,24319908
2015-03-17,12.105307579040527,17.287500381469727,17.4375,17.25,17.299999237060547,28385376
2015-03-18,12.236601829528809,17.475000381469727,17.537500381469727,17.299999237060547,17.299999237060547,74484372
2015-03-19,12.367895126342773,17.662500381469727,17.725000381469727,17.5625,17.625,49954352
2015-03-20,12.350390434265137,17.637500762939453,17.662500381469727,17.600000381469727,17.662500381469727,17996276
2015-03-23,12.385400772094727,17.6875,17.725000381469727,17.612499237060547,17.637500762939453,30400712
2015-03-24,12.341636657714844,17.625,17.712499618530273,17.587499618530273,17.637500762939453,18018840
2015-03-25,12.29787540435791,17.5625,17.649999618530273,17.524999618530273,17.625,17835032
2015-03-26,12.149072647094727,17.350000381469727,17.424999237060547,17.287500381469727,17.350000381469727,38032500
2015-03-27,12.035284042358398,17.1875,17.350000381469727,17.162500381469727,17.350000381469727,40057776
2015-03-30,12.044037818908691,17.200000762939453,17.225000381469727,17.137500762939453,17.1875,41414268
2015-03-31,12.087801933288574,17.262500762939453,17.3125,17.200000762939453,17.25,30572136
2015-04-01,12.017778396606445,17.162500381469727,17.212499618530273,17.125,17.174999237060547,32936868
2015-04-02,12.16657829284668,17.375,17.4375,17.225000381469727,17.225000381469727,31203732
2015-04-07,12.184083938598633,17.399999618530273,17.424999237060547,17.337499618530273,17.387500762939453,13791888
2015-04-08,12.079048156738281,17.25,17.399999618530273,17.212499618530273,17.399999618530273,20279520
2015-04-09,12.09655475616455,17.274999618530273,17.462499618530273,17.237499237060547,17.25,24822068
2015-04-10,12.192838668823242,17.412500381469727,17.450000762939453,17.362499237060547,17.424999237060547,18401804
2015-04-13,12.227848052978516,17.462499618530273,17.487499237060547,17.412500381469727,17.475000381469727,16799036
2015-04-14,12.16657829284668,17.375,17.462499618530273,17.375,17.462499618530273,18250424
2015-04-15,12.017778396606445,17.162500381469727,17.375,17.100000381469727,17.3125,69067668
2015-04-16,12.201589584350586,17.424999237060547,17.424999237060547,17.225000381469727,17.237499237060547,63097896
2015-04-17,12.087801933288574,17.262500762939453,17.387500762939453,17.225000381469727,17.387500762939453,36948764
2015-04-20,12.070293426513672,17.237499237060547,17.287500381469727,17.137500762939453,17.174999237060547,38286004
2015-04-21,12.070293426513672,17.237499237060547,17.325000762939453,17.212499618530273,17.262500762939453,11457452
2015-04-22,12.192838668823242,17.412500381469727,17.450000762939453,17.3125,17.325000762939453,45247916
2015-04-23,12.516693115234375,17.875,17.875,17.537500381469727,17.549999237060547,97336372
2015-04-24,12.639237403869629,18.049999237060547,18.212499618530273,17.924999237060547,17.924999237060547,106108680
2015-04-27,12.735516548156738,18.1875,18.325000762939453,18.149999618530273,18.25,53126644
2015-04-28,12.709259986877441,18.149999618530273,18.274999618530273,18.087499618530273,18.212499618530273,65861048
2015-04-29,12.5692138671875,17.950000762939453,18.174999237060547,17.899999618530273,18.125,40298736
2015-04-30,12.507941246032715,17.862499237060547,17.950000762939453,17.787500381469727,17.899999618530273,27122128
2015-05-04,12.534202575683594,17.899999618530273,17.912500381469727,17.712499618530273,17.862499237060547,21525504
2015-05-05,12.4641752243042,17.799999237060547,17.850000381469727,17.725000381469727,17.850000381469727,27204200
2015-05-06,12.481683731079102,17.825000762939453,17.850000381469727,17.625,17.700000762939453,26413952
2015-05-07,12.3328857421875,17.612499237060547,17.700000762939453,17.537500381469727,17.700000762939453,40816896
2015-05-08,12.341636657714844,17.625,17.662500381469727,17.612499237060547,17.612499237060547,22589184
2015-05-11,12.402908325195312,17.712499618530273,17.799999237060547,17.575000762939453,17.75,44889028
2015-05-12,12.376646995544434,17.674999237060547,17.712499618530273,17.637500762939453,17.649999618530273,36256088
2015-05-13,12.446670532226562,17.774999618530273,17.799999237060547,17.674999237060547,17.674999237060547,27496332
2015-05-14,12.271615028381348,17.524999618530273,17.737499237060547,17.5,17.712499618530273,66081056
2015-05-15,12.254107475280762,17.5,17.587499618530273,17.424999237060547,17.575000762939453,46571468
2015-05-18,12.29787540435791,17.5625,17.575000762939453,17.5,17.512500762939453,12993168
2015-05-19,12.481683731079102,17.825000762939453,17.862499237060547,17.600000381469727,17.600000381469727,33833088
2015-05-20,12.39415168762207,17.700000762939453,17.8125,17.700000762939453,17.8125,30122424
2015-05-21,12.280366897583008,17.537500381469727,17.549999237060547,17.4375,17.537500381469727,46271728
2015-05-22,12.376646995544434,17.674999237060547,17.737499237060547,17.549999237060547,17.549999237060547,24611032
2015-05-25,12.376646995544434,17.674999237060547,17.737499237060547,17.575000762939453,17.612499237060547,9564232
2015-05-26,12.429166793823242,17.75,17.899999618530273,17.700000762939453,17.799999237060547,30085248
2015-05-27,12.455428123474121,17.787500381469727,17.825000762939453,17.674999237060547,17.712499618530273,23249432
2015-05-28,12.516693115234375,17.875,17.975000381469727,17.8125,17.9375,23160576
2015-05-29,12.446670532226562,17.774999618530273,17.924999237060547,17.762500762939453,17.924999237060547,19600592
2015-06-01,12.341636657714844,17.625,17.787500381469727,17.5625,17.774999618530273,31400892
2015-06-02,12.32413101196289,17.600000381469727,17.625,17.5,17.612499237060547,19469648
2015-06-03,12.245354652404785,17.487499237060547,17.600000381469727,17.475000381469727,17.575000762939453,26233216
2015-06-04,12.009024620056152,17.149999618530273,17.475000381469727,17.087499618530273,17.450000762939453,112729268
2015-06-05,11.982766151428223,17.112499237060547,17.149999618530273,17.049999237060547,17.125,60425224
2015-06-08,12.061542510986328,17.225000381469727,17.262500762939453,17.0,17.075000762939453,36376508
2015-06-09,11.96526050567627,17.087499618530273,17.149999618530273,17.0,17.125,73719804
2015-06-10,12.017778396606445,17.162500381469727,17.225000381469727,17.112499237060547,17.137500762939453,34667604
2015-06-11,12.052790641784668,17.212499618530273,17.225000381469727,17.100000381469727,17.200000762939453,29410284
2015-06-12,12.044037818908691,17.200000762939453,17.25,17.112499237060547,17.225000381469727,12703196
2015-06-15,12.017778396606445,17.162500381469727,17.25,17.125,17.200000762939453,15046464
2015-06-16,11.93900203704834,17.049999237060547,17.162500381469727,17.012500762939453,17.162500381469727,34726808
2015-06-17,11.991518020629883,17.125,17.1875,17.049999237060547,17.049999237060547,22258320
2015-06-18,11.974014282226562,17.100000381469727,17.137500762939453,17.049999237060547,17.112499237060547,42753080
2015-06-22,12.14031982421875,17.337499618530273,17.350000381469727,17.1875,17.1875,45240660
2015-06-23,12.175332069396973,17.387500762939453,17.462499618530273,17.337499618530273,17.387500762939453,21245052
2015-06-24,12.192838668823242,17.412500381469727,17.424999237060547,17.350000381469727,17.399999618530273,24508192
2015-06-25,12.3328857421875,17.612499237060547,17.662500381469727,17.5,17.5,55261700
2015-06-26,12.3328857421875,17.612499237060547,17.612499237060547,17.537500381469727,17.612499237060547,19706932
2015-06-29,12.044037818908691,17.200000762939453,17.399999618530273,17.1875,17.337499618530273,46304644
2015-06-30,12.149072647094727,17.350000381469727,17.350000381469727,17.200000762939453,17.200000762939453,16373960
2015-07-01,12.262863159179688,17.512500762939453,17.575000762939453,17.3125,17.350000381469727,24252684
2015-07-02,12.271615028381348,17.524999618530273,17.5625,17.462499618530273,17.549999237060547,17362688
2015-07-03,12.271615028381348,17.524999618530273,17.549999237060547,17.3125,17.5,31049856
2015-07-06,12.131567001342773,17.325000762939453,17.512500762939453,17.299999237060547,17.387500762939453,30338536
2015-07-07,12.184083938598633,17.399999618530273,17.524999618530273,17.362499237060547,17.412500381469727,18827676
2015-07-08,11.816459655761719,16.875,17.299999237060547,16.862499237060547,17.299999237060547,151599060
2015-07-09,11.74643611907959,16.774999618530273,16.837499618530273,16.524999618530273,16.700000762939453,132332512
2015-07-10,11.74643611907959,16.774999618530273,16.774999618530273,16.774999618530273,16.774999618530273,0
2015-07-13,11.92149829864502,17.024999618530273,17.024999618530273,16.799999237060547,17.0,63226916
2015-07-14,11.92149829864502,17.024999618530273,17.174999237060547,17.012500762939453,17.075000762939453,38474128
2015-07-15,11.947757720947266,17.0625,17.162500381469727,17.0,17.075000762939453,35462816
2015-07-16,12.009024620056152,17.149999618530273,17.237499237060547,17.049999237060547,17.149999618530273,27758332
2015-07-17,11.991518020629883,17.125,17.162500381469727,17.075000762939453,17.087499618530273,13728556
2015-07-20,11.903990745544434,17.0,17.299999237060547,16.950000762939453,17.25,31328176
2015-07-21,12.017778396606445,17.162500381469727,17.162500381469727,17.0,17.087499618530273,13454792
2015-07-22,11.868979454040527,16.950000762939453,17.075000762939453,16.924999237060547,17.049999237060547,56559756
2015-07-23,11.7551908493042,16.787500381469727,16.962499618530273,16.712499618530273,16.875,83924324
2015-07-24,11.685165405273438,16.6875,16.8125,16.625,16.762500762939453,79688192
2015-07-27,11.518861770629883,16.450000762939453,16.637500762939453,16.387500762939453,16.600000381469727,113785248
2015-07-28,11.527615547180176,16.462499618530273,16.575000762939453,16.375,16.4375,70075120
2015-07-29,11.448836326599121,16.350000381469727,16.475000381469727,16.274999618530273,16.475000381469727,73970396
2015-07-30,11.641400337219238,16.625,16.637500762939453,16.387500762939453,16.399999618530273,29895572
2015-07-31,11.580131530761719,16.537500381469727,16.637500762939453,16.450000762939453,16.625,44678108
2015-08-03,11.422575950622559,16.3125,16.475000381469727,16.225000381469727,16.475000381469727,63033688
2015-08-04,11.4313325881958,16.325000762939453,16.5,16.25,16.375,49241700
2015-08-05,11.501357078552246,16.424999237060547,16.5,16.325000762939453,16.387500762939453,39500416
2015-08-06,11.378815650939941,16.25,16.512500762939453,16.137500762939453,16.5,94483752
2015-08-07,11.3262939453125,16.174999237060547,16.25,16.049999237060547,16.125,27594688
2015-08-10,11.300037384033203,16.137500762939453,16.1875,16.0,16.149999618530273,40330104
2015-08-11,11.300037384033203,16.137500762939453,16.450000762939453,16.100000381469727,16.325000762939453,69645700
2015-08-12,11.107475280761719,15.862500190734863,16.112499237060547,15.75,16.0625,96875892
2015-08-13,11.124978065490723,15.887499809265137,15.975000381469727,15.837499618530273,15.862500190734863,64588420
2015-08-14,11.08121395111084,15.824999809265137,15.9375,15.787500381469727,15.862500190734863,33620136
2015-08-17,11.011191368103027,15.725000381469727,15.824999809265137,15.675000190734863,15.824999809265137,55411544
2015-08-18,10.949918746948242,15.637499809265137,15.824999809265137,15.612500190734863,15.75,39366724
2015-08-19,10.783614158630371,15.399999618530273,15.625,15.324999809265137,15.600000381469727,70382588
2015-08-20,10.748602867126465,15.350000381469727,15.462499618530273,15.237500190734863,15.3125,77317364
2015-08-21,10.468509674072266,14.949999809265137,15.1875,14.949999809265137,15.149999618530273,112305968
2015-08-24,10.065875053405762,14.375,14.774999618530273,13.850000381469727,14.774999618530273,245269636
2015-08-25,10.503521919250488,15.0,15.0,14.375,14.375,173951984
2015-08-26,10.56479263305664,15.087499618530273,15.125,14.662500381469727,14.824999809265137,68495612
2015-08-27,10.529779434204102,15.037500381469727,15.162500381469727,15.0,15.149999618530273,73305896
2015-08-28,10.818628311157227,15.449999809265137,15.475000381469727,15.25,15.25,74739296
2015-08-31,10.906155586242676,15.574999809265137,15.587499618530273,15.300000190734863,15.324999809265137,75831660
2015-09-01,10.809873580932617,15.4375,15.649999618530273,15.375,15.475000381469727,49362608
2015-09-02,10.87114143371582,15.524999618530273,15.574999809265137,15.237500190734863,15.274999618530273,72681908
2015-09-03,10.879898071289062,15.537500381469727,15.600000381469727,15.399999618530273,15.587499618530273,30175576
2015-09-04,10.739849090576172,15.337499618530273,15.637499809265137,15.337499618530273,15.537500381469727,63235844
2015-09-07,10.722346305847168,15.3125,15.574999809265137,15.274999618530273,15.324999809265137,40622104
2015-09-08,10.757357597351074,15.362500190734863,15.412500381469727,15.274999618530273,15.375,38568992
2015-09-09,11.23001480102539,16.037500381469727,16.037500381469727,15.662500381469727,15.662500381469727,96009052
2015-09-10,11.107475280761719,15.862500190734863,15.949999809265137,15.787500381469727,15.949999809265137,40739132
2015-09-11,11.116227149963379,15.875,15.925000190734863,15.762499809265137,15.824999809265137,31845168
2015-09-14,11.142484664916992,15.912500381469727,16.0,15.8125,15.975000381469727,17558684
2015-09-15,11.054954528808594,15.787500381469727,15.962499618530273,15.762499809265137,15.9375,23071448
2015-09-16,11.186250686645508,15.975000381469727,16.0,15.850000381469727,15.912500381469727,29691268
2015-09-17,11.378815650939941,16.25,16.287500381469727,16.125,16.125,51639404
2015-09-18,11.352553367614746,16.212499618530273,16.25,16.137500762939453,16.25,14028932
2015-09-21,11.107475280761719,15.862500190734863,16.024999618530273,15.800000190734863,16.012500762939453,39950376
2015-09-22,11.168744087219238,15.949999809265137,15.987500190734863,15.887499809265137,15.887499809265137,17323500
2015-09-23,10.914909362792969,15.587499618530273,15.800000190734863,15.550000190734863,15.800000190734863,40182412
2015-09-24,10.8536376953125,15.5,15.712499618530273,15.475000381469727,15.637499809265137,29459824
2015-09-25,10.897403717041016,15.5625,15.587499618530273,15.399999618530273,15.537500381469727,23928716
2015-09-29,10.897403717041016,15.5625,15.5625,15.5625,15.5625,0
2015-09-30,10.923663139343262,15.600000381469727,15.649999618530273,15.362500190734863,15.362500190734863,34296492
2015-10-01,11.1337308883667,15.899999618530273,15.925000190734863,15.550000190734863,15.649999618530273,47947396
2015-10-02,11.07246208190918,15.8125,15.899999618530273,15.774999618530273,15.837499618530273,30287628
2015-10-05,11.09872055053711,15.850000381469727,16.0,15.8125,15.949999809265137,21532752
2015-10-06,11.186250686645508,15.975000381469727,16.174999237060547,15.962499618530273,16.037500381469727,33202088
2015-10-07,11.352553367614746,16.212499618530273,16.212499618530273,15.975000381469727,15.975000381469727,34548176
2015-10-08,11.3262939453125,16.174999237060547,16.325000762939453,16.149999618530273,16.274999618530273,49441508
2015-10-12,11.475095748901367,16.387500762939453,16.475000381469727,16.262500762939453,16.262500762939453,69862572
2015-10-13,11.4313325881958,16.325000762939453,16.412500381469727,16.287500381469727,16.399999618530273,29959156
2015-10-14,11.387566566467285,16.262500762939453,16.325000762939453,16.237499237060547,16.325000762939453,28543832
2015-10-15,11.553872108459473,16.5,16.587499618530273,16.412500381469727,16.412500381469727,57431960
2015-10-16,11.51010799407959,16.4375,16.5,16.399999618530273,16.487499237060547,32757704
2015-10-19,11.54511833190918,16.487499237060547,16.549999237060547,16.424999237060547,16.5,29644636
2015-10-20,11.54511833190918,16.487499237060547,16.524999618530273,16.450000762939453,16.5,18107092
2015-10-21,11.46634292602539,16.375,16.537500381469727,16.350000381469727,16.524999618530273,45993828
2015-10-22,11.46634292602539,16.375,16.399999618530273,16.3125,16.325000762939453,32264944
2015-10-23,11.53636646270752,16.475000381469727,16.625,16.462499618530273,16.549999237060547,82751032
2015-10-26,11.653717994689941,16.137500762939453,16.212499618530273,16.112499237060547,16.125,48328160
2015-10-27,11.590526580810547,16.049999237060547,16.137500762939453,15.987500190734863,16.125,22892952
2015-10-28,11.509285926818848,15.9375,16.0625,15.899999618530273,16.049999237060547,20302760
2015-10-29,11.428043365478516,15.824999809265137,16.075000762939453,15.774999618530273,16.024999618530273,33655348
2015-10-30,11.409991264343262,15.800000190734863,15.862500190734863,15.699999809265137,15.824999809265137,23967300
2015-11-02,11.428043365478516,15.824999809265137,15.850000381469727,15.649999618530273,15.774999618530273,19325108
2015-11-03,11.608582496643066,16.075000762939453,16.100000381469727,15.949999809265137,15.949999809265137,37172988
2015-11-04,11.834256172180176,16.387500762939453,16.399999618530273,16.174999237060547,16.1875,66205444
2015-11-05,11.807174682617188,16.350000381469727,16.412500381469727,16.3125,16.412500381469727,23609368
2015-11-06,11.57247543334961,16.024999618530273,16.350000381469727,15.912500381469727,16.350000381469727,47662236
2015-11-09,11.491230964660645,15.912500381469727,16.087499618530273,15.899999618530273,16.0,22131276
2015-11-10,11.355830192565918,15.725000381469727,15.850000381469727,15.712499618530273,15.824999809265137,35388764
2015-11-11,11.220426559448242,15.537500381469727,15.75,15.487500190734863,15.725000381469727,65172616
2015-11-12,11.238480567932129,15.5625,15.600000381469727,15.462499618530273,15.550000190734863,56855872
2015-11-13,11.121129035949707,15.399999618530273,15.612500190734863,15.387499809265137,15.449999809265137,81538236
2015-11-16,11.039886474609375,15.287500381469727,15.324999809265137,15.149999618530273,15.300000190734863,53719004
2015-11-17,11.2565336227417,15.587499618530273,15.649999618530273,15.5,15.5,34913792
2015-11-18,11.08502197265625,15.350000381469727,15.587499618530273,15.300000190734863,15.587499618530273,59925748
2015-11-19,11.247507095336914,15.574999809265137,15.574999809265137,15.387499809265137,15.487500190734863,40525304
2015-11-20,11.247507095336914,15.574999809265137,15.625,15.512499809265137,15.587499618530273,21686748
2015-11-23,11.30167007446289,15.649999618530273,15.6875,15.537500381469727,15.649999618530273,13851312
2015-11-24,11.184316635131836,15.487500190734863,15.662500381469727,15.462499618530273,15.625,26393992
2015-11-25,11.184316635131836,15.487500190734863,15.524999618530273,15.375,15.462499618530273,23856544
2015-11-26,11.337775230407715,15.699999809265137,15.737500190734863,15.574999809265137,15.574999809265137,34569348
2015-11-27,11.184316635131836,15.487500190734863,15.725000381469727,15.449999809265137,15.725000381469727,25162904
2015-11-30,11.04891586303711,15.300000190734863,15.300000190734863,15.112500190734863,15.225000381469727,93074088
2015-12-01,11.2655611038208,15.600000381469727,15.612500190734863,15.362500190734863,15.425000190734863,33639916
2015-12-02,11.247507095336914,15.574999809265137,15.6875,15.537500381469727,15.612500190734863,25444828
2015-12-03,11.2655611038208,15.600000381469727,15.637499809265137,15.425000190734863,15.475000381469727,24260312
2015-12-04,11.148213386535645,15.4375,15.487500190734863,15.350000381469727,15.487500190734863,60194600
2015-12-07,11.283614158630371,15.625,15.75,15.550000190734863,15.550000190734863,59257732
2015-12-08,11.103076934814453,15.375,15.574999809265137,15.300000190734863,15.5625,36803436
2015-12-09,10.967673301696777,15.1875,15.337499618530273,15.175000190734863,15.300000190734863,64357768
2015-12-10,10.931563377380371,15.137499809265137,15.1875,14.9375,15.100000381469727,66464068
2015-12-11,10.805190086364746,14.962499618530273,15.175000190734863,14.949999809265137,15.137499809265137,55343128
2015-12-14,10.723947525024414,14.850000381469727,14.912500381469727,14.75,14.8125,38114844
2015-12-15,10.7329740524292,14.862500190734863,15.012499809265137,14.837499618530273,14.925000190734863,27187368
2015-12-16,10.895456314086914,15.087499618530273,15.100000381469727,14.925000190734863,15.0,26121188
2015-12-17,11.021833419799805,15.262499809265137,15.262499809265137,15.087499618530273,15.137499809265137,30436996
2015-12-18,10.967673301696777,15.1875,15.3125,15.125,15.212499618530273,19572584
2015-12-21,10.949620246887207,15.162500381469727,15.1875,14.975000381469727,15.012499809265137,17362548
2015-12-22,10.976698875427246,15.199999809265137,15.225000381469727,15.100000381469727,15.175000190734863,20554364
2015-12-23,10.994752883911133,15.225000381469727,15.324999809265137,15.199999809265137,15.237500190734863,29054268
2015-12-24,11.04891586303711,15.300000190734863,15.412500381469727,15.300000190734863,15.337499618530273,33825888
2015-12-25,11.121129035949707,15.399999618530273,15.399999618530273,15.300000190734863,15.300000190734863,26184032
2015-12-28,11.094046592712402,15.362500190734863,15.425000190734863,15.350000381469727,15.425000190734863,13797212
2015-12-29,11.012807846069336,15.25,15.350000381469727,15.199999809265137,15.350000381469727,15866208
2015-12-30,10.931563377380371,15.137499809265137,15.287500381469727,15.112500190734863,15.287500381469727,29049864
2015-12-31,10.967673301696777,15.1875,15.237500190734863,15.125,15.137499809265137,15577916
2016-01-04,10.75102710723877,14.887499809265137,15.237500190734863,14.762499809265137,15.199999809265137,67712252
2016-01-05,10.660758018493652,14.762499809265137,14.9375,14.712499618530273,14.875,87135876
2016-01-06,10.552435874938965,14.612500190734863,14.762499809265137,14.475000381469727,14.762499809265137,115758200
2016-01-07,10.35384464263916,14.337499618530273,14.574999809265137,14.175000190734863,14.574999809265137,159849204
2016-01-08,10.37189769744873,14.362500190734863,14.425000190734863,14.212499618530273,14.25,101802936
2016-01-11,10.2094144821167,14.137499809265137,14.237500190734863,14.0,14.225000381469727,97425076
2016-01-12,10.200386047363281,14.125,14.25,14.074999809265137,14.199999809265137,70599544
2016-01-13,10.317736625671387,14.287500381469727,14.375,14.1875,14.25,47393728
2016-01-14,10.236493110656738,14.175000190734863,14.175000190734863,13.962499618530273,14.125,61949440
2016-01-15,10.236493110656738,14.175000190734863,14.375,14.0625,14.274999618530273,83391512
2016-01-18,10.308708190917969,14.274999618530273,14.324999809265137,13.949999809265137,13.975000381469727,52057360
2016-01-19,10.33579158782959,14.3125,14.3125,14.162500381469727,14.25,32443260
2016-01-20,10.092063903808594,13.975000381469727,14.212499618530273,13.899999618530273,14.212499618530273,90753472
2016-01-21,10.074012756347656,13.949999809265137,14.074999809265137,13.899999618530273,14.024999618530273,41800220
2016-01-22,10.2094144821167,14.137499809265137,14.149999618530273,14.0,14.087499618530273,55774064
2016-01-25,10.38995361328125,14.387499809265137,14.449999809265137,14.25,14.25,51092780
2016-01-26,10.290657043457031,14.25,14.287500381469727,14.175000190734863,14.25,30335480
2016-01-27,10.33579158782959,14.3125,14.362500190734863,14.237500190734863,14.350000381469727,36404484
2016-01-28,10.38995361328125,14.387499809265137,14.4375,14.25,14.287500381469727,40899440
2016-01-29,10.65173053741455,14.75,14.774999618530273,14.3125,14.375,80830444
2016-02-01,10.75102710723877,14.887499809265137,14.899999618530273,14.774999618530273,14.875,31870400
2016-02-02,10.714919090270996,14.837499618530273,14.887499809265137,14.75,14.862500190734863,18337108
2016-02-03,10.642704963684082,14.737500190734863,14.8125,14.649999618530273,14.75,27961676
2016-02-15,10.65173053741455,14.75,14.774999618530273,14.524999618530273,14.574999809265137,28885644
2016-02-16,10.877405166625977,15.0625,15.087499618530273,14.774999618530273,14.774999618530273,71289676
2016-02-17,10.823244094848633,14.987500190734863,15.125,14.987500190734863,15.100000381469727,49894088
2016-02-18,10.994752883911133,15.225000381469727,15.287500381469727,15.125,15.199999809265137,67946956
2016-02-19,10.985725402832031,15.212499618530273,15.262499809265137,15.149999618530273,15.199999809265137,45409724
2016-02-22,10.976698875427246,15.199999809265137,15.399999618530273,15.137499809265137,15.212499618530273,46457612
2016-02-23,10.985725402832031,15.212499618530273,15.287500381469727,15.175000190734863,15.25,19664720
2016-02-24,10.886431694030762,15.074999809265137,15.324999809265137,15.050000190734863,15.199999809265137,31057392
2016-02-25,11.03085994720459,15.274999618530273,15.337499618530273,15.125,15.149999618530273,67735880
2016-02-26,11.057941436767578,15.3125,15.425000190734863,15.225000381469727,15.337499618530273,58052368
2016-03-01,11.166263580322266,15.462499618530273,15.487500190734863,15.274999618530273,15.3125,68947384
2016-03-02,11.2565336227417,15.587499618530273,15.6875,15.5625,15.587499618530273,91482164
2016-03-03,11.364856719970703,15.737500190734863,15.824999809265137,15.587499618530273,15.587499618530273,130410920
2016-03-04,11.391937255859375,15.774999618530273,15.824999809265137,15.6875,15.725000381469727,96203100
2016-03-07,11.391937255859375,15.774999618530273,15.925000190734863,15.725000381469727,15.800000190734863,85990856
2016-03-08,11.38290786743164,15.762499809265137,15.774999618530273,15.625,15.75,54539440
2016-03-09,11.391937255859375,15.774999618530273,15.787500381469727,15.662500381469727,15.762499809265137,32389496
2016-03-10,11.419017791748047,15.8125,15.850000381469727,15.712499618530273,15.762499809265137,85411112
2016-03-11,11.473177909851074,15.887499809265137,15.9375,15.762499809265137,15.800000190734863,90729384
2016-03-14,11.554420471191406,16.0,16.0625,15.987500190734863,16.0,103327276
2016-03-15,11.38290786743164,15.762499809265137,16.024999618530273,15.75,16.0,75622432
2016-03-16,11.482205390930176,15.899999618530273,15.9375,15.837499618530273,15.837499618530273,145109572
2016-03-17,11.608582496643066,16.075000762939453,16.225000381469727,16.012500762939453,16.137500762939453,80125676
2016-03-18,11.68079662322998,16.174999237060547,16.212499618530273,16.075000762939453,16.100000381469727,124480816
2016-03-21,11.662744522094727,16.149999618530273,16.262500762939453,16.049999237060547,16.225000381469727,24227168
2016-03-22,11.626635551452637,16.100000381469727,16.137500762939453,15.962499618530273,16.087499618530273,32722016
2016-03-23,11.617609024047852,16.087499618530273,16.212499618530273,16.0625,16.100000381469727,47987940
2016-03-24,11.617609024047852,16.087499618530273,16.125,15.925000190734863,16.0625,34123088
2016-03-25,11.563448905944824,16.012500762939453,16.125,15.987500190734863,16.125,15258532
2016-03-28,11.57247543334961,16.024999618530273,16.100000381469727,15.949999809265137,16.012500762939453,29387992
2016-03-29,11.491230964660645,15.912500381469727,16.075000762939453,15.875,16.0,42966584
2016-03-30,11.68079662322998,16.174999237060547,16.225000381469727,16.0,16.012500762939453,116474352
2016-03-31,11.671768188476562,16.162500381469727,16.350000381469727,16.112499237060547,16.274999618530273,64187836
2016-04-01,11.53636646270752,15.975000381469727,16.087499618530273,15.899999618530273,16.0625,18617456
2016-04-06,11.2655611038208,15.600000381469727,15.824999809265137,15.587499618530273,15.824999809265137,35828700
2016-04-07,11.220426559448242,15.537500381469727,15.625,15.399999618530273,15.625,80898456
2016-04-08,11.328746795654297,15.6875,15.699999809265137,15.449999809265137,15.449999809265137,27010928
2016-04-11,11.373882293701172,15.75,15.774999618530273,15.537500381469727,15.625,21421640
2016-04-12,11.364856719970703,15.737500190734863,15.875,15.6875,15.762499809265137,11015460
2016-04-13,11.563448905944824,16.012500762939453,16.049999237060547,15.8125,15.8125,47386028
2016-04-14,11.599555969238281,16.0625,16.149999618530273,16.024999618530273,16.100000381469727,32500628
2016-04-15,11.599555969238281,16.0625,16.075000762939453,15.887499809265137,15.949999809265137,46693960
2016-04-18,11.527339935302734,15.962499618530273,16.049999237060547,15.962499618530273,16.012500762939453,8582916
2016-04-19,11.482205390930176,15.899999618530273,16.162500381469727,15.875,16.075000762939453,23364776
2016-04-20,11.310693740844727,15.662500381469727,16.024999618530273,15.637499809265137,15.875,35926052
2016-04-21,11.364856719970703,15.737500190734863,15.787500381469727,15.637499809265137,15.725000381469727,12388568
2016-04-22,11.409991264343262,15.800000190734863,15.850000381469727,15.699999809265137,15.737500190734863,10740744
2016-04-25,11.419017791748047,15.8125,15.837499618530273,15.725000381469727,15.800000190734863,11457840
2016-04-26,11.464150428771973,15.875,15.975000381469727,15.774999618530273,15.774999618530273,19579076
2016-04-27,11.446099281311035,15.850000381469727,15.899999618530273,15.75,15.800000190734863,9880480
2016-04-28,11.2655611038208,15.600000381469727,15.887499809265137,15.537500381469727,15.875,41286844
2016-04-29,11.121129035949707,15.399999618530273,15.5,15.337499618530273,15.462499618530273,29067032
2016-05-03,10.967673301696777,15.1875,15.399999618530273,15.175000190734863,15.399999618530273,38846508
2016-05-04,10.850322723388672,15.024999618530273,15.212499618530273,14.949999809265137,15.1875,58016552
2016-05-05,10.868376731872559,15.050000190734863,15.0625,14.912500381469727,15.024999618530273,58365476
2016-05-06,10.778107643127441,14.925000190734863,15.0,14.862500190734863,15.0,88018576
2016-05-09,10.778107643127441,14.925000190734863,15.0,14.850000381469727,14.975000381469727,57996284
2016-05-10,10.832269668579102,15.0,15.050000190734863,14.850000381469727,14.925000190734863,52610572
2016-05-11,10.805190086364746,14.962499618530273,15.074999809265137,14.887499809265137,15.050000190734863,76214200
2016-05-12,10.796160697937012,14.949999809265137,15.0,14.912500381469727,14.925000190734863,53589268
2016-05-13,10.678813934326172,14.787500381469727,14.887499809265137,14.75,14.887499809265137,118674476
2016-05-16,10.760054588317871,14.899999618530273,14.925000190734863,14.774999618530273,14.787500381469727,26582164
2016-05-17,10.84129524230957,15.012499809265137,15.024999618530273,14.8125,14.912500381469727,49379568
2016-05-18,10.823244094848633,14.987500190734863,15.0,14.8125,14.925000190734863,34319828
2016-05-19,10.769083976745605,14.912500381469727,15.012499809265137,14.824999809265137,15.0,32201988
2016-05-20,10.832269668579102,15.0,15.074999809265137,14.899999618530273,14.962499618530273,32504416
2016-05-23,11.193345069885254,15.5,15.5,14.962499618530273,15.024999618530273,86657260
2016-05-24,11.075996398925781,15.337499618530273,15.462499618530273,15.337499618530273,15.4375,25671360
2016-05-25,11.193345069885254,15.5,15.5625,15.4375,15.4375,103435004
2016-05-26,11.220426559448242,15.537500381469727,15.537500381469727,15.449999809265137,15.512499809265137,104179588
2016-05-27,11.30167007446289,15.649999618530273,15.662500381469727,15.550000190734863,15.600000381469727,103038856
2016-05-30,11.40096378326416,15.787500381469727,15.837499618530273,15.625,15.649999618530273,107648932
2016-05-31,11.40096378326416,15.787500381469727,15.837499618530273,15.699999809265137,15.762499809265137,34715948
2016-06-01,11.500260353088379,15.925000190734863,15.962499618530273,15.737500190734863,15.737500190734863,100006512
2016-06-02,11.500260353088379,15.925000190734863,16.012500762939453,15.850000381469727,15.925000190734863,54885488
2016-06-03,11.527339935302734,15.962499618530273,16.0,15.899999618530273,15.899999618530273,47172268
2016-06-06,11.563448905944824,16.012500762939453,16.149999618530273,15.912500381469727,16.0,51965784
2016-06-07,11.716904640197754,16.225000381469727,16.237499237060547,16.075000762939453,16.075000762939453,123350308
2016-06-08,11.780091285705566,16.3125,16.387500762939453,16.25,16.25,104258364
2016-06-13,11.509285926818848,15.9375,16.112499237060547,15.925000190734863,16.075000762939453,38080492
2016-06-14,11.581502914428711,16.037500381469727,16.049999237060547,15.875,15.875,25647780
2016-06-15,11.599555969238281,16.0625,16.100000381469727,15.899999618530273,16.037500381469727,90333460
2016-06-16,11.4370698928833,15.837499618530273,16.024999618530273,15.75,16.024999618530273,35996524
2016-06-17,11.563448905944824,16.012500762939453,16.100000381469727,15.962499618530273,15.962499618530273,23235888
2016-06-20,11.644691467285156,16.125,16.162500381469727,16.087499618530273,16.125,41230268
2016-06-21,11.68982219696045,16.1875,16.237499237060547,16.112499237060547,16.125,72453344
2016-06-22,11.725932121276855,16.237499237060547,16.237499237060547,16.137500762939453,16.1875,42227324
2016-06-23,11.6988525390625,16.200000762939453,16.212499618530273,16.137500762939453,16.200000762939453,128753308
2016-06-24,11.391937255859375,15.774999618530273,16.225000381469727,15.512499809265137,16.1875,126660260
2016-06-27,11.509285926818848,15.9375,15.9375,15.75,15.800000190734863,19725056
2016-06-28,11.554420471191406,16.0,16.012500762939453,15.762499809265137,15.774999618530273,21382312
2016-06-29,11.68079662322998,16.174999237060547,16.25,16.037500381469727,16.037500381469727,36405632
2016-06-30,11.816200256347656,16.362499237060547,16.362499237060547,16.162500381469727,16.287500381469727,101380544
2016-07-01,11.960633277893066,16.5625,16.600000381469727,16.412500381469727,16.462499618530273,122673720
2016-07-04,11.969658851623535,16.575000762939453,16.6875,16.5,16.524999618530273,39958748
2016-07-05,11.933548927307129,16.524999618530273,16.5625,16.462499618530273,16.549999237060547,23991848
2016-07-06,11.716904640197754,16.225000381469727,16.399999618530273,16.174999237060547,16.399999618530273,34922552
2016-07-07,11.861335754394531,16.424999237060547,16.4375,16.337499618530273,16.362499237060547,26350232
2016-07-08,11.861335754394531,16.424999237060547,16.424999237060547,16.424999237060547,16.424999237060547,0
2016-07-11,12.09603500366211,16.75,16.8125,16.674999237060547,16.674999237060547,88833128
2016-07-12,12.20435619354248,16.899999618530273,16.899999618530273,16.787500381469727,16.787500381469727,61589704
2016-07-13,12.213383674621582,16.912500381469727,16.975000381469727,16.774999618530273,16.962499618530273,37739664
2016-07-14,12.222407341003418,16.924999237060547,16.962499618530273,16.825000762939453,16.875,40439392
2016-07-15,12.366840362548828,17.125,17.125,16.950000762939453,16.950000762939453,62172584
2016-07-18,12.48419189453125,17.287500381469727,17.287500381469727,17.112499237060547,17.112499237060547,147391620
2016-07-19,12.502243041992188,17.3125,17.325000762939453,17.200000762939453,17.299999237060547,68182348
2016-07-20,12.493217468261719,17.299999237060547,17.325000762939453,17.200000762939453,17.25,98872448
2016-07-21,12.556406021118164,17.387500762939453,17.475000381469727,17.337499618530273,17.362499237060547,39920284
2016-07-22,12.511273384094238,17.325000762939453,17.424999237060547,17.299999237060547,17.387500762939453,13060376
2016-07-25,12.457108497619629,17.25,17.487499237060547,17.087499618530273,17.375,46705892
2016-07-26,12.529326438903809,17.350000381469727,17.350000381469727,17.212499618530273,17.25,52849320
2016-07-27,12.583484649658203,17.424999237060547,17.487499237060547,17.375,17.412500381469727,44472784
2016-07-28,12.620039939880371,17.262500762939453,17.3125,17.149999618530273,17.25,45809772
2016-07-29,12.528656959533691,17.137500762939453,17.299999237060547,17.137500762939453,17.212499618530273,77561492
2016-08-01,12.665731430053711,17.325000762939453,17.362499237060547,17.200000762939453,17.200000762939453,41629484
2016-08-02,12.665731430053711,17.325000762939453,17.350000381469727,17.274999618530273,17.3125,28467896
2016-08-03,12.565213203430176,17.1875,17.225000381469727,17.012500762939453,17.125,55204428
2016-08-04,12.59262466430664,17.225000381469727,17.237499237060547,17.087499618530273,17.212499618530273,42698796
2016-08-05,12.720560073852539,17.399999618530273,17.4375,17.225000381469727,17.274999618530273,49691456
2016-08-08,12.802804946899414,17.512500762939453,17.5625,17.424999237060547,17.5,31611788
2016-08-09,12.86677360534668,17.600000381469727,17.612499237060547,17.487499237060547,17.5,46273940
2016-08-10,12.903326988220215,17.649999618530273,17.649999618530273,17.512500762939453,17.575000762939453,25991192
2016-08-11,12.784528732299805,17.487499237060547,17.637500762939453,17.362499237060547,17.549999237060547,43613680
2016-08-12,12.830221176147461,17.549999237060547,17.625,17.512500762939453,17.537500381469727,21034824
2016-08-15,12.857636451721191,17.587499618530273,17.625,17.475000381469727,17.549999237060547,19189900
2016-08-16,12.784528732299805,17.487499237060547,17.625,17.424999237060547,17.575000762939453,17727968
2016-08-17,12.802804946899414,17.512500762939453,17.524999618530273,17.4375,17.475000381469727,35701440
2016-08-18,12.775391578674316,17.475000381469727,17.537500381469727,17.450000762939453,17.5,13100136
2016-08-19,12.647454261779785,17.299999237060547,17.612499237060547,17.299999237060547,17.475000381469727,33199204
2016-08-22,12.556069374084473,17.174999237060547,17.287500381469727,17.112499237060547,17.25,28333644
2016-08-23,12.684008598327637,17.350000381469727,17.399999618530273,17.225000381469727,17.225000381469727,28336036
2016-08-24,12.647454261779785,17.299999237060547,17.387500762939453,17.299999237060547,17.337499618530273,20285916
2016-08-25,12.793667793273926,17.5,17.537500381469727,17.325000762939453,17.325000762939453,32090272
2016-08-26,12.811943054199219,17.524999618530273,17.575000762939453,17.450000762939453,17.487499237060547,11967756
2016-08-29,12.802804946899414,17.512500762939453,17.537500381469727,17.299999237060547,17.475000381469727,14219696
2016-08-30,12.793667793273926,17.5,17.5625,17.450000762939453,17.5,15164888
2016-08-31,12.684008598327637,17.350000381469727,17.512500762939453,17.325000762939453,17.462499618530273,20824324
2016-09-01,12.620039939880371,17.262500762939453,17.325000762939453,17.149999618530273,17.325000762939453,23860716
2016-09-02,12.638317108154297,17.287500381469727,17.325000762939453,17.200000762939453,17.274999618530273,10461928
2016-09-05,12.848496437072754,17.575000762939453,17.575000762939453,17.450000762939453,17.450000762939453,34092164
2016-09-06,12.949019432067871,17.712499618530273,17.725000381469727,17.5625,17.5625,29371884
2016-09-07,13.131786346435547,17.962499618530273,17.975000381469727,17.737499237060547,17.737499237060547,38747108
2016-09-08,13.086094856262207,17.899999618530273,17.950000762939453,17.850000381469727,17.950000762939453,18697316
2016-09-09,12.86677360534668,17.600000381469727,17.725000381469727,17.587499618530273,17.725000381469727,20921496
2016-09-12,12.58348560333252,17.212499618530273,17.337499618530273,17.174999237060547,17.337499618530273,28945744
2016-09-13,12.58348560333252,17.212499618530273,17.299999237060547,17.049999237060547,17.274999618530273,28493144
2016-09-14,12.51037883758545,17.112499237060547,17.262500762939453,17.112499237060547,17.125,22496644
2016-09-19,12.976432800292969,17.75,17.75,17.350000381469727,17.350000381469727,39551620
2016-09-20,12.958159446716309,17.725000381469727,17.75,17.649999618530273,17.725000381469727,11180720
2016-09-21,13.022125244140625,17.8125,17.837499618530273,17.637500762939453,17.6875,48624876
2016-09-22,13.049543380737305,17.850000381469727,18.0,17.8125,17.975000381469727,19717528
2016-09-23,13.140925407409668,17.975000381469727,17.975000381469727,17.850000381469727,17.875,16862952
2016-09-26,12.976432800292969,17.75,17.875,17.75,17.875,14946312
2016-09-27,12.976432800292969,17.75,17.75,17.75,17.75,0
2016-09-28,12.976432800292969,17.75,17.75,17.75,17.75,0
2016-09-29,13.140925407409668,17.975000381469727,18.037500381469727,17.850000381469727,17.962499618530273,38497932
2016-09-30,12.96729850769043,17.737499237060547,17.837499618530273,17.700000762939453,17.787500381469727,23375756
2016-10-03,13.05867862701416,17.862499237060547,17.899999618530273,17.774999618530273,17.799999237060547,15552136
2016-10-04,13.113510131835938,17.9375,17.9375,17.825000762939453,17.862499237060547,20679396
2016-10-05,13.067817687988281,17.875,17.962499618530273,17.862499237060547,17.899999618530273,11353240
2016-10-06,13.104371070861816,17.924999237060547,17.9375,17.862499237060547,17.924999237060547,8287072
2016-10-07,13.095236778259277,17.912500381469727,17.950000762939453,17.899999618530273,17.899999618530273,12213700
2016-10-11,13.05867862701416,17.862499237060547,18.112499237060547,17.799999237060547,18.087499618530273,27783292
2016-10-12,13.2048921585083,18.0625,18.075000762939453,17.837499618530273,17.875,24228792
2016-10-13,13.104371070861816,17.924999237060547,18.075000762939453,17.862499237060547,18.049999237060547,21819768
2016-10-14,13.05867862701416,17.862499237060547,17.975000381469727,17.825000762939453,17.825000762939453,14532872
2016-10-17,13.05867862701416,17.862499237060547,17.899999618530273,17.649999618530273,17.862499237060547,17688392
2016-10-18,13.150064468383789,17.987499237060547,17.987499237060547,17.825000762939453,17.875,14479784
2016-10-19,13.22317123413086,18.087499618530273,18.149999618530273,18.0,18.0,86301328
2016-10-20,13.277999877929688,18.162500381469727,18.1875,18.087499618530273,18.087499618530273,19344128
2016-10-21,13.26885986328125,18.149999618530273,18.262500762939453,18.137500762939453,18.162500381469727,16938960
2016-10-24,13.287137985229492,18.174999237060547,18.237499237060547,18.149999618530273,18.212499618530273,13060488
2016-10-25,13.415075302124023,18.350000381469727,18.375,18.212499618530273,18.212499618530273,14863092
2016-10-26,13.341967582702637,18.25,18.287500381469727,18.225000381469727,18.25,11473816
2016-10-27,13.26885986328125,18.149999618530273,18.287500381469727,18.100000381469727,18.25,12681616
2016-10-28,13.26885986328125,18.149999618530273,18.1875,18.112499237060547,18.149999618530273,17100148
2016-10-31,13.26885986328125,18.149999618530273,18.174999237060547,17.924999237060547,18.0625,21856584
2016-11-01,13.26885986328125,18.149999618530273,18.149999618530273,18.024999618530273,18.0625,8097348
2016-11-02,13.113510131835938,17.9375,18.0,17.899999618530273,17.987499237060547,22009916
2016-11-03,13.012988090515137,17.799999237060547,17.899999618530273,17.774999618530273,17.862499237060547,18218928
2016-11-04,12.976432800292969,17.75,17.799999237060547,17.712499618530273,17.75,17385484
2016-11-07,13.159201622009277,18.0,18.0,17.862499237060547,17.950000762939453,12941500
2016-11-08,13.22317123413086,18.087499618530273,18.100000381469727,18.0,18.037500381469727,10776436
2016-11-09,12.793667793273926,17.5,18.262500762939453,17.5,18.212499618530273,79746700
2016-11-10,13.159201622009277,18.0,18.024999618530273,17.9375,17.950000762939453,26798796
2016-11-11,12.802804946899414,17.512500762939453,17.674999237060547,17.487499237060547,17.587499618530273,33503324
2016-11-14,12.811943054199219,17.524999618530273,17.575000762939453,17.362499237060547,17.487499237060547,28468604
2016-11-15,12.775391578674316,17.475000381469727,17.524999618530273,17.4375,17.450000762939453,16062736
2016-11-16,12.793667793273926,17.5,17.625,17.487499237060547,17.549999237060547,98998440
2016-11-17,12.830221176147461,17.549999237060547,17.549999237060547,17.4375,17.5,13253944
2016-11-18,12.86677360534668,17.600000381469727,17.600000381469727,17.475000381469727,17.524999618530273,8478156
2016-11-21,12.885052680969238,17.625,17.625,17.524999618530273,17.575000762939453,10599960
2016-11-22,13.05867862701416,17.862499237060547,17.912500381469727,17.6875,17.6875,21175128
2016-11-23,13.122650146484375,17.950000762939453,17.975000381469727,17.862499237060547,17.875,7630868
2016-11-24,13.049543380737305,17.850000381469727,17.899999618530273,17.799999237060547,17.899999618530273,9213640
2016-11-25,13.040399551391602,17.837499618530273,17.912500381469727,17.8125,17.837499618530273,10597000
2016-11-28,13.113510131835938,17.9375,18.0,17.837499618530273,17.837499618530273,10584196
2016-11-29,13.095236778259277,17.912500381469727,18.0,17.912500381469727,17.975000381469727,5671484
2016-11-30,13.104371070861816,17.924999237060547,17.975000381469727,17.875,17.924999237060547,7673300
2016-12-01,13.159201622009277,18.0,18.024999618530273,17.899999618530273,17.899999618530273,7823268
2016-12-02,13.012988090515137,17.799999237060547,17.799999237060547,17.725000381469727,17.799999237060547,13230792
2016-12-05,12.994710922241211,17.774999618530273,17.799999237060547,17.700000762939453,17.799999237060547,5552676
2016-12-06,13.159201622009277,18.0,18.049999237060547,17.9375,17.950000762939453,9743816
2016-12-07,13.159201622009277,18.0,18.087499618530273,17.975000381469727,18.049999237060547,5869508
2016-12-08,13.323691368103027,18.225000381469727,18.25,18.075000762939453,18.075000762939453,24342380
2016-12-09,13.369385719299316,18.287500381469727,18.299999237060547,18.237499237060547,18.262500762939453,21673124
2016-12-12,13.314552307128906,18.212499618530273,18.387500762939453,18.1875,18.325000762939453,12834224
2016-12-13,13.332830429077148,18.237499237060547,18.25,18.162500381469727,18.212499618530273,10194560
2016-12-14,13.360244750976562,18.274999618530273,18.325000762939453,18.225000381469727,18.299999237060547,11311920
2016-12-15,13.341967582702637,18.25,18.25,18.100000381469727,18.137500762939453,12071144
2016-12-16,13.214031219482422,18.075000762939453,18.200000762939453,18.075000762939453,18.200000762939453,8593712
2016-12-19,13.131786346435547,17.962499618530273,18.075000762939453,17.962499618530273,18.0625,10723840
2016-12-20,13.113510131835938,17.9375,17.987499237060547,17.887500762939453,17.987499237060547,8119164
2016-12-21,13.104371070861816,17.924999237060547,17.962499618530273,17.875,17.9375,37284788
2016-12-22,12.93988037109375,17.700000762939453,17.887500762939453,17.700000762939453,17.887500762939453,19886148
2016-12-23,12.89418888092041,17.637500762939453,17.712499618530273,17.587499618530273,17.649999618530273,20503824
2016-12-26,12.93988037109375,17.700000762939453,17.700000762939453,17.637500762939453,17.662500381469727,8419716
2016-12-27,12.930742263793945,17.6875,17.725000381469727,17.662500381469727,17.700000762939453,9977116
2016-12-28,13.086094856262207,17.899999618530273,17.899999618530273,17.712499618530273,17.712499618530273,14744040
2016-12-29,13.022125244140625,17.8125,17.862499237060547,17.799999237060547,17.862499237060547,7644424
2016-12-30,13.122650146484375,17.950000762939453,18.0,17.887500762939453,17.912500381469727,10905812
2017-01-03,13.140925407409668,17.975000381469727,17.975000381469727,17.875,17.924999237060547,9325724
2017-01-04,13.131786346435547,17.962499618530273,18.024999618530273,17.9375,18.0,17136780
2017-01-05,13.250584602355957,18.125,18.125,17.950000762939453,17.962499618530273,18294400
2017-01-06,13.277999877929688,18.162500381469727,18.1875,18.112499237060547,18.112499237060547,15011992
2017-01-09,13.241445541381836,18.112499237060547,18.237499237060547,18.075000762939453,18.1875,20153160
2017-01-10,13.232306480407715,18.100000381469727,18.149999618530273,18.100000381469727,18.112499237060547,7431412
2017-01-11,13.232306480407715,18.100000381469727,18.212499618530273,18.100000381469727,18.200000762939453,7592212
2017-01-12,13.369385719299316,18.287500381469727,18.325000762939453,18.149999618530273,18.149999618530273,19429836
2017-01-13,13.26885986328125,18.149999618530273,18.200000762939453,18.149999618530273,18.200000762939453,15639440
2017-01-16,13.159201622009277,18.0,18.100000381469727,17.950000762939453,18.100000381469727,9673756
2017-01-17,13.214031219482422,18.075000762939453,18.100000381469727,18.0,18.0,6290964
2017-01-18,13.186616897583008,18.037500381469727,18.049999237060547,18.012500762939453,18.049999237060547,15351272
2017-01-19,13.150064468383789,17.987499237060547,18.024999618530273,17.899999618530273,17.962499618530273,16262236
2017-01-20,13.186616897583008,18.037500381469727,18.0625,17.987499237060547,17.987499237060547,9688696
2017-01-23,13.296273231506348,18.1875,18.25,18.137500762939453,18.137500762939453,23860356
2017-01-24,13.396797180175781,18.325000762939453,18.325000762939453,18.225000381469727,18.25,18300416
2017-02-02,13.323691368103027,18.225000381469727,18.412500381469727,18.1875,18.375,27996588
2017-02-03,13.314552307128906,18.212499618530273,18.287500381469727,18.162500381469727,18.237499237060547,11236776
2017-02-06,13.38765811920166,18.3125,18.350000381469727,18.237499237060547,18.25,11788984
2017-02-07,13.396797180175781,18.325000762939453,18.362499237060547,18.274999618530273,18.274999618530273,17220928
2017-02-08,13.424863815307617,17.9375,17.975000381469727,17.837499618530273,17.975000381469727,17735756
2017-02-09,13.471638679504395,18.0,18.049999237060547,17.912500381469727,17.9375,14193680
2017-02-10,13.62132740020752,18.200000762939453,18.237499237060547,18.024999618530273,18.024999618530273,19479148
2017-02-13,13.649391174316406,18.237499237060547,18.274999618530273,18.200000762939453,18.200000762939453,13320588
2017-02-14,13.696167945861816,18.299999237060547,18.375,18.274999618530273,18.350000381469727,24286672
2017-02-15,13.827141761779785,18.475000381469727,18.475000381469727,18.299999237060547,18.325000762939453,37628016
2017-02-16,13.742940902709961,18.362499237060547,18.549999237060547,18.337499618530273,18.5,21866524
2017-02-17,13.724234580993652,18.337499618530273,18.424999237060547,18.337499618530273,18.412500381469727,20771092
2017-02-20,13.677456855773926,18.274999618530273,18.412500381469727,18.274999618530273,18.387500762939453,11210424
2017-02-21,13.705522537231445,18.3125,18.350000381469727,18.262500762939453,18.299999237060547,13349556
2017-02-22,13.71487808227539,18.325000762939453,18.424999237060547,18.287500381469727,18.399999618530273,11753588
2017-02-23,13.677456855773926,18.274999618530273,18.387500762939453,18.274999618530273,18.3125,9329768
2017-02-24,13.686811447143555,18.287500381469727,18.325000762939453,18.212499618530273,18.262500762939453,7379160
2017-03-01,13.537127494812012,18.087499618530273,18.274999618530273,18.087499618530273,18.274999618530273,12429400
2017-03-02,13.574548721313477,18.137500762939453,18.3125,18.0625,18.237499237060547,28231488
2017-03-03,13.490348815917969,18.024999618530273,18.087499618530273,18.0,18.075000762939453,17640904
2017-03-06,13.499704360961914,18.037500381469727,18.0625,18.0,18.012500762939453,8709452
2017-03-07,13.55583667755127,18.112499237060547,18.149999618530273,18.0625,18.0625,8109184
2017-03-08,13.6306791305542,18.212499618530273,18.212499618530273,18.112499237060547,18.162500381469727,8728588
2017-03-09,13.480997085571289,18.012500762939453,18.149999618530273,17.987499237060547,18.149999618530273,13525580
2017-03-10,13.471638679504395,18.0,18.012500762939453,17.887500762939453,17.987499237060547,21693140
2017-03-13,13.565194129943848,18.125,18.125,18.037500381469727,18.037500381469727,10061528
2017-03-14,13.658744812011719,18.25,18.274999618530273,18.149999618530273,18.149999618530273,15793412
2017-03-15,13.6306791305542,18.212499618530273,18.25,18.149999618530273,18.200000762939453,13961488
2017-03-16,13.80843448638916,18.450000762939453,18.462499618530273,18.325000762939453,18.325000762939453,30180596
2017-03-17,13.845852851867676,18.5,18.524999618530273,18.4375,18.462499618530273,21063500
2017-03-20,13.83649730682373,18.487499237060547,18.537500381469727,18.462499618530273,18.487499237060547,20292744
2017-03-21,14.01424789428711,18.725000381469727,18.725000381469727,18.575000762939453,18.575000762939453,34045080
2017-03-22,13.88327407836914,18.549999237060547,18.5625,18.5,18.5625,19759900
2017-03-23,13.911338806152344,18.587499618530273,18.662500381469727,18.537500381469727,18.649999618530273,16423820
2017-03-24,13.89262866973877,18.5625,18.600000381469727,18.524999618530273,18.587499618530273,13232480
2017-03-27,13.88327407836914,18.549999237060547,18.600000381469727,18.462499618530273,18.5,9897360
2017-03-28,13.89262866973877,18.5625,18.649999618530273,18.487499237060547,18.637500762939453,22262136
2017-03-29,13.845852851867676,18.5,18.625,18.5,18.612499237060547,9856772
2017-03-30,13.827141761779785,18.475000381469727,18.5625,18.475000381469727,18.5,8725832
2017-03-31,13.78972053527832,18.424999237060547,18.524999618530273,18.424999237060547,18.487499237060547,8035548
2017-04-05,13.9674711227417,18.662500381469727,18.700000762939453,18.487499237060547,18.487499237060547,14377472
2017-04-06,13.920694351196289,18.600000381469727,18.700000762939453,18.575000762939453,18.700000762939453,11244600
2017-04-07,13.86456298828125,18.524999618530273,18.575000762939453,18.350000381469727,18.575000762939453,7556660
2017-04-10,13.88327407836914,18.549999237060547,18.5625,18.5,18.524999618530273,4243156
2017-04-11,13.827141761779785,18.475000381469727,18.600000381469727,18.4375,18.524999618530273,5067836
2017-04-12,13.855209350585938,18.512500762939453,18.524999618530273,18.412500381469727,18.475000381469727,7760588
2017-04-13,13.920694351196289,18.600000381469727,18.612499237060547,18.475000381469727,18.475000381469727,24018700
2017-04-14,13.761656761169434,18.387500762939453,18.475000381469727,18.375,18.475000381469727,10697120
2017-04-17,13.771011352539062,18.399999618530273,18.450000762939453,18.337499618530273,18.387500762939453,21357960
2017-04-18,13.771011352539062,18.399999618530273,18.5,18.375,18.462499618530273,16399696
2017-04-19,13.62132740020752,18.200000762939453,18.3125,18.162500381469727,18.274999618530273,36741784
2017-04-20,13.62132740020752,18.200000762939453,18.225000381469727,18.125,18.137500762939453,12569024
2017-04-21,13.752297401428223,18.375,18.375,18.274999618530273,18.3125,12988852
2017-04-24,13.780365943908691,18.412500381469727,18.487499237060547,18.362499237060547,18.475000381469727,17237856
2017-04-25,13.911338806152344,18.587499618530273,18.600000381469727,18.424999237060547,18.462499618530273,22792244
2017-04-26,13.948760032653809,18.637500762939453,18.674999237060547,18.600000381469727,18.674999237060547,16471812
2017-04-27,13.939403533935547,18.625,18.625,18.537500381469727,18.587499618530273,14741160
2017-04-28,13.948760032653809,18.637500762939453,18.649999618530273,18.575000762939453,18.625,17692400
2017-05-02,14.0703763961792,18.799999237060547,18.850000381469727,18.75,18.75,62913456
2017-05-03,14.135869026184082,18.887500762939453,18.912500381469727,18.825000762939453,18.825000762939453,18847812
2017-05-04,14.154576301574707,18.912500381469727,18.912500381469727,18.837499618530273,18.887500762939453,15987300
2017-05-05,14.061025619506836,18.787500381469727,18.862499237060547,18.774999618530273,18.862499237060547,21151260
2017-05-08,14.163930892944336,18.924999237060547,18.924999237060547,18.8125,18.887500762939453,16333496
2017-05-09,14.210708618164062,18.987499237060547,19.125,18.924999237060547,18.924999237060547,16760944
2017-05-10,14.266840934753418,19.0625,19.087499618530273,19.0,19.037500381469727,7052140
2017-05-11,14.313616752624512,19.125,19.125,19.0,19.024999618530273,8073252
2017-05-12,14.276195526123047,19.075000762939453,19.125,19.037500381469727,19.0625,11243956
2017-05-15,14.313616752624512,19.125,19.137500762939453,19.049999237060547,19.075000762939453,5142880
2017-05-16,14.313616752624512,19.125,19.149999618530273,19.0625,19.125,6393328
2017-05-17,14.276195526123047,19.075000762939453,19.100000381469727,19.012500762939453,19.075000762939453,5326112
2017-05-18,14.201350212097168,18.975000381469727,18.975000381469727,18.825000762939453,18.912500381469727,17087712
2017-05-19,14.191999435424805,18.962499618530273,18.975000381469727,18.912500381469727,18.912500381469727,4651388
2017-05-22,14.22942066192627,19.012500762939453,19.037500381469727,18.9375,18.987499237060547,10304548
2017-05-23,14.285552024841309,19.087499618530273,19.112499237060547,19.0,19.012500762939453,15377404
2017-05-24,14.276195526123047,19.075000762939453,19.112499237060547,19.0625,19.087499618530273,11545072
2017-05-25,14.407167434692383,19.25,19.25,19.112499237060547,19.174999237060547,18727908
2017-05-26,14.397812843322754,19.237499237060547,19.287500381469727,19.1875,19.25,16073316
2017-05-31,14.313616752624512,19.125,19.375,19.100000381469727,19.237499237060547,10805204
2017-06-01,14.388463020324707,19.225000381469727,19.225000381469727,19.125,19.125,8886768
2017-06-02,14.444589614868164,19.299999237060547,19.325000762939453,19.262500762939453,19.325000762939453,14163736
2017-06-05,14.594276428222656,19.5,19.5,19.3125,19.337499618530273,13127008
2017-06-06,14.584918022155762,19.487499237060547,19.487499237060547,19.424999237060547,19.487499237060547,4812028
2017-06-07,14.584918022155762,19.487499237060547,19.524999618530273,19.424999237060547,19.475000381469727,7379160
2017-06-08,14.641050338745117,19.5625,19.5625,19.450000762939453,19.487499237060547,7547444
2017-06-09,14.594276428222656,19.5,19.587499618530273,19.487499237060547,19.512500762939453,12041656
2017-06-12,14.435239791870117,19.287500381469727,19.375,19.262500762939453,19.287500381469727,13203260
2017-06-13,14.453947067260742,19.3125,19.325000762939453,19.25,19.287500381469727,6463920
2017-06-14,14.379101753234863,19.212499618530273,19.350000381469727,19.125,19.350000381469727,13522368
2017-06-15,14.388463020324707,19.225000381469727,19.225000381469727,19.149999618530273,19.200000762939453,6029904
2017-06-16,14.538146018981934,19.424999237060547,19.424999237060547,19.212499618530273,19.225000381469727,16932372
2017-06-19,14.697185516357422,19.637500762939453,19.637500762939453,19.424999237060547,19.424999237060547,20579340
2017-06-20,14.865579605102539,19.862499237060547,19.912500381469727,19.649999618530273,19.649999618530273,16187336
2017-06-21,14.884291648864746,19.887500762939453,19.975000381469727,19.712499618530273,19.799999237060547,54451816
2017-06-22,14.921710968017578,19.9375,19.962499618530273,19.887500762939453,19.899999618530273,24451200
2017-06-23,14.912359237670898,19.924999237060547,20.012500762939453,19.912500381469727,19.9375,34068356
2017-06-26,15.230440139770508,20.350000381469727,20.375,19.950000762939453,19.950000762939453,57017924
2017-06-27,15.2117280960083,20.325000762939453,20.375,20.25,20.350000381469727,12104808
2017-06-28,15.07139778137207,20.137500762939453,20.262500762939453,20.075000762939453,20.225000381469727,25147648
2017-06-29,15.090109825134277,20.162500381469727,20.262500762939453,20.125,20.25,5709020
2017-06-30,15.04333209991455,20.100000381469727,20.100000381469727,19.950000762939453,20.024999618530273,12282612
2017-07-03,15.052685737609863,20.112499237060547,20.149999618530273,20.049999237060547,20.100000381469727,6204184
2017-07-04,14.968488693237305,20.0,20.149999618530273,20.0,20.112499237060547,4948796
2017-07-05,15.108819007873535,20.1875,20.1875,19.9375,20.024999618530273,9097248
2017-07-06,15.04333209991455,20.100000381469727,20.1875,20.049999237060547,20.1875,9969676
2017-07-07,14.95913314819336,19.987499237060547,20.0625,19.950000762939453,20.0625,14279240
2017-07-10,15.033973693847656,20.087499618530273,20.112499237060547,20.0,20.0,14199716
2017-07-11,15.258506774902344,20.387500762939453,20.387500762939453,20.137500762939453,20.174999237060547,16555084
2017-07-12,15.258506774902344,20.387500762939453,20.450000762939453,20.325000762939453,20.375,15792908
2017-07-13,15.380123138427734,20.549999237060547,20.600000381469727,20.4375,20.487499237060547,15970496
2017-07-14,15.352055549621582,20.512500762939453,20.537500381469727,20.450000762939453,20.5,9126536
2017-07-17,15.380123138427734,20.549999237060547,20.637500762939453,20.5,20.625,10750572
2017-07-18,15.417543411254883,20.600000381469727,20.600000381469727,20.462499618530273,20.549999237060547,13110824
2017-07-19,15.473675727844238,20.674999237060547,20.75,20.587499618530273,20.587499618530273,29070760
2017-07-20,15.46431827545166,20.662500381469727,20.725000381469727,20.637500762939453,20.712499618530273,8082744
2017-07-21,15.361409187316895,20.524999618530273,20.649999618530273,20.512500762939453,20.649999618530273,17863648
2017-07-24,15.39883041381836,20.575000762939453,20.575000762939453,20.4375,20.487499237060547,9457268
2017-07-25,15.426898956298828,20.612499237060547,20.625,20.524999618530273,20.575000762939453,8506584
2017-07-26,15.370767593383789,20.537500381469727,20.6875,20.512500762939453,20.637500762939453,9429780
2017-07-27,15.529806137084961,20.75,20.75,20.549999237060547,20.549999237060547,8854880
2017-07-28,15.361409187316895,20.524999618530273,20.612499237060547,20.487499237060547,20.600000381469727,17606404
2017-07-31,15.351975440979004,20.337499618530273,20.375,20.262500762939453,20.362499237060547,11226396
2017-08-01,15.43690013885498,20.450000762939453,20.537500381469727,20.387500762939453,20.537500381469727,10569560
2017-08-02,15.568997383117676,20.625,20.662500381469727,20.5,20.5,20181832
2017-08-03,15.512384414672852,20.549999237060547,20.587499618530273,20.424999237060547,20.462499618530273,16116432
2017-08-04,15.540691375732422,20.587499618530273,20.587499618530273,20.512500762939453,20.537500381469727,4575992
2017-08-07,15.653918266296387,20.737499237060547,20.75,20.612499237060547,20.612499237060547,16435276
2017-08-08,15.644489288330078,20.725000381469727,20.8125,20.637500762939453,20.762500762939453,11942984
2017-08-09,15.502950668334961,20.537500381469727,20.649999618530273,20.512500762939453,20.637500762939453,12488912
2017-08-10,15.39915657043457,20.399999618530273,20.612499237060547,20.337499618530273,20.587499618530273,12675976
2017-08-11,15.333102226257324,20.3125,20.337499618530273,20.1875,20.212499618530273,10989160
2017-08-14,15.238749504089355,20.1875,20.399999618530273,20.1875,20.362499237060547,8981648
2017-08-15,15.342543601989746,20.325000762939453,20.375,20.237499237060547,20.325000762939453,10835444
2017-08-16,15.28592300415039,20.25,20.3125,20.149999618530273,20.287500381469727,25131344
2017-08-17,15.408586502075195,20.412500381469727,20.424999237060547,20.287500381469727,20.3125,7875208
2017-08-18,15.31423282623291,20.287500381469727,20.287500381469727,20.162500381469727,20.25,9262572
2017-08-21,15.295364379882812,20.262500762939453,20.299999237060547,20.1875,20.262500762939453,8201116
2017-08-22,15.446331977844238,20.462499618530273,20.475000381469727,20.362499237060547,20.362499237060547,15946580
2017-08-23,15.427461624145508,20.4375,20.5625,20.4375,20.5,22018028
2017-08-24,15.578434944152832,20.637500762939453,20.637500762939453,20.462499618530273,20.462499618530273,13951484
2017-08-25,15.606743812561035,20.674999237060547,20.6875,20.600000381469727,20.662500381469727,10459032
2017-08-28,15.578434944152832,20.637500762939453,20.700000762939453,20.600000381469727,20.674999237060547,11092904
2017-08-29,15.531253814697266,20.575000762939453,20.600000381469727,20.487499237060547,20.5625,4914728
2017-08-30,15.606743812561035,20.674999237060547,20.725000381469727,20.649999618530273,20.662500381469727,16479772
2017-08-31,15.653918266296387,20.737499237060547,20.787500381469727,20.674999237060547,20.787500381469727,13137268
2017-09-01,15.663354873657227,20.75,20.799999237060547,20.662500381469727,20.737499237060547,17717428
2017-09-04,15.635048866271973,20.712499618530273,20.762500762939453,20.674999237060547,20.725000381469727,10383840
2017-09-05,15.653918266296387,20.737499237060547,20.75,20.662500381469727,20.725000381469727,10256056
2017-09-06,15.587868690490723,20.649999618530273,20.725000381469727,20.587499618530273,20.674999237060547,11565836
2017-09-07,15.521821975708008,20.5625,20.712499618530273,20.549999237060547,20.700000762939453,5475400
2017-09-08,15.606743812561035,20.674999237060547,20.725000381469727,20.600000381469727,20.600000381469727,11367228
2017-09-11,15.578434944152832,20.637500762939453,20.837499618530273,20.625,20.8125,6510960
2017-09-12,15.635048866271973,20.712499618530273,20.762500762939453,20.662500381469727,20.737499237060547,5577004
2017-09-13,15.531253814697266,20.575000762939453,20.75,20.5625,20.725000381469727,8701656
2017-09-14,15.540691375732422,20.587499618530273,20.637500762939453,20.537500381469727,20.575000762939453,6998744
2017-09-15,15.540691375732422,20.587499618530273,20.625,20.524999618530273,20.587499618530273,7284024
2017-09-18,15.691659927368164,20.787500381469727,20.787500381469727,20.649999618530273,20.712499618530273,10771272
2017-09-19,15.616174697875977,20.6875,20.825000762939453,20.662500381469727,20.799999237060547,5825792
2017-09-20,15.512384414672852,20.549999237060547,20.662500381469727,20.524999618530273,20.625,39854696
2017-09-21,15.606743812561035,20.674999237060547,20.700000762939453,20.487499237060547,20.512500762939453,7320912
2017-09-22,15.39915657043457,20.399999618530273,20.649999618530273,20.387500762939453,20.649999618530273,22423144
2017-09-25,15.276487350463867,20.237499237060547,20.387500762939453,20.1875,20.387500762939453,28284184
2017-09-26,15.153828620910645,20.075000762939453,20.262500762939453,20.075000762939453,20.200000762939453,47009200
2017-09-27,15.22930908203125,20.174999237060547,20.225000381469727,20.137500762939453,20.149999618530273,24971608
2017-09-28,15.172697067260742,20.100000381469727,20.200000762939453,20.075000762939453,20.1875,27597268
2017-09-29,15.219879150390625,20.162500381469727,20.162500381469727,20.075000762939453,20.112499237060547,13775460
2017-10-02,15.38028335571289,20.375,20.399999618530273,20.3125,20.3125,13040768
2017-10-03,15.38028335571289,20.375,20.424999237060547,20.325000762939453,20.387500762939453,6312412
2017-10-05,15.446331977844238,20.462499618530273,20.524999618530273,20.375,20.375,25628312
2017-10-06,15.493508338928223,20.524999618530273,20.549999237060547,20.487499237060547,20.524999618530273,16507124
2017-10-11,15.738842964172363,20.850000381469727,20.850000381469727,20.612499237060547,20.612499237060547,63901824
2017-10-12,15.889813423156738,21.049999237060547,21.049999237060547,20.887500762939453,20.887500762939453,35080176
2017-10-13,15.861506462097168,21.012500762939453,21.012500762939453,20.9375,20.987499237060547,14384064
2017-10-16,15.946431159973145,21.125,21.125,21.012500762939453,21.012500762939453,16182852
2017-10-17,15.908685684204102,21.075000762939453,21.174999237060547,21.075000762939453,21.137500762939453,12935588
2017-10-18,15.965296745300293,21.149999618530273,21.25,21.075000762939453,21.200000762939453,17890512
2017-10-19,16.02191162109375,21.225000381469727,21.299999237060547,21.174999237060547,21.174999237060547,9789764
2017-10-20,15.955863952636719,21.137500762939453,21.212499618530273,21.100000381469727,21.100000381469727,6902248
2017-10-23,15.946431159973145,21.125,21.237499237060547,21.112499237060547,21.174999237060547,7087432
2017-10-24,15.927558898925781,21.100000381469727,21.125,21.049999237060547,21.125,4288612
2017-10-25,15.918118476867676,21.087499618530273,21.149999618530273,21.049999237060547,21.075000762939453,9666564
2017-10-26,15.899248123168945,21.0625,21.100000381469727,21.0,21.037500381469727,12905928
2017-10-27,15.908685684204102,21.075000762939453,21.1875,21.049999237060547,21.075000762939453,8564552
2017-10-30,16.031349182128906,21.237499237060547,21.337499618530273,21.200000762939453,21.274999618530273,13431968
2017-10-31,16.078527450561523,21.299999237060547,21.337499618530273,21.200000762939453,21.25,8525736
2017-11-01,16.059654235839844,21.274999618530273,21.350000381469727,21.237499237060547,21.337499618530273,5254992
2017-11-02,16.003042221069336,21.200000762939453,21.262500762939453,21.174999237060547,21.237499237060547,6250148
2017-11-03,15.984170913696289,21.174999237060547,21.262500762939453,21.149999618530273,21.237499237060547,5823476
2017-11-06,16.01247787475586,21.212499618530273,21.325000762939453,21.149999618530273,21.299999237060547,6293204
2017-11-07,16.097402572631836,21.325000762939453,21.325000762939453,21.212499618530273,21.25,8845884
2017-11-08,16.031349182128906,21.237499237060547,21.299999237060547,21.237499237060547,21.299999237060547,3239520
2017-11-09,15.927558898925781,21.100000381469727,21.262500762939453,21.100000381469727,21.237499237060547,5033196
2017-11-10,15.955863952636719,21.137500762939453,21.137500762939453,20.987499237060547,21.075000762939453,3692824
2017-11-13,15.908685684204102,21.075000762939453,21.100000381469727,21.049999237060547,21.0625,3917128
2017-11-14,15.880378723144531,21.037500381469727,21.075000762939453,20.987499237060547,21.075000762939453,4063196
2017-11-15,15.719968795776367,20.825000762939453,20.962499618530273,20.787500381469727,20.950000762939453,24280764
2017-11-16,15.776586532592773,20.899999618530273,20.9375,20.799999237060547,20.825000762939453,8707248
2017-11-17,15.918118476867676,21.087499618530273,21.112499237060547,21.037500381469727,21.075000762939453,28784476
2017-11-20,15.852071762084961,21.0,21.112499237060547,20.975000381469727,21.100000381469727,9204096
2017-11-21,15.993609428405762,21.1875,21.200000762939453,20.975000381469727,20.975000381469727,17878752
2017-11-22,16.069095611572266,21.287500381469727,21.399999618530273,21.225000381469727,21.287500381469727,19654892
2017-11-23,16.078527450561523,21.299999237060547,21.337499618530273,21.237499237060547,21.287500381469727,6208204
2017-11-24,16.069095611572266,21.287500381469727,21.325000762939453,21.237499237060547,21.3125,4274136
2017-11-27,15.880378723144531,21.037500381469727,21.287500381469727,21.024999618530273,21.287500381469727,8509216
2017-11-28,15.776586532592773,20.899999618530273,21.0,20.875,20.987499237060547,8028492
2017-11-29,15.795454025268555,20.924999237060547,20.987499237060547,20.887500762939453,20.912500381469727,5527436
2017-11-30,15.521821975708008,20.5625,20.75,20.5625,20.75,32153968
2017-12-01,15.587868690490723,20.649999618530273,20.725000381469727,20.412500381469727,20.537500381469727,22481288
2017-12-04,15.644489288330078,20.725000381469727,20.737499237060547,20.587499618530273,20.662500381469727,6014996
2017-12-05,15.521821975708008,20.5625,20.662500381469727,20.549999237060547,20.637500762939453,7520528
2017-12-06,15.257616996765137,20.212499618530273,20.524999618530273,20.212499618530273,20.524999618530273,52941612
2017-12-07,15.267053604125977,20.225000381469727,20.3125,20.112499237060547,20.299999237060547,29236120
2017-12-08,15.267053604125977,20.225000381469727,20.375,20.162500381469727,20.375,25120068
2017-12-11,15.38028335571289,20.375,20.412500381469727,20.299999237060547,20.299999237060547,10955980
2017-12-12,15.276487350463867,20.237499237060547,20.375,20.137500762939453,20.350000381469727,15762584
2017-12-13,15.28592300415039,20.25,20.299999237060547,20.225000381469727,20.274999618530273,6707996
2017-12-14,15.427461624145508,20.4375,20.5,20.337499618530273,20.387500762939453,8985120
2017-12-15,15.304795265197754,20.274999618530273,20.412500381469727,20.162500381469727,20.412500381469727,16308644
2017-12-18,15.3236665725708,20.299999237060547,20.3125,20.212499618530273,20.299999237060547,15370456
2017-12-19,15.24818229675293,20.200000762939453,20.350000381469727,20.174999237060547,20.299999237060547,16380392
2017-12-20,15.295364379882812,20.262500762939453,20.274999618530273,20.1875,20.200000762939453,18609096
2017-12-21,15.28592300415039,20.25,20.337499618530273,20.25,20.274999618530273,4963292
2017-12-22,15.342543601989746,20.325000762939453,20.337499618530273,20.174999237060547,20.200000762939453,6579364
2017-12-25,15.370849609375,20.362499237060547,20.387500762939453,20.325000762939453,20.325000762939453,4011732
2017-12-26,15.219879150390625,20.162500381469727,20.362499237060547,20.125,20.362499237060547,10312784
2017-12-27,15.267053604125977,20.225000381469727,20.225000381469727,20.137500762939453,20.149999618530273,14400572
2017-12-28,15.418022155761719,20.424999237060547,20.4375,20.3125,20.3125,12379264
2017-12-29,15.502950668334961,20.537500381469727,20.549999237060547,20.4375,20.4375,18761184
2018-01-02,15.587868690490723,20.649999618530273,20.649999618530273,20.537500381469727,20.537500381469727,14452796
2018-01-03,15.72940731048584,20.837499618530273,20.862499237060547,20.737499237060547,20.737499237060547,28785748
2018-01-04,15.757710456848145,20.875,20.912500381469727,20.799999237060547,20.875,22510260
2018-01-05,15.804893493652344,20.9375,20.950000762939453,20.825000762939453,20.875,30467184
2018-01-08,15.870942115783691,21.024999618530273,21.037500381469727,20.924999237060547,20.950000762939453,20758444
2018-01-09,15.880378723144531,21.037500381469727,21.0625,20.975000381469727,21.024999618530273,14658864
2018-01-10,15.804893493652344,20.9375,21.0625,20.887500762939453,21.024999618530273,22998388
2018-01-11,15.738842964172363,20.850000381469727,20.924999237060547,20.774999618530273,20.912500381469727,10316900
2018-01-12,15.870942115783691,21.024999618530273,21.049999237060547,20.875,20.887500762939453,11484772
2018-01-15,15.974736213684082,21.162500381469727,21.174999237060547,21.100000381469727,21.137500762939453,11279408
2018-01-16,16.04078483581543,21.25,21.25,21.125,21.162500381469727,15823364
2018-01-17,16.069095611572266,21.287500381469727,21.362499237060547,21.162500381469727,21.162500381469727,22793072
2018-01-18,16.286117553710938,21.575000762939453,21.637500762939453,21.375,21.375,27595212
2018-01-19,16.446523666381836,21.787500381469727,21.787500381469727,21.587499618530273,21.587499618530273,21208288
2018-01-22,16.597497940063477,21.987499237060547,21.987499237060547,21.787500381469727,21.787500381469727,17764244
2018-01-23,16.663549423217773,22.075000762939453,22.100000381469727,21.975000381469727,22.012500762939453,23199728
2018-01-24,16.455957412719727,21.799999237060547,22.0,21.712499618530273,22.0,20413716
2018-01-25,16.503137588500977,21.862499237060547,22.075000762939453,21.787500381469727,21.8125,19934736
2018-01-26,16.512575149536133,21.875,21.899999618530273,21.712499618530273,21.862499237060547,31098692
2018-01-29,16.560970306396484,21.387500762939453,21.537500381469727,21.299999237060547,21.375,25783188
2018-01-30,16.367387771606445,21.137500762939453,21.337499618530273,21.125,21.299999237060547,19865044
2018-01-31,16.38674545288086,21.162500381469727,21.25,21.037500381469727,21.100000381469727,17006956
2018-02-01,16.50289535522461,21.3125,21.375,21.1875,21.1875,11658156
2018-02-02,16.435138702392578,21.225000381469727,21.287500381469727,21.087499618530273,21.212499618530273,12326368
2018-02-05,16.18348503112793,20.899999618530273,20.9375,20.725000381469727,20.799999237060547,28303608
2018-02-06,15.418835639953613,19.912500381469727,20.274999618530273,19.700000762939453,20.212499618530273,128890380
2018-02-07,15.612420082092285,20.162500381469727,20.350000381469727,20.149999618530273,20.337499618530273,40727628
2018-02-08,15.602737426757812,20.149999618530273,20.237499237060547,20.075000762939453,20.162500381469727,18058764
2018-02-09,15.302681922912598,19.762500762939453,19.799999237060547,19.5,19.649999618530273,64844948
2018-02-12,15.428515434265137,19.924999237060547,19.975000381469727,19.850000381469727,19.887500762939453,33775180
2018-02-21,15.776961326599121,20.375,20.424999237060547,20.274999618530273,20.350000381469727,46584340
2018-02-22,15.680167198181152,20.25,20.375,20.1875,20.375,14999640
2018-02-23,15.873754501342773,20.5,20.524999618530273,20.350000381469727,20.350000381469727,14317264
2018-02-26,15.951181411743164,20.600000381469727,20.700000762939453,20.587499618530273,20.637500762939453,13156828
2018-02-27,15.941506385803223,20.587499618530273,20.799999237060547,20.587499618530273,20.774999618530273,30654984
2018-03-01,15.825356483459473,20.4375,20.487499237060547,20.287500381469727,20.387500762939453,17376880
2018-03-02,15.709206581115723,20.287500381469727,20.299999237060547,20.112499237060547,20.212499618530273,25049444
2018-03-05,15.631776809692383,20.1875,20.375,20.162500381469727,20.274999618530273,14895028
2018-03-06,15.902791976928711,20.537500381469727,20.537500381469727,20.399999618530273,20.412500381469727,22128816
2018-03-07,15.835037231445312,20.450000762939453,20.612499237060547,20.424999237060547,20.4375,10476644
2018-03-08,16.018936157226562,20.6875,20.700000762939453,20.537500381469727,20.537500381469727,12930332
2018-03-09,16.038297653198242,20.712499618530273,20.75,20.674999237060547,20.725000381469727,11328256
2018-03-12,16.289953231811523,21.037500381469727,21.0625,20.887500762939453,20.899999618530273,35009296
2018-03-13,16.4448184967041,21.237499237060547,21.237499237060547,21.075000762939453,21.087499618530273,39349740
2018-03-14,16.31899070739746,21.075000762939453,21.112499237060547,21.0,21.087499618530273,13663712
2018-03-15,16.309310913085938,21.0625,21.075000762939453,20.975000381469727,21.0,14027592
2018-03-16,16.241558074951172,20.975000381469727,21.049999237060547,20.774999618530273,21.0,22042684
2018-03-19,16.23188018798828,20.962499618530273,21.024999618530273,20.862499237060547,20.912500381469727,8142136
2018-03-20,16.22220230102539,20.950000762939453,20.950000762939453,20.799999237060547,20.799999237060547,11581400
2018-03-21,16.23188018798828,20.962499618530273,21.024999618530273,20.899999618530273,20.950000762939453,19566108
2018-03-22,16.173803329467773,20.887500762939453,21.149999618530273,20.862499237060547,21.0,13719700
2018-03-23,15.893107414245605,20.524999618530273,20.600000381469727,20.450000762939453,20.462499618530273,32238952
2018-03-26,15.912468910217285,20.549999237060547,20.549999237060547,20.399999618530273,20.462499618530273,17476488
2018-03-27,16.14476776123047,20.850000381469727,20.850000381469727,20.737499237060547,20.75,13110272
2018-03-28,15.922149658203125,20.5625,20.725000381469727,20.549999237060547,20.725000381469727,16644768
2018-03-29,15.893107414245605,20.524999618530273,20.587499618530273,20.450000762939453,20.5625,16399420
2018-03-30,16.038297653198242,20.712499618530273,20.762500762939453,20.662500381469727,20.662500381469727,19976360
2018-04-02,15.922149658203125,20.5625,20.737499237060547,20.537500381469727,20.712499618530273,14949196
2018-04-03,15.776961326599121,20.375,20.387500762939453,20.299999237060547,20.375,24750092
2018-04-09,15.912468910217285,20.549999237060547,20.575000762939453,20.399999618530273,20.537500381469727,13605720
2018-04-10,15.970541954040527,20.625,20.712499618530273,20.4375,20.524999618530273,15441988
2018-04-11,16.038297653198242,20.712499618530273,20.774999618530273,20.6875,20.725000381469727,10414612
2018-04-12,15.970541954040527,20.625,20.787500381469727,20.5625,20.762500762939453,14366292
2018-04-13,15.970541954040527,20.625,20.700000762939453,20.575000762939453,20.674999237060547,11930928
2018-04-16,15.931825637817383,20.575000762939453,20.662500381469727,20.5,20.662500381469727,7236792
2018-04-17,15.757604598999023,20.350000381469727,20.600000381469727,20.337499618530273,20.600000381469727,17300160
2018-04-18,15.796320915222168,20.399999618530273,20.524999618530273,20.337499618530273,20.399999618530273,14959348
2018-04-19,15.999579429626465,20.662500381469727,20.662500381469727,20.475000381469727,20.475000381469727,17845076
2018-04-20,15.631776809692383,20.1875,20.274999618530273,20.125,20.25,36070860
2018-04-23,15.476906776428223,19.987499237060547,20.112499237060547,19.975000381469727,20.0625,42499120
2018-04-24,15.399476051330566,19.887500762939453,19.987499237060547,19.762500762939453,19.975000381469727,67471148
2018-04-25,15.351078033447266,19.825000762939453,19.825000762939453,19.700000762939453,19.8125,65843988
2018-04-26,15.302681922912598,19.762500762939453,19.924999237060547,19.700000762939453,19.924999237060547,65943112
2018-04-27,15.331722259521484,19.799999237060547,19.912500381469727,19.700000762939453,19.899999618530273,49582444
2018-04-30,15.486587524414062,20.0,20.037500381469727,19.762500762939453,19.912500381469727,26067932
2018-05-02,15.37043571472168,19.850000381469727,20.037500381469727,19.850000381469727,20.012500762939453,22053992
2018-05-03,15.205893516540527,19.637500762939453,19.762500762939453,19.587499618530273,19.762500762939453,35293736
2018-05-04,15.2833251953125,19.737499237060547,19.75,19.600000381469727,19.637500762939453,13901692
2018-05-07,15.389796257019043,19.875,19.887500762939453,19.700000762939453,19.875,15433528
2018-05-08,15.486587524414062,20.0,20.012500762939453,19.837499618530273,19.850000381469727,21408464
2018-05-09,15.573700904846191,20.112499237060547,20.137500762939453,20.0,20.0,13436088
2018-05-10,15.612420082092285,20.162500381469727,20.174999237060547,20.112499237060547,20.174999237060547,23909216
2018-05-11,15.796320915222168,20.399999618530273,20.424999237060547,20.262500762939453,20.274999618530273,70617188
2018-05-14,15.970541954040527,20.625,20.649999618530273,20.475000381469727,20.5,68790744
2018-05-15,15.805994987487793,20.412500381469727,20.600000381469727,20.412500381469727,20.587499618530273,28889928
2018-05-16,15.825356483459473,20.4375,20.450000762939453,20.350000381469727,20.362499237060547,33174404
2018-05-17,15.718884468078613,20.299999237060547,20.5,20.299999237060547,20.487499237060547,7763112
2018-05-18,15.670488357543945,20.237499237060547,20.375,20.212499618530273,20.299999237060547,9442848
2018-05-21,15.883431434631348,20.512500762939453,20.524999618530273,20.299999237060547,20.299999237060547,15558644
2018-05-22,15.825356483459473,20.4375,20.575000762939453,20.4375,20.450000762939453,7349796
2018-05-23,15.747923851013184,20.337499618530273,20.5,20.325000762939453,20.475000381469727,8497492
2018-05-24,15.786642074584961,20.387500762939453,20.424999237060547,20.3125,20.337499618530273,4541296
2018-05-25,15.84471321105957,20.462499618530273,20.512500762939453,20.350000381469727,20.387500762939453,12462992
2018-05-28,15.912468910217285,20.549999237060547,20.5625,20.5,20.512500762939453,11761532
2018-05-29,15.84471321105957,20.462499618530273,20.549999237060547,20.375,20.549999237060547,5554160
2018-05-30,15.564020156860352,20.100000381469727,20.350000381469727,20.075000762939453,20.350000381469727,24711276
2018-05-31,15.631776809692383,20.1875,20.237499237060547,20.137500762939453,20.200000762939453,6423688
2018-06-01,15.747923851013184,20.337499618530273,20.362499237060547,20.200000762939453,20.200000762939453,7394776
2018-06-04,15.989900588989258,20.649999618530273,20.649999618530273,20.450000762939453,20.450000762939453,28324256
2018-06-05,15.970541954040527,20.625,20.674999237060547,20.5625,20.674999237060547,10783684
2018-06-06,16.12540626525879,20.825000762939453,20.837499618530273,20.662500381469727,20.662500381469727,25593288
2018-06-07,16.154443740844727,20.862499237060547,20.899999618530273,20.75,20.875,26817272
2018-06-08,15.980222702026367,20.637500762939453,20.825000762939453,20.625,20.825000762939453,13878156
2018-06-11,15.999579429626465,20.662500381469727,20.737499237060547,20.600000381469727,20.700000762939453,13057500
2018-06-12,15.970541954040527,20.625,20.625,20.487499237060547,20.5625,8972896
2018-06-13,16.067333221435547,20.75,20.774999618530273,20.587499618530273,20.612499237060547,18672580
2018-06-14,15.825356483459473,20.4375,20.637500762939453,20.4375,20.625,14257072
2018-06-15,15.864072799682617,20.487499237060547,20.487499237060547,20.299999237060547,20.399999618530273,15448488
2018-06-19,15.602737426757812,20.149999618530273,20.299999237060547,20.149999618530273,20.274999618530273,19976952
2018-06-20,15.776961326599121,20.375,20.424999237060547,20.075000762939453,20.162500381469727,31467980
2018-06-21,15.72856330871582,20.3125,20.399999618530273,20.299999237060547,20.375,8539404
2018-06-22,15.709206581115723,20.287500381469727,20.299999237060547,20.087499618530273,20.200000762939453,25929844
2018-06-25,15.660811424255371,20.225000381469727,20.262500762939453,20.174999237060547,20.212499618530273,31972724
2018-06-26,15.622092247009277,20.174999237060547,20.174999237060547,20.0,20.174999237060547,65736564
2018-06-27,15.564020156860352,20.100000381469727,20.225000381469727,20.075000762939453,20.1875,33232196
2018-06-28,15.49626636505127,20.012500762939453,20.100000381469727,19.950000762939453,20.012500762939453,48256080
2018-06-29,15.76728343963623,20.362499237060547,20.387500762939453,20.049999237060547,20.075000762939453,26336852
2018-07-02,15.689851760864258,20.262500762939453,20.475000381469727,20.25,20.375,16702512
2018-07-03,15.709206581115723,20.287500381469727,20.487499237060547,20.149999618530273,20.325000762939453,20094748
2018-07-04,15.757604598999023,20.350000381469727,20.399999618530273,20.274999618530273,20.287500381469727,6985796
2018-07-05,15.631776809692383,20.1875,20.362499237060547,20.149999618530273,20.362499237060547,12476328
2018-07-06,15.670488357543945,20.237499237060547,20.287500381469727,20.049999237060547,20.274999618530273,21405968
2018-07-09,15.922149658203125,20.5625,20.612499237060547,20.387500762939453,20.4375,36155112
2018-07-10,15.960865020751953,20.612499237060547,20.700000762939453,20.587499618530273,20.662500381469727,19655208
2018-07-11,15.815673828125,20.424999237060547,20.475000381469727,20.325000762939453,20.424999237060547,15596276
2018-07-12,15.999579429626465,20.662500381469727,20.662500381469727,20.375,20.399999618530273,27531384
2018-07-13,16.135089874267578,20.837499618530273,20.850000381469727,20.700000762939453,20.75,54647116
2018-07-16,16.067333221435547,20.75,20.862499237060547,20.75,20.825000762939453,21321728
2018-07-17,15.980222702026367,20.637500762939453,20.712499618530273,20.600000381469727,20.712499618530273,11971004
2018-07-18,16.07701301574707,20.762500762939453,20.875,20.737499237060547,20.787500381469727,52697820
2018-07-19,16.12540626525879,20.825000762939453,20.950000762939453,20.762500762939453,20.774999618530273,52870644
2018-07-20,16.38674545288086,21.162500381469727,21.174999237060547,21.0,21.0,73613480
2018-07-23,16.503864288330078,21.137500762939453,21.1875,20.962499618530273,21.075000762939453,34017888
2018-07-24,16.533138275146484,21.174999237060547,21.174999237060547,21.037500381469727,21.112499237060547,20467256
2018-07-25,16.54290199279785,21.1875,21.212499618530273,21.012500762939453,21.012500762939453,25408804
2018-07-26,16.59170150756836,21.25,21.3125,21.1875,21.1875,33884680
2018-07-27,16.728336334228516,21.424999237060547,21.4375,21.274999618530273,21.274999618530273,23788472
2018-07-30,16.699060440063477,21.387500762939453,21.475000381469727,21.350000381469727,21.412500381469727,12921640
2018-07-31,16.699060440063477,21.387500762939453,21.424999237060547,21.262500762939453,21.337499618530273,10958652
2018-08-01,16.816179275512695,21.537500381469727,21.549999237060547,21.450000762939453,21.450000762939453,16050028
2018-08-02,16.562427520751953,21.212499618530273,21.537500381469727,21.212499618530273,21.524999618530273,19099800
2018-08-03,16.699060440063477,21.387500762939453,21.424999237060547,21.337499618530273,21.350000381469727,4900664
2018-08-06,16.728336334228516,21.424999237060547,21.524999618530273,21.337499618530273,21.387500762939453,9698684
2018-08-07,16.689302444458008,21.375,21.450000762939453,21.350000381469727,21.424999237060547,4797124
2018-08-08,16.816179275512695,21.537500381469727,21.600000381469727,21.450000762939453,21.450000762939453,16299936
2018-08-09,16.816179275512695,21.537500381469727,21.5625,21.424999237060547,21.524999618530273,6527156
2018-08-10,16.728336334228516,21.424999237060547,21.537500381469727,21.412500381469727,21.424999237060547,5119668
2018-08-13,16.38674545288086,20.987499237060547,21.262500762939453,20.912500381469727,21.262500762939453,29139736
2018-08-14,16.503864288330078,21.137500762939453,21.149999618530273,21.012500762939453,21.100000381469727,8972820
2018-08-15,16.347705841064453,20.9375,21.125,20.862499237060547,21.125,17118684
2018-08-16,16.35746955871582,20.950000762939453,21.024999618530273,20.762500762939453,20.8125,18130168
2018-08-17,16.328187942504883,20.912500381469727,21.037500381469727,20.899999618530273,20.987499237060547,18560156
2018-08-20,16.38674545288086,20.987499237060547,21.024999618530273,20.924999237060547,20.975000381469727,12591984
2018-08-21,16.503864288330078,21.137500762939453,21.162500381469727,20.975000381469727,20.975000381469727,20092232
2018-08-22,16.52338409423828,21.162500381469727,21.212499618530273,21.087499618530273,21.174999237060547,14183072
2018-08-23,16.601465225219727,21.262500762939453,21.299999237060547,21.149999618530273,21.200000762939453,15476944
2018-08-24,16.55266571044922,21.200000762939453,21.274999618530273,21.112499237060547,21.25,10196696
2018-08-27,16.699060440063477,21.387500762939453,21.387500762939453,21.25,21.25,20073816
2018-08-28,16.83570098876953,21.5625,21.600000381469727,21.487499237060547,21.487499237060547,33152312
2018-08-29,17.03089714050293,21.8125,21.837499618530273,21.612499237060547,21.612499237060547,53535384
2018-08-30,17.08945655822754,21.887500762939453,22.087499618530273,21.862499237060547,21.950000762939453,39576708
2018-08-31,16.972335815429688,21.737499237060547,21.75,21.612499237060547,21.75,16982440
2018-09-03,16.874738693237305,21.612499237060547,21.799999237060547,21.600000381469727,21.737499237060547,14668308
2018-09-04,16.98209571838379,21.75,21.75,21.612499237060547,21.700000762939453,9430900
2018-09-05,16.98209571838379,21.75,21.825000762939453,21.674999237060547,21.75,9985232
2018-09-06,16.88450050354004,21.625,21.725000381469727,21.549999237060547,21.725000381469727,7783556
2018-09-07,16.86497688293457,21.600000381469727,21.612499237060547,21.5,21.549999237060547,10023632
2018-09-10,16.78689956665039,21.5,21.649999618530273,21.412500381469727,21.649999618530273,21205124
2018-09-11,16.718576431274414,21.412500381469727,21.5,21.350000381469727,21.487499237060547,78101616
2018-09-12,16.699060440063477,21.387500762939453,21.475000381469727,21.3125,21.462499618530273,74335892
2018-09-13,16.581937789916992,21.237499237060547,21.450000762939453,21.225000381469727,21.450000762939453,83984800
2018-09-14,16.88450050354004,21.625,21.625,21.399999618530273,21.4375,34465500
2018-09-17,16.757619857788086,21.462499618530273,21.625,21.424999237060547,21.625,35955840
2018-09-18,16.669784545898438,21.350000381469727,21.424999237060547,21.299999237060547,21.399999618530273,24562284
2018-09-19,16.816179275512695,21.537500381469727,21.575000762939453,21.424999237060547,21.450000762939453,27526508
2018-09-20,16.767379760742188,21.475000381469727,21.637500762939453,21.450000762939453,21.612499237060547,16639104
2018-09-21,16.95281982421875,21.712499618530273,21.712499618530273,21.475000381469727,21.5625,29481756
2018-09-25,17.00161361694336,21.774999618530273,21.787500381469727,21.649999618530273,21.662500381469727,30025008
2018-09-26,16.962575912475586,21.725000381469727,21.75,21.6875,21.725000381469727,32146012
2018-09-27,17.0504150390625,21.837499618530273,21.862499237060547,21.649999618530273,21.649999618530273,111200144
2018-09-28,16.962575912475586,21.725000381469727,21.912500381469727,21.649999618530273,21.837499618530273,52809484
2018-10-01,17.0504150390625,21.837499618530273,21.850000381469727,21.725000381469727,21.725000381469727,23648936
2018-10-02,16.796659469604492,21.512500762939453,21.8125,21.5,21.8125,21737328
2018-10-03,16.77713394165039,21.487499237060547,21.575000762939453,21.450000762939453,21.512500762939453,17478760
2018-10-04,16.572185516357422,21.225000381469727,21.424999237060547,21.200000762939453,21.424999237060547,38947872
2018-10-05,16.28914451599121,20.862499237060547,21.125,20.75,21.125,106976384
2018-10-08,16.201309204101562,20.75,20.850000381469727,20.625,20.737499237060547,186048816
2018-10-09,16.250110626220703,20.8125,20.850000381469727,20.700000762939453,20.762500762939453,82123588
2018-10-11,15.108207702636719,19.350000381469727,20.037500381469727,19.337499618530273,20.037500381469727,274206496
2018-10-12,15.625479698181152,20.012500762939453,20.012500762939453,19.375,19.424999237060547,92733128
2018-10-15,15.459564208984375,19.799999237060547,19.875,19.662500381469727,19.875,196954632
2018-10-16,15.479082107543945,19.825000762939453,19.875,19.649999618530273,19.75,66706580
2018-10-17,15.498601913452148,19.850000381469727,20.125,19.837499618530273,20.112499237060547,81220148
2018-10-18,15.449803352355957,19.787500381469727,19.9375,19.737499237060547,19.875,31893128
2018-10-19,15.479082107543945,19.825000762939453,19.825000762939453,19.5,19.549999237060547,48256144
2018-10-22,15.459564208984375,19.799999237060547,19.887500762939453,19.5,19.587499618530273,49813812
2018-10-23,15.176529884338379,19.4375,19.649999618530273,19.424999237060547,19.524999618530273,99593568
2018-10-24,15.108207702636719,19.350000381469727,19.487499237060547,19.174999237060547,19.450000762939453,52010000
2018-10-25,14.737335205078125,18.875,19.049999237060547,18.825000762939453,18.875,115743544
2018-10-26,14.717817306518555,18.850000381469727,19.112499237060547,18.625,19.0625,71135124
2018-10-29,14.786136627197266,18.9375,19.024999618530273,18.837499618530273,18.962499618530273,39533040
2018-10-30,14.825173377990723,18.987499237060547,19.0625,18.875,18.950000762939453,24460200
2018-10-31,15.13748836517334,19.387500762939453,19.387500762939453,19.149999618530273,19.149999618530273,39552896
2018-11-01,15.303406715393066,19.600000381469727,19.612499237060547,19.387500762939453,19.462499618530273,27189176
2018-11-02,15.35220718383789,19.662500381469727,19.700000762939453,19.5,19.600000381469727,26829316
2018-11-05,15.274127006530762,19.5625,19.5625,19.399999618530273,19.524999618530273,18483000
2018-11-06,15.225325584411621,19.5,19.625,19.4375,19.612499237060547,24737928
2018-11-07,15.303406715393066,19.600000381469727,19.637500762939453,19.512500762939453,19.549999237060547,24743000
2018-11-08,15.391243934631348,19.712499618530273,19.850000381469727,19.625,19.787500381469727,41055940
2018-11-09,15.186287879943848,19.450000762939453,19.625,19.412500381469727,19.625,147344044
2018-11-12,15.225325584411621,19.5,19.575000762939453,19.387500762939453,19.4375,24513040
2018-11-13,15.049649238586426,19.274999618530273,19.3125,18.924999237060547,19.037500381469727,42823476
2018-11-14,15.098445892333984,19.337499618530273,19.350000381469727,19.25,19.3125,25145500
2018-11-15,15.147247314453125,19.399999618530273,19.412500381469727,19.1875,19.375,22737472
2018-11-16,15.020371437072754,19.237499237060547,19.487499237060547,19.212499618530273,19.487499237060547,35511616
2018-11-19,14.97157096862793,19.174999237060547,19.287500381469727,19.149999618530273,19.262500762939453,28221480
2018-11-20,14.834933280944824,19.0,19.125,18.9375,19.100000381469727,34404492
2018-11-21,14.834933280944824,19.0,19.012500762939453,18.712499618530273,18.825000762939453,60492172
2018-11-22,14.756856918334961,18.899999618530273,19.0625,18.899999618530273,19.024999618530273,23731212
2018-11-23,14.708057403564453,18.837499618530273,18.962499618530273,18.762500762939453,18.924999237060547,16128860
2018-11-26,14.864212036132812,19.037500381469727,19.237499237060547,18.9375,18.975000381469727,25285068
2018-11-27,14.844693183898926,19.012500762939453,19.012500762939453,18.799999237060547,18.987499237060547,30455732
2018-11-28,15.010610580444336,19.225000381469727,19.237499237060547,18.9375,19.037500381469727,30123040
2018-11-29,15.039889335632324,19.262500762939453,19.487499237060547,19.262500762939453,19.424999237060547,35502348
2018-11-30,14.981331825256348,19.1875,19.337499618530273,19.1875,19.299999237060547,16836844
2018-12-03,15.381484985351562,19.700000762939453,19.75,19.450000762939453,19.462499618530273,55367944
2018-12-04,15.274127006530762,19.5625,19.625,19.524999618530273,19.625,16317136
2018-12-05,14.961810111999512,19.162500381469727,19.299999237060547,19.162500381469727,19.274999618530273,38529464
2018-12-06,14.659257888793945,18.774999618530273,18.962499618530273,18.712499618530273,18.962499618530273,81301684
2018-12-07,14.72757339477539,18.862499237060547,18.9375,18.825000762939453,18.899999618530273,27108032
2018-12-10,14.532379150390625,18.612499237060547,18.725000381469727,18.612499237060547,18.625,52041136
2018-12-11,14.649497985839844,18.762500762939453,18.774999618530273,18.612499237060547,18.625,21232912
2018-12-12,14.87397289276123,19.049999237060547,19.0625,18.850000381469727,18.912500381469727,34658780
2018-12-13,14.893495559692383,19.075000762939453,19.125,18.987499237060547,19.049999237060547,24950320
2018-12-14,14.708057403564453,18.837499618530273,18.950000762939453,18.737499237060547,18.950000762939453,35047356
2018-12-17,14.825173377990723,18.987499237060547,19.012500762939453,18.787500381469727,18.837499618530273,22553732
2018-12-18,14.698295593261719,18.825000762939453,18.887500762939453,18.762500762939453,18.875,30620004
2018-12-19,14.815411567687988,18.975000381469727,18.987499237060547,18.837499618530273,18.875,17973840
2018-12-20,14.649497985839844,18.762500762939453,18.887500762939453,18.75,18.75,38230852
2018-12-21,14.678775787353516,18.799999237060547,18.8125,18.612499237060547,18.737499237060547,33860572
2018-12-24,14.581181526184082,18.674999237060547,18.75,18.637500762939453,18.712499618530273,23809316
2018-12-25,14.395742416381836,18.4375,18.537500381469727,18.325000762939453,18.537500381469727,48285016
2018-12-26,14.356703758239746,18.387500762939453,18.575000762939453,18.375,18.5,35679876
2018-12-27,14.649497985839844,18.762500762939453,18.787500381469727,18.625,18.700000762939453,38461436
2018-12-28,14.737335205078125,18.875,18.875,18.712499618530273,18.774999618530273,18519500
2019-01-02,14.454300880432129,18.512500762939453,18.975000381469727,18.487499237060547,18.962499618530273,34128292
2019-01-03,14.317662239074707,18.337499618530273,18.5,18.3125,18.450000762939453,53388588
2019-01-04,14.09318733215332,18.049999237060547,18.200000762939453,18.0,18.200000762939453,85169860
2019-01-07,14.434781074523926,18.487499237060547,18.512500762939453,18.3125,18.387500762939453,58422552
2019-01-08,14.376221656799316,18.412500381469727,18.537500381469727,18.387500762939453,18.537500381469727,44026800
2019-01-09,14.63973617553711,18.75,18.787500381469727,18.487499237060547,18.487499237060547,45722092
2019-01-10,14.600698471069336,18.700000762939453,18.725000381469727,18.625,18.700000762939453,11293132
2019-01-11,14.737335205078125,18.875,18.9375,18.787500381469727,18.825000762939453,41451660
2019-01-14,14.63973617553711,18.75,18.862499237060547,18.6875,18.862499237060547,21193620
2019-01-15,14.766616821289062,18.912500381469727,18.950000762939453,18.762500762939453,18.762500762939453,47345800
2019-01-16,14.747096061706543,18.887500762939453,18.924999237060547,18.837499618530273,18.912500381469727,61370012
2019-01-17,14.747096061706543,18.887500762939453,18.975000381469727,18.787500381469727,18.899999618530273,40082956
2019-01-18,14.825173377990723,18.987499237060547,19.024999618530273,18.850000381469727,18.9375,33173964
2019-01-21,14.932531356811523,19.125,19.174999237060547,19.0625,19.087499618530273,41019024
2019-01-22,14.902345657348633,18.512500762939453,18.600000381469727,18.450000762939453,18.600000381469727,35355724
2019-01-23,14.831911087036133,18.424999237060547,18.5,18.412500381469727,18.5,25629768
2019-01-24,14.902345657348633,18.512500762939453,18.537500381469727,18.4375,18.487499237060547,14002024
2019-01-25,15.093530654907227,18.75,18.774999618530273,18.637500762939453,18.649999618530273,29283112
2019-01-28,15.123717308044434,18.787500381469727,18.862499237060547,18.762500762939453,18.787500381469727,15300572
2019-01-29,14.992905616760254,18.625,18.637500762939453,18.549999237060547,18.625,17679160
2019-01-30,14.962719917297363,18.587499618530273,18.662500381469727,18.549999237060547,18.625,21020916
2019-02-11,15.123717308044434,18.787500381469727,18.912500381469727,18.712499618530273,18.837499618530273,26459600
2019-02-12,15.224339485168457,18.912500381469727,18.9375,18.837499618530273,18.837499618530273,24656600
2019-02-13,15.194150924682617,18.875,18.987499237060547,18.850000381469727,18.987499237060547,16630800
2019-02-14,15.143844604492188,18.8125,18.9375,18.8125,18.875,14566168
2019-02-15,15.10359001159668,18.762500762939453,18.899999618530273,18.725000381469727,18.825000762939453,14064444
2019-02-18,15.224339485168457,18.912500381469727,18.975000381469727,18.875,18.875,26384652
2019-02-19,15.194150924682617,18.875,18.924999237060547,18.875,18.924999237060547,11448276
2019-02-20,15.365212440490723,19.087499618530273,19.125,18.975000381469727,18.975000381469727,137231412
2019-02-21,15.516146659851074,19.274999618530273,19.274999618530273,19.100000381469727,19.100000381469727,74659260
2019-02-22,15.4859619140625,19.237499237060547,19.237499237060547,19.125,19.237499237060547,39524068
2019-02-25,15.596648216247559,19.375,19.4375,19.325000762939453,19.337499618530273,77461416
2019-02-26,15.636897087097168,19.424999237060547,19.450000762939453,19.325000762939453,19.412500381469727,63612204
2019-02-27,15.626836776733398,19.412500381469727,19.424999237060547,19.337499618530273,19.424999237060547,51629956
2019-03-04,15.4859619140625,19.237499237060547,19.387500762939453,19.174999237060547,19.387500762939453,33878280
2019-03-05,15.445712089538574,19.1875,19.225000381469727,19.112499237060547,19.149999618530273,37601972
2019-03-06,15.4859619140625,19.237499237060547,19.262500762939453,19.1875,19.212499618530273,78319168
2019-03-07,15.425588607788086,19.162500381469727,19.262500762939453,19.149999618530273,19.225000381469727,72959080
2019-03-08,15.294774055480957,19.0,19.087499618530273,18.950000762939453,19.049999237060547,39900800
2019-03-11,15.32496452331543,19.037500381469727,19.037500381469727,18.924999237060547,18.962499618530273,18569560
2019-03-12,15.546335220336914,19.3125,19.362499237060547,19.200000762939453,19.212499618530273,55429872
2019-03-13,15.516146659851074,19.274999618530273,19.299999237060547,19.200000762939453,19.262500762939453,40594116
2019-03-14,15.506088256835938,19.262500762939453,19.350000381469727,19.237499237060547,19.325000762939453,20835024
2019-03-15,15.616771697998047,19.399999618530273,19.424999237060547,19.287500381469727,19.337499618530273,45935004
2019-03-18,15.717394828796387,19.524999618530273,19.524999618530273,19.412500381469727,19.4375,48874832
2019-03-19,15.777771949768066,19.600000381469727,19.600000381469727,19.462499618530273,19.524999618530273,34417184
2019-03-20,15.797896385192871,19.625,19.637500762939453,19.549999237060547,19.587499618530273,47424108
2019-03-21,15.928703308105469,19.787500381469727,19.787500381469727,19.662500381469727,19.700000762939453,45364852
2019-03-22,15.968954086303711,19.837499618530273,19.924999237060547,19.762500762939453,19.875,27721428
2019-03-25,15.727458000183105,19.537500381469727,19.587499618530273,19.5,19.524999618530273,28083024
2019-03-26,15.828082084655762,19.662500381469727,19.674999237060547,19.600000381469727,19.625,10800360
2019-03-27,15.797896385192871,19.625,19.674999237060547,19.549999237060547,19.612499237060547,10222736
2019-03-28,15.797896385192871,19.625,19.649999618530273,19.537500381469727,19.575000762939453,13661728
2019-03-29,15.928703308105469,19.787500381469727,19.787500381469727,19.5625,19.674999237060547,22721936
2019-04-01,16.069580078125,19.962499618530273,20.100000381469727,19.899999618530273,20.0,44213620
2019-04-02,16.129955291748047,20.037500381469727,20.112499237060547,20.024999618530273,20.024999618530273,22420368
2019-04-03,16.129955291748047,20.037500381469727,20.112499237060547,19.987499237060547,20.100000381469727,27468696
2019-04-08,16.280885696411133,20.225000381469727,20.25,20.174999237060547,20.200000762939453,31963128
2019-04-09,16.381511688232422,20.350000381469727,20.350000381469727,20.212499618530273,20.237499237060547,61088188
2019-04-10,16.401634216308594,20.375,20.387500762939453,20.274999618530273,20.274999618530273,43452644
2019-04-11,16.331199645996094,20.287500381469727,20.387500762939453,20.225000381469727,20.337499618530273,33089720
2019-04-12,16.321138381958008,20.274999618530273,20.325000762939453,20.25,20.287500381469727,29993636
2019-04-15,16.47207260131836,20.462499618530273,20.5,20.387500762939453,20.412500381469727,30726216
2019-04-16,16.522384643554688,20.524999618530273,20.537500381469727,20.450000762939453,20.462499618530273,31071724
2019-04-17,16.653196334838867,20.6875,20.725000381469727,20.575000762939453,20.575000762939453,92419348
2019-04-18,16.643131256103516,20.674999237060547,20.837499618530273,20.612499237060547,20.725000381469727,82761460
2019-04-19,16.66325569152832,20.700000762939453,20.875,20.674999237060547,20.8125,50062636
2019-04-22,16.643131256103516,20.674999237060547,20.774999618530273,20.662500381469727,20.75,11497248
2019-04-23,16.713565826416016,20.762500762939453,20.799999237060547,20.637500762939453,20.674999237060547,24048124
2019-04-24,16.74375343322754,20.799999237060547,20.887500762939453,20.725000381469727,20.850000381469727,12434224
2019-04-25,16.784008026123047,20.850000381469727,20.862499237060547,20.75,20.774999618530273,14116156
2019-04-26,16.59282112121582,20.612499237060547,20.700000762939453,20.549999237060547,20.700000762939453,15260360
2019-04-29,16.66325569152832,20.700000762939453,20.737499237060547,20.625,20.649999618530273,12647828
2019-04-30,16.66325569152832,20.700000762939453,20.725000381469727,20.600000381469727,20.700000762939453,12991564
2019-05-02,16.703502655029297,20.75,20.862499237060547,20.725000381469727,20.737499237060547,24622252
2019-05-03,16.854442596435547,20.9375,20.950000762939453,20.774999618530273,20.774999618530273,121297864
2019-05-06,16.562633514404297,20.575000762939453,20.649999618530273,20.512500762939453,20.649999618530273,29854448
2019-05-07,16.733692169189453,20.787500381469727,20.825000762939453,20.662500381469727,20.662500381469727,56045768
2019-05-08,16.612945556640625,20.637500762939453,20.712499618530273,20.5625,20.600000381469727,54292568
2019-05-09,16.411699295043945,20.387500762939453,20.549999237060547,20.3125,20.537500381469727,27694692
2019-05-10,16.401634216308594,20.375,20.537500381469727,20.225000381469727,20.387500762939453,47176540
2019-05-13,16.129955291748047,20.037500381469727,20.274999618530273,20.024999618530273,20.274999618530273,74712424
2019-05-14,16.029329299926758,19.912500381469727,20.012500762939453,19.725000381469727,19.899999618530273,81118520
2019-05-15,16.049453735351562,19.9375,20.0,19.862499237060547,19.912500381469727,69047356
2019-05-16,15.908580780029297,19.762500762939453,19.899999618530273,19.75,19.875,68399896
2019-05-17,15.74758243560791,19.5625,19.887500762939453,19.5625,19.875,94295304
2019-05-20,15.737521171569824,19.549999237060547,19.700000762939453,19.537500381469727,19.625,57219052
2019-05-21,15.777771949768066,19.600000381469727,19.612499237060547,19.424999237060547,19.5,79259372
2019-05-22,15.777771949768066,19.600000381469727,19.662500381469727,19.524999618530273,19.549999237060547,42231964
2019-05-23,15.4859619140625,19.237499237060547,19.462499618530273,19.212499618530273,19.462499618530273,102730308
2019-05-24,15.566459655761719,19.337499618530273,19.375,19.25,19.262500762939453,24117696
2019-05-27,15.526213645935059,19.287500381469727,19.375,19.212499618530273,19.375,46164288
2019-05-28,15.516146659851074,19.274999618530273,19.3125,19.212499618530273,19.3125,39249240
2019-05-29,15.445712089538574,19.1875,19.200000762939453,19.075000762939453,19.125,38638076
2019-05-30,15.576522827148438,19.350000381469727,19.375,19.1875,19.1875,30634636
2019-05-31,15.787833213806152,19.612499237060547,19.612499237060547,19.325000762939453,19.337499618530273,30265240
2019-06-03,15.807955741882324,19.637500762939453,19.662500381469727,19.412500381469727,19.549999237060547,24070776
2019-06-04,15.707331657409668,19.512500762939453,19.649999618530273,19.5,19.612499237060547,28915316
2019-06-05,15.757645606994629,19.575000762939453,19.737499237060547,19.5625,19.712499618530273,28207576
2019-06-06,15.636897087097168,19.424999237060547,19.462499618530273,19.362499237060547,19.424999237060547,29824812
2019-06-10,15.908580780029297,19.762500762939453,19.762500762939453,19.587499618530273,19.662500381469727,30667052
2019-06-11,15.97901725769043,19.850000381469727,19.950000762939453,19.762500762939453,19.799999237060547,42495944
2019-06-12,16.039390563964844,19.924999237060547,19.950000762939453,19.8125,19.850000381469727,37033184
2019-06-13,15.908580780029297,19.762500762939453,19.887500762939453,19.737499237060547,19.850000381469727,23659764
2019-06-14,15.878393173217773,19.725000381469727,19.787500381469727,19.700000762939453,19.75,12656348
2019-06-17,15.838146209716797,19.674999237060547,19.737499237060547,19.524999618530273,19.612499237060547,24564512
2019-06-18,15.878393173217773,19.725000381469727,19.75,19.649999618530273,19.700000762939453,11561508
2019-06-19,16.250699996948242,20.1875,20.200000762939453,19.987499237060547,20.0,87330036
2019-06-20,16.270824432373047,20.212499618530273,20.25,20.162500381469727,20.1875,46327976
2019-06-21,16.270824432373047,20.212499618530273,20.299999237060547,20.200000762939453,20.274999618530273,61374128
2019-06-24,16.341262817382812,20.299999237060547,20.375,20.174999237060547,20.200000762939453,66402988
2019-06-25,16.250699996948242,20.1875,20.350000381469727,20.149999618530273,20.287500381469727,31764512
2019-06-26,16.170204162597656,20.087499618530273,20.149999618530273,20.0625,20.149999618530273,23653408
2019-06-27,16.401634216308594,20.375,20.399999618530273,20.137500762939453,20.137500762939453,61405316
2019-06-28,16.280885696411133,20.225000381469727,20.387500762939453,20.212499618530273,20.362499237060547,15762744
2019-07-01,16.633071899414062,20.662500381469727,20.700000762939453,20.512500762939453,20.512500762939453,55085580
2019-07-02,16.59282112121582,20.612499237060547,20.674999237060547,20.600000381469727,20.662500381469727,20837160
2019-07-03,16.401634216308594,20.375,20.587499618530273,20.337499618530273,20.587499618530273,34461696
2019-07-04,16.50225830078125,20.5,20.549999237060547,20.450000762939453,20.450000762939453,23110224
2019-07-05,16.482131958007812,20.475000381469727,20.587499618530273,20.450000762939453,20.524999618530273,6451732
2019-07-08,16.421764373779297,20.399999618530273,20.5,20.350000381469727,20.450000762939453,15436232
2019-07-09,16.401634216308594,20.375,20.4375,20.350000381469727,20.4375,16332620
2019-07-10,16.542512893676758,20.549999237060547,20.5625,20.462499618530273,20.487499237060547,17710920
2019-07-11,16.67331886291504,20.712499618530273,20.762500762939453,20.625,20.662500381469727,41519092
2019-07-12,16.653196334838867,20.6875,20.75,20.674999237060547,20.712499618530273,11890020
2019-07-15,16.74375343322754,20.799999237060547,20.837499618530273,20.5625,20.712499618530273,37344172
2019-07-16,16.773942947387695,20.837499618530273,20.862499237060547,20.787500381469727,20.799999237060547,22012980
2019-07-17,16.66325569152832,20.700000762939453,20.8125,20.700000762939453,20.8125,42394120
2019-07-18,16.643131256103516,20.674999237060547,20.737499237060547,20.649999618530273,20.649999618530273,30164104
2019-07-19,16.846097946166992,20.75,20.862499237060547,20.75,20.75,39123688
2019-07-22,16.927284240722656,20.850000381469727,20.875,20.774999618530273,20.774999618530273,33474176
2019-07-23,16.96787452697754,20.899999618530273,20.975000381469727,20.875,20.899999618530273,23596464
2019-07-24,16.957727432250977,20.887500762939453,20.975000381469727,20.887500762939453,20.9375,13457344
2019-07-25,17.00847053527832,20.950000762939453,20.950000762939453,20.850000381469727,20.887500762939453,19726636
2019-07-26,16.896841049194336,20.8125,20.850000381469727,20.799999237060547,20.850000381469727,12518748
2019-07-29,16.93743133544922,20.862499237060547,20.862499237060547,20.762500762939453,20.774999618530273,12168984
2019-07-30,16.886688232421875,20.799999237060547,20.924999237060547,20.799999237060547,20.899999618530273,8333496
2019-07-31,16.805505752563477,20.700000762939453,20.787500381469727,20.612499237060547,20.787500381469727,12477048
2019-08-01,16.704021453857422,20.575000762939453,20.637500762939453,20.524999618530273,20.549999237060547,20171772
2019-08-02,16.43001937866211,20.237499237060547,20.299999237060547,20.149999618530273,20.262500762939453,67385608
2019-08-05,16.267648696899414,20.037500381469727,20.212499618530273,19.975000381469727,20.174999237060547,82638024
2019-08-06,16.25749969482422,20.024999618530273,20.112499237060547,19.625,19.662500381469727,99607384
2019-08-07,16.176311492919922,19.924999237060547,20.049999237060547,19.887500762939453,20.037500381469727,67424016
2019-08-08,16.369125366210938,20.162500381469727,20.200000762939453,20.0,20.012500762939453,20144484
2019-08-12,16.35898208618164,20.149999618530273,20.212499618530273,20.037500381469727,20.162500381469727,12672120
2019-08-13,16.176311492919922,19.924999237060547,20.037500381469727,19.887500762939453,20.037500381469727,29726076
2019-08-14,16.298093795776367,20.075000762939453,20.200000762939453,20.075000762939453,20.174999237060547,29528552
2019-08-15,16.11542320251465,19.850000381469727,19.899999618530273,19.774999618530273,19.799999237060547,63888356
2019-08-16,16.308244705200195,20.087499618530273,20.087499618530273,19.8125,19.862499237060547,24634992
2019-08-19,16.399574279785156,20.200000762939453,20.225000381469727,20.075000762939453,20.1875,25901408
2019-08-20,16.440166473388672,20.25,20.274999618530273,20.200000762939453,20.212499618530273,16716788
2019-08-21,16.460464477539062,20.274999618530273,20.287500381469727,20.225000381469727,20.237499237060547,24371584
2019-08-22,16.419870376586914,20.225000381469727,20.412500381469727,20.200000762939453,20.325000762939453,37517592
2019-08-23,16.440166473388672,20.25,20.274999618530273,20.1875,20.225000381469727,12844144
2019-08-26,16.16616439819336,19.912500381469727,20.024999618530273,19.899999618530273,19.950000762939453,49169240
2019-08-27,16.206756591796875,19.962499618530273,20.049999237060547,19.9375,20.037500381469727,10143456
2019-08-28,16.318389892578125,20.100000381469727,20.137500762939453,20.024999618530273,20.024999618530273,13272752
2019-08-29,16.348833084106445,20.137500762939453,20.149999618530273,20.0,20.112499237060547,12934596
2019-08-30,16.612686157226562,20.462499618530273,20.475000381469727,20.287500381469727,20.287500381469727,77483576
2019-09-02,16.622833251953125,20.475000381469727,20.5,20.412500381469727,20.450000762939453,25831480
2019-09-03,16.48076057434082,20.299999237060547,20.5,20.299999237060547,20.462499618530273,20211700
2019-09-04,16.67357635498047,20.537500381469727,20.549999237060547,20.350000381469727,20.362499237060547,42995084
2019-09-05,16.846097946166992,20.75,20.799999237060547,20.637500762939453,20.637500762939453,101717560
2019-09-06,16.947580337524414,20.875,20.887500762939453,20.8125,20.8125,68905212
2019-09-10,16.927284240722656,20.850000381469727,20.987499237060547,20.799999237060547,20.987499237060547,20687388
2019-09-11,16.93743133544922,20.862499237060547,20.975000381469727,20.825000762939453,20.9375,18984800
2019-09-12,17.028764724731445,20.975000381469727,21.0625,20.9375,21.024999618530273,37124488
2019-09-16,17.130247116088867,21.100000381469727,21.112499237060547,20.987499237060547,21.0,43719168
2019-09-17,17.09980583190918,21.0625,21.112499237060547,21.049999237060547,21.100000381469727,19867120
2019-09-18,17.24187469482422,21.237499237060547,21.25,21.087499618530273,21.100000381469727,67997944
2019-09-19,17.14039421081543,21.112499237060547,21.287500381469727,21.100000381469727,21.237499237060547,31109456
2019-09-20,17.191137313842773,21.174999237060547,21.225000381469727,21.162500381469727,21.162500381469727,32926796
2019-09-23,17.150545120239258,21.125,21.212499618530273,21.125,21.162500381469727,17479356
2019-09-24,17.18099021911621,21.162500381469727,21.212499618530273,21.087499618530273,21.125,19408048
2019-09-25,17.069358825683594,21.024999618530273,21.087499618530273,20.975000381469727,21.087499618530273,15710696
2019-09-26,17.109954833984375,21.075000762939453,21.174999237060547,21.037500381469727,21.112499237060547,20778748
2019-09-27,17.170841217041016,21.149999618530273,21.299999237060547,21.125,21.225000381469727,35538780
2019-10-01,17.444843292236328,21.487499237060547,21.5,21.200000762939453,21.200000762939453,36467632
2019-10-02,17.383953094482422,21.412500381469727,21.475000381469727,21.399999618530273,21.399999618530273,22614632
2019-10-03,17.211437225341797,21.200000762939453,21.274999618530273,21.075000762939453,21.100000381469727,19472948
2019-10-04,17.282470703125,21.287500381469727,21.350000381469727,21.1875,21.299999237060547,14987948
2019-10-07,17.343364715576172,21.362499237060547,21.412500381469727,21.299999237060547,21.350000381469727,16562988
2019-10-08,17.556476593017578,21.625,21.649999618530273,21.462499618530273,21.462499618530273,48781740
2019-10-09,17.41440200805664,21.450000762939453,21.549999237060547,21.450000762939453,21.537500381469727,27667316
2019-10-14,17.769590377807617,21.887500762939453,21.887500762939453,21.75,21.75,37965192
2019-10-15,17.800029754638672,21.924999237060547,21.962499618530273,21.825000762939453,21.887500762939453,17510440
2019-10-16,17.881221771240234,22.024999618530273,22.037500381469727,21.962499618530273,22.0,15934688
2019-10-17,17.891368865966797,22.037500381469727,22.037500381469727,21.950000762939453,22.012500762939453,10163532
2019-10-18,17.85077667236328,21.987499237060547,22.162500381469727,21.975000381469727,22.037500381469727,11263192
2019-10-21,17.83047866821289,21.962499618530273,22.0,21.9375,21.987499237060547,4310608
2019-10-22,18.00299644470215,22.174999237060547,22.200000762939453,22.049999237060547,22.049999237060547,13025596
2019-10-23,17.952255249023438,22.112499237060547,22.200000762939453,22.075000762939453,22.174999237060547,10322624
2019-10-24,18.023296356201172,22.200000762939453,22.200000762939453,22.125,22.174999237060547,10318236
2019-10-25,18.023296356201172,22.200000762939453,22.299999237060547,22.149999618530273,22.299999237060547,31884760
2019-10-28,18.10447883605957,22.299999237060547,22.325000762939453,22.25,22.3125,20039096
2019-10-29,18.15522003173828,22.362499237060547,22.412500381469727,22.337499618530273,22.375,29643940
2019-10-30,18.236406326293945,22.462499618530273,22.462499618530273,22.325000762939453,22.362499237060547,21537080
2019-10-31,18.28714942932129,22.524999618530273,22.649999618530273,22.475000381469727,22.475000381469727,37832656
2019-11-01,18.28714942932129,22.524999618530273,22.549999237060547,22.4375,22.5,11227112
2019-11-04,18.7133731842041,23.049999237060547,23.0625,22.637500762939453,22.637500762939453,26922724
2019-11-05,18.855451583862305,23.225000381469727,23.225000381469727,23.087499618530273,23.100000381469727,15865116
2019-11-06,18.94678497314453,23.337499618530273,23.337499618530273,23.1875,23.237499237060547,17977276
2019-11-07,18.84530258178711,23.212499618530273,23.299999237060547,23.087499618530273,23.299999237060547,12200472
2019-11-08,18.784414291381836,23.137500762939453,23.262500762939453,23.100000381469727,23.25,11562144
2019-11-11,18.50026512145996,22.787500381469727,23.112499237060547,22.762500762939453,23.100000381469727,23437376
2019-11-12,18.67278480529785,23.0,23.0,22.887500762939453,22.887500762939453,9705188
2019-11-13,18.5611515045166,22.862499237060547,22.912500381469727,22.762500762939453,22.887500762939453,7742180
2019-11-14,18.55100440979004,22.850000381469727,22.950000762939453,22.799999237060547,22.899999618530273,8697124
2019-11-15,18.73366928100586,23.075000762939453,23.125,23.0,23.0,10043516
2019-11-18,18.855451583862305,23.225000381469727,23.225000381469727,23.100000381469727,23.125,8350452
2019-11-19,18.99752426147461,23.399999618530273,23.399999618530273,23.162500381469727,23.225000381469727,11286496
2019-11-20,18.926488876342773,23.3125,23.399999618530273,23.274999618530273,23.399999618530273,31818476
2019-11-21,18.774267196655273,23.125,23.137500762939453,22.950000762939453,23.075000762939453,13135352
2019-11-22,18.784414291381836,23.137500762939453,23.1875,23.100000381469727,23.137500762939453,6026176
2019-11-25,18.79456329345703,23.149999618530273,23.274999618530273,23.137500762939453,23.25,10082776
2019-11-26,18.84530258178711,23.212499618530273,23.325000762939453,23.200000762939453,23.237499237060547,15309920
2019-11-27,18.91634178161621,23.299999237060547,23.299999237060547,23.1875,23.212499618530273,7830704
2019-11-28,18.865598678588867,23.237499237060547,23.3125,23.200000762939453,23.3125,5410880
2019-11-29,18.571298599243164,22.875,23.212499618530273,22.862499237060547,23.212499618530273,21376832
2019-12-02,18.68292808532715,23.012500762939453,23.037500381469727,22.9375,22.987499237060547,8273364
2019-12-03,18.68292808532715,23.012500762939453,23.049999237060547,22.899999618530273,22.924999237060547,5643176
2019-12-04,18.611894607543945,22.924999237060547,22.975000381469727,22.850000381469727,22.962499618530273,9242032
2019-12-05,18.855451583862305,23.225000381469727,23.25,23.049999237060547,23.087499618530273,13764200
2019-12-06,18.885892868041992,23.262500762939453,23.375,23.1875,23.325000762939453,13577732
2019-12-09,19.00767707824707,23.412500381469727,23.450000762939453,23.299999237060547,23.299999237060547,11648776
2019-12-10,18.87574577331543,23.25,23.350000381469727,23.200000762939453,23.350000381469727,21181724
2019-12-11,19.027973175048828,23.4375,23.4375,23.237499237060547,23.25,7747088
2019-12-12,19.45420265197754,23.962499618530273,24.024999618530273,23.587499618530273,23.587499618530273,33680444
2019-12-13,19.667306900024414,24.225000381469727,24.350000381469727,24.174999237060547,24.1875,23520544
2019-12-16,19.65715980529785,24.212499618530273,24.262500762939453,24.162500381469727,24.237499237060547,281792
2019-12-17,19.921016693115234,24.537500381469727,24.537500381469727,24.174999237060547,24.1875,18812892
2019-12-18,19.93115997314453,24.549999237060547,24.575000762939453,24.450000762939453,24.5,15049420
2019-12-19,19.819536209106445,24.412500381469727,24.549999237060547,24.387500762939453,24.537500381469727,9084028
2019-12-20,19.677457809448242,24.237499237060547,24.387500762939453,24.174999237060547,24.387500762939453,13413940
2019-12-23,19.718055725097656,24.287500381469727,24.325000762939453,24.237499237060547,24.25,13666916
2019-12-24,19.728200912475586,24.299999237060547,24.362499237060547,24.299999237060547,24.325000762939453,5638912
2019-12-25,19.758647918701172,24.337499618530273,24.362499237060547,24.262500762939453,24.299999237060547,7156668
2019-12-26,19.758647918701172,24.337499618530273,24.387500762939453,24.274999618530273,24.387500762939453,12383876
2019-12-27,19.890575408935547,24.5,24.537500381469727,24.399999618530273,24.399999618530273,11912188
2019-12-30,19.84998321533203,24.450000762939453,24.5625,24.399999618530273,24.5,12555048
2019-12-31,19.677457809448242,24.237499237060547,24.299999237060547,24.237499237060547,24.274999618530273,17215788
2020-01-02,19.819536209106445,24.412500381469727,24.5,24.262500762939453,24.262500762939453,19528060
2020-01-03,19.819536209106445,24.412500381469727,24.674999237060547,24.25,24.575000762939453,27254188
2020-01-06,19.56583023071289,24.100000381469727,24.274999618530273,24.100000381469727,24.262500762939453,37287072
2020-01-07,19.50493812561035,24.024999618530273,24.174999237060547,23.850000381469727,24.112499237060547,25314408
2020-01-08,19.413604736328125,23.912500381469727,24.049999237060547,23.762500762939453,23.799999237060547,34067980
2020-01-09,19.677457809448242,24.237499237060547,24.274999618530273,24.075000762939453,24.075000762939453,28655772
2020-01-10,19.748498916625977,24.325000762939453,24.450000762939453,24.237499237060547,24.375,36287700
2020-01-13,19.890575408935547,24.5,24.524999618530273,24.375,24.462499618530273,26603592
2020-01-14,20.012351989746094,24.649999618530273,24.712499618530273,24.600000381469727,24.625,46179824
2020-01-15,19.809385299682617,24.399999618530273,24.674999237060547,24.362499237060547,24.674999237060547,41037416
2020-01-16,19.748498916625977,24.325000762939453,24.375,24.25,24.287500381469727,34745996
2020-01-17,19.748498916625977,24.325000762939453,24.4375,24.274999618530273,24.424999237060547,32484536
2020-01-20,19.829683303833008,24.424999237060547,24.5,24.387500762939453,24.387500762939453,27879780
2020-01-30,18.703227996826172,23.037500381469727,23.75,23.037500381469727,23.75,129051496
2020-01-31,18.84992027282715,22.487499237060547,22.662500381469727,22.412500381469727,22.662500381469727,89991068
2020-02-03,18.661314010620117,22.262500762939453,22.287500381469727,21.899999618530273,22.125,63294372
2020-02-04,18.98613166809082,22.649999618530273,24.237499237060547,22.649999618530273,24.237499237060547,35617884
2020-02-05,19.038522720336914,22.712499618530273,22.825000762939453,22.575000762939453,22.75,26806032
2020-02-06,19.342384338378906,23.075000762939453,23.075000762939453,22.837499618530273,22.912500381469727,42785908
2020-02-07,19.11186981201172,22.799999237060547,22.912500381469727,22.737499237060547,22.912500381469727,38219312
2020-02-10,19.069957733154297,22.75,22.799999237060547,22.399999618530273,22.5,29235632
2020-02-11,19.227128982543945,22.9375,22.987499237060547,22.837499618530273,22.837499618530273,20461608
2020-02-12,19.41573143005371,23.162500381469727,23.225000381469727,23.0,23.0,22560468
2020-02-13,19.44716453552246,23.200000762939453,23.3125,23.174999237060547,23.25,23017268
2020-02-14,19.47859764099121,23.237499237060547,23.3125,23.137500762939453,23.200000762939453,19952660
2020-02-17,19.342384338378906,23.075000762939453,23.137500762939453,22.987499237060547,23.075000762939453,25064844
2020-02-18,19.080434799194336,22.762500762939453,22.899999618530273,22.75,22.850000381469727,50117424
2020-02-19,19.300474166870117,23.024999618530273,23.0625,22.762500762939453,22.787500381469727,31788044
2020-02-20,19.216646194458008,22.924999237060547,23.125,22.837499618530273,23.087499618530273,26153344
2020-02-21,19.12234878540039,22.8125,22.987499237060547,22.737499237060547,22.912500381469727,21604752
2020-02-24,18.881357192993164,22.524999618530273,22.600000381469727,22.424999237060547,22.5625,54287744
2020-02-25,18.933744430541992,22.587499618530273,22.625,22.362499237060547,22.375,35360416
2020-02-26,18.745140075683594,22.362499237060547,22.4375,22.225000381469727,22.287500381469727,60324012
2020-02-27,18.57749366760254,22.162500381469727,22.375,22.087499618530273,22.337499618530273,98752216
2020-03-02,18.305065155029297,21.837499618530273,22.0625,21.712499618530273,21.875,111578564
2020-03-03,18.567014694213867,22.149999618530273,22.237499237060547,22.0625,22.212499618530273,44287600
2020-03-04,18.6927490234375,22.299999237060547,22.299999237060547,22.100000381469727,22.200000762939453,33749660
2020-03-05,18.902307510375977,22.549999237060547,22.5625,22.4375,22.450000762939453,39141932
2020-03-06,18.514623641967773,22.087499618530273,22.412500381469727,22.075000762939453,22.412500381469727,68385504
2020-03-09,17.99072265625,21.462499618530273,21.700000762939453,21.399999618530273,21.700000762939453,110937704
2020-03-10,18.08502960205078,21.575000762939453,21.575000762939453,21.225000381469727,21.25,95137380
2020-03-11,17.87546730041504,21.325000762939453,21.637500762939453,21.262500762939453,21.612499237060547,61226280
2020-03-12,17.21535301208496,20.537500381469727,21.125,20.287500381469727,21.125,179640984
2020-03-13,16.974355697631836,20.25,20.350000381469727,18.987499237060547,19.5,214819440
2020-03-16,16.198986053466797,19.325000762939453,20.100000381469727,19.237499237060547,20.0,135255804
2020-03-17,15.685564994812012,18.712499618530273,19.174999237060547,18.575000762939453,18.575000762939453,204583328
2020-03-18,15.255965232849121,18.200000762939453,18.8125,18.200000762939453,18.737499237060547,187162012
2020-03-19,14.365335464477539,17.137500762939453,17.75,16.8125,17.75,272153360
2020-03-20,15.507436752319336,18.5,18.5,17.725000381469727,17.75,163642132
2020-03-23,14.836846351623535,17.700000762939453,18.024999618530273,17.387500762939453,17.75,89860468
2020-03-24,15.559828758239746,18.5625,18.825000762939453,18.424999237060547,18.462499618530273,107027372
2020-03-25,16.104684829711914,19.212499618530273,19.362499237060547,19.024999618530273,19.200000762939453,130751280
2020-03-26,16.178030014038086,19.299999237060547,19.362499237060547,19.0,19.350000381469727,76862752
2020-03-27,16.05229377746582,19.149999618530273,19.674999237060547,19.112499237060547,19.575000762939453,87815604
2020-03-30,15.895123481750488,18.962499618530273,19.037500381469727,18.512500762939453,18.674999237060547,54423532
2020-03-31,15.957992553710938,19.037500381469727,19.299999237060547,18.899999618530273,19.200000762939453,39056000
2020-04-01,15.90560245513916,18.975000381469727,19.162500381469727,18.962499618530273,19.125,39792068
2020-04-06,16.146596908569336,19.262500762939453,19.274999618530273,18.9375,19.237499237060547,48830504
2020-04-07,16.450456619262695,19.625,19.725000381469727,19.512500762939453,19.625,61208152
2020-04-08,16.680971145629883,19.899999618530273,19.924999237060547,19.587499618530273,19.625,60922792
2020-04-09,16.607629776000977,19.8125,20.024999618530273,19.712499618530273,19.962499618530273,62600420
2020-04-10,16.618104934692383,19.825000762939453,19.837499618530273,19.674999237060547,19.75,23299116
2020-04-13,16.51332664489746,19.700000762939453,19.850000381469727,19.637500762939453,19.75,29723656
2020-04-14,16.963882446289062,20.237499237060547,20.237499237060547,19.762500762939453,19.762500762939453,52487168
2020-04-15,17.016271591186523,20.299999237060547,20.375,20.25,20.3125,69444464
2020-04-16,16.93244743347168,20.200000762939453,20.274999618530273,20.012500762939453,20.049999237060547,49638100
2020-04-17,17.44586944580078,20.8125,21.0,20.674999237060547,20.75,138128152
2020-04-20,17.39348030090332,20.75,20.875,20.700000762939453,20.8125,49345664
2020-04-21,16.890535354614258,20.149999618530273,20.662500381469727,20.125,20.662500381469727,84329816
2020-04-22,16.890535354614258,20.149999618530273,20.149999618530273,19.875,20.0,43584604
2020-04-23,16.953399658203125,20.225000381469727,20.5,20.075000762939453,20.287500381469727,53195792
2020-04-24,16.953399658203125,20.225000381469727,20.25,20.112499237060547,20.200000762939453,23059008
2020-04-27,17.299179077148438,20.637500762939453,20.649999618530273,20.412500381469727,20.537500381469727,55670896
2020-04-28,17.299179077148438,20.637500762939453,20.725000381469727,20.5,20.725000381469727,30226644
2020-04-29,17.540164947509766,20.924999237060547,20.975000381469727,20.737499237060547,20.762500762939453,47496316
2020-04-30,17.91737937927246,21.375,21.375,21.100000381469727,21.112499237060547,75140624
2020-05-04,17.39348030090332,20.75,20.825000762939453,20.549999237060547,20.600000381469727,62593520
2020-05-05,17.4773006439209,20.850000381469727,20.950000762939453,20.75,20.875,31242544
2020-05-06,17.498260498046875,20.875,20.9375,20.649999618530273,20.825000762939453,24570372
2020-05-07,17.571603775024414,20.962499618530273,21.037500381469727,20.825000762939453,20.875,24563980
2020-05-08,17.67638397216797,21.087499618530273,21.1875,21.0,21.149999618530273,24136052
2020-05-11,17.823078155517578,21.262500762939453,21.350000381469727,21.174999237060547,21.25,26621688
2020-05-12,17.613515853881836,21.012500762939453,21.149999618530273,20.912500381469727,21.149999618530273,46197460
2020-05-13,17.66590690612793,21.075000762939453,21.100000381469727,20.899999618530273,20.924999237060547,19868660
2020-05-14,17.45634651184082,20.825000762939453,20.962499618530273,20.799999237060547,20.950000762939453,34973072
2020-05-15,17.571603775024414,20.962499618530273,21.0625,20.762500762939453,21.012500762939453,24763124
2020-05-18,17.424911499023438,20.787500381469727,20.862499237060547,20.700000762939453,20.762500762939453,33086812
2020-05-19,17.582080841064453,20.975000381469727,21.125,20.912500381469727,21.100000381469727,21911100
2020-05-20,17.561126708984375,20.950000762939453,21.049999237060547,20.875,21.0,39576564
2020-05-21,17.70781898498535,21.125,21.200000762939453,21.024999618530273,21.037500381469727,30272188
2020-05-22,17.382997512817383,20.737499237060547,20.975000381469727,20.725000381469727,20.950000762939453,53416584
2020-05-25,17.498260498046875,20.875,20.875,20.537500381469727,20.787500381469727,21002176
2020-05-26,17.697336196899414,21.112499237060547,21.162500381469727,20.962499618530273,21.0625,61819796
2020-05-27,17.67638397216797,21.087499618530273,21.212499618530273,21.012500762939453,21.174999237060547,18359068
2020-05-28,17.571603775024414,20.962499618530273,21.225000381469727,20.887500762939453,21.225000381469727,29907636
2020-05-29,17.697336196899414,21.112499237060547,21.112499237060547,20.75,20.850000381469727,21282760
2020-06-01,17.791643142700195,21.225000381469727,21.287500381469727,21.100000381469727,21.112499237060547,33461284
2020-06-02,17.87546730041504,21.325000762939453,21.375,21.25,21.25,47788240
2020-06-03,18.189809799194336,21.700000762939453,21.725000381469727,21.524999618530273,21.537500381469727,72468976
2020-06-04,18.357454299926758,21.899999618530273,21.9375,21.787500381469727,21.875,60146212
2020-06-05,18.514623641967773,22.087499618530273,22.087499618530273,21.924999237060547,21.924999237060547,39666328
2020-06-08,18.755617141723633,22.375,22.450000762939453,22.200000762939453,22.225000381469727,62198168
2020-06-09,18.776575088500977,22.399999618530273,22.450000762939453,22.237499237060547,22.399999618530273,45426316
2020-06-10,18.95469856262207,22.612499237060547,22.674999237060547,22.387500762939453,22.412500381469727,43995588
2020-06-11,18.661314010620117,22.262500762939453,22.712499618530273,22.25,22.612499237060547,56716768
2020-06-12,18.49366569519043,22.0625,22.125,21.774999618530273,21.8125,86253484
2020-06-15,18.23171615600586,21.75,22.075000762939453,21.725000381469727,22.024999618530273,38294800
2020-06-16,18.629880905151367,22.225000381469727,22.299999237060547,22.037500381469727,22.037500381469727,43364188
2020-06-17,18.650836944580078,22.25,22.299999237060547,22.075000762939453,22.299999237060547,46040944
2020-06-18,18.629880905151367,22.225000381469727,22.325000762939453,22.087499618530273,22.262500762939453,20143004
2020-06-19,18.619403839111328,22.212499618530273,22.287500381469727,22.162500381469727,22.25,9335940
2020-06-22,18.661314010620117,22.262500762939453,22.424999237060547,22.212499618530273,22.212499618530273,42317824
2020-06-23,18.745140075683594,22.362499237060547,22.512500762939453,22.200000762939453,22.399999618530273,34659556
2020-06-24,18.860397338867188,22.5,22.625,22.450000762939453,22.450000762939453,40247616
2020-06-29,18.67179298400879,22.274999618530273,22.399999618530273,22.162500381469727,22.3125,39140028
2020-06-30,18.83944320678711,22.475000381469727,22.487499237060547,22.350000381469727,22.387500762939453,32140548
2020-07-01,18.965177536010742,22.625,22.725000381469727,22.487499237060547,22.487499237060547,39917000
2020-07-02,19.17473793029785,22.875,22.875,22.649999618530273,22.662500381469727,30405896
2020-07-03,19.394773483276367,23.137500762939453,23.1875,23.024999618530273,23.024999618530273,59932652
2020-07-06,19.730072021484375,23.537500381469727,23.575000762939453,23.299999237060547,23.299999237060547,57877356
2020-07-07,19.803417205810547,23.625,23.875,23.524999618530273,23.75,55711092
2020-07-08,19.939634323120117,23.787500381469727,23.850000381469727,23.600000381469727,23.625,44581472
2020-07-09,20.002498626708984,23.862499237060547,23.962499618530273,23.787500381469727,23.924999237060547,28966628
2020-07-10,19.834850311279297,23.662500381469727,23.924999237060547,23.649999618530273,23.887500762939453,46010216
2020-07-13,20.128236770629883,24.012500762939453,24.024999618530273,23.8125,23.850000381469727,48218048
2020-07-14,20.253969192504883,24.162500381469727,24.162500381469727,23.924999237060547,23.950000762939453,53922656
2020-07-15,20.33779525756836,24.262500762939453,24.487499237060547,24.174999237060547,24.325000762939453,85262896
2020-07-16,20.138713836669922,24.024999618530273,24.25,23.962499618530273,24.25,30528516
2020-07-17,20.36922836303711,24.299999237060547,24.424999237060547,24.174999237060547,24.262500762939453,72041880
2020-07-20,20.33779525756836,24.262500762939453,24.337499618530273,24.0625,24.299999237060547,37945628
2020-07-21,20.833837509155273,24.674999237060547,24.774999618530273,24.274999618530273,24.287500381469727,98963900
2020-07-22,20.886606216430664,24.737499237060547,24.8125,24.587499618530273,24.637500762939453,28975572
2020-07-23,20.86549949645996,24.712499618530273,24.725000381469727,24.524999618530273,24.712499618530273,24035888
2020-07-24,20.791624069213867,24.625,25.024999618530273,24.5625,24.75,69510488
2020-07-27,21.804821014404297,25.825000762939453,25.887500762939453,25.450000762939453,25.450000762939453,91496696
2020-07-28,21.868141174316406,25.899999618530273,27.174999237060547,25.825000762939453,26.8125,89691044
2020-07-29,21.64650535583496,25.637500762939453,25.950000762939453,25.524999618530273,25.700000762939453,38546660
2020-07-30,21.963132858276367,26.012500762939453,26.25,25.825000762939453,26.049999237060547,26348340
2020-07-31,21.910362243652344,25.950000762939453,26.075000762939453,25.862499237060547,25.975000381469727,21256084
2020-08-03,21.530410766601562,25.5,25.875,25.5,25.862499237060547,29035656
2020-08-04,21.804821014404297,25.825000762939453,25.837499618530273,25.637500762939453,25.637500762939453,19192588
2020-08-05,22.015901565551758,26.075000762939453,26.125,25.9375,26.024999618530273,20425524
2020-08-06,22.248090744018555,26.350000381469727,26.487499237060547,26.212499618530273,26.362499237060547,29720380
2020-08-07,22.08977699279785,26.162500381469727,26.387500762939453,26.075000762939453,26.387500762939453,27214920
2020-08-10,22.290307998657227,26.399999618530273,26.462499618530273,26.024999618530273,26.024999618530273,23623008
2020-08-11,22.121440887451172,26.200000762939453,26.412500381469727,26.1875,26.350000381469727,12796564
2020-08-12,21.794261932373047,25.8125,26.0,25.75,26.0,23666892
2020-08-13,22.005346298217773,26.0625,26.225000381469727,26.012500762939453,26.174999237060547,21845004
2020-08-14,22.058115005493164,26.125,26.125,25.875,25.950000762939453,15119800
2020-08-17,22.290307998657227,26.399999618530273,26.424999237060547,26.0625,26.125,22566640
2020-08-18,22.163660049438477,26.25,26.475000381469727,26.162500381469727,26.424999237060547,14982444
2020-08-19,22.005346298217773,26.0625,26.362499237060547,26.024999618530273,26.25,24173256
2020-08-20,21.234891891479492,25.149999618530273,25.950000762939453,24.674999237060547,25.950000762939453,74952860
2020-08-21,21.69927978515625,25.700000762939453,25.75,25.424999237060547,25.537500381469727,32530852
2020-08-24,21.762598037719727,25.774999618530273,25.887500762939453,25.575000762939453,25.712499618530273,14874236
2020-08-25,21.931467056274414,25.975000381469727,26.087499618530273,25.837499618530273,25.862499237060547,14439236
2020-08-26,22.015901565551758,26.075000762939453,26.087499618530273,25.899999618530273,26.0,10662080
2020-08-27,22.068674087524414,26.137500762939453,26.424999237060547,26.112499237060547,26.274999618530273,22824424
2020-08-28,21.847036361694336,25.875,26.0625,25.75,25.962499618530273,15653196
2020-08-31,21.488197326660156,25.450000762939453,26.0625,25.450000762939453,26.024999618530273,23039732
2020-09-01,21.815372467041016,25.837499618530273,25.837499618530273,25.462499618530273,25.612499237060547,22942548
2020-09-02,21.741491317749023,25.75,26.012500762939453,25.575000762939453,25.912500381469727,16532332
2020-09-03,21.804821014404297,25.825000762939453,26.075000762939453,25.799999237060547,25.924999237060547,20516792
2020-09-04,21.64650535583496,25.637500762939453,25.674999237060547,25.475000381469727,25.5,23664048
2020-09-07,21.61484718322754,25.600000381469727,25.762500762939453,25.475000381469727,25.637500762939453,21998628
2020-09-08,21.741491317749023,25.75,25.774999618530273,25.612499237060547,25.6875,18017812
2020-09-09,21.59373664855957,25.575000762939453,25.587499618530273,25.287500381469727,25.4375,25096132
2020-09-10,21.783706665039062,25.799999237060547,25.837499618530273,25.649999618530273,25.700000762939453,14325348
2020-09-11,21.794261932373047,25.8125,25.837499618530273,25.700000762939453,25.799999237060547,11621164
2020-09-14,22.068674087524414,26.137500762939453,26.137500762939453,25.8125,25.875,23013896
2020-09-15,22.153100967407227,26.237499237060547,26.299999237060547,26.0625,26.112499237060547,21755072
2020-09-16,22.49083709716797,26.637500762939453,26.75,26.587499618530273,26.637500762939453,59421060
2020-09-17,22.248090744018555,26.350000381469727,26.587499618530273,26.274999618530273,26.512500762939453,34995384
2020-09-18,22.22698211669922,26.325000762939453,26.424999237060547,26.212499618530273,26.350000381469727,19806876
2020-09-21,22.04755973815918,26.112499237060547,26.475000381469727,26.087499618530273,26.299999237060547,22838940
2020-09-22,21.762598037719727,25.774999618530273,26.075000762939453,25.737499237060547,26.075000762939453,26544220
2020-09-23,21.730937957763672,25.737499237060547,25.875,25.600000381469727,25.875,21448400
2020-09-24,21.203229904174805,25.112499237060547,25.450000762939453,25.0625,25.387500762939453,63139092
2020-09-25,21.24544906616211,25.162500381469727,25.362499237060547,25.012500762939453,25.1875,37995720
2020-09-28,21.59373664855957,25.575000762939453,25.575000762939453,25.25,25.337499618530273,24107520
2020-09-29,21.64650535583496,25.637500762939453,25.8125,25.537500381469727,25.6875,15037048
2020-09-30,21.741491317749023,25.75,25.862499237060547,25.649999618530273,25.6875,14181940
2020-10-05,21.75204849243164,25.762500762939453,26.012500762939453,25.75,25.862499237060547,23650396
2020-10-06,22.005346298217773,26.0625,26.087499618530273,25.962499618530273,26.0,27501040
2020-10-07,22.121440887451172,26.200000762939453,26.25,25.875,26.0,16044556
2020-10-08,22.416954040527344,26.549999237060547,26.587499618530273,26.325000762939453,26.362499237060547,53883596
2020-10-12,22.596378326416016,26.762500762939453,26.924999237060547,26.674999237060547,26.674999237060547,39351996
2020-10-13,22.60693359375,26.774999618530273,26.899999618530273,26.549999237060547,26.837499618530273,21642456
2020-10-14,22.522499084472656,26.674999237060547,26.799999237060547,26.612499237060547,26.762500762939453,10251440
2020-10-15,22.311412811279297,26.424999237060547,26.625,26.274999618530273,26.625,18200616
2020-10-16,22.216428756713867,26.3125,26.575000762939453,26.274999618530273,26.424999237060547,12956020
2020-10-19,22.501388549804688,26.649999618530273,26.649999618530273,26.399999618530273,26.412500381469727,13837292
2020-10-20,22.37474250793457,26.5,26.612499237060547,26.5,26.600000381469727,5656128
2020-10-21,22.36418342590332,26.487499237060547,26.637500762939453,26.412500381469727,26.5,29197548
2020-10-22,22.395849227905273,26.524999618530273,26.524999618530273,26.375,26.424999237060547,8633040
2020-10-23,22.395849227905273,26.524999618530273,26.662500381469727,26.412500381469727,26.625,12823320
2020-10-26,22.395849227905273,26.524999618530273,26.649999618530273,26.450000762939453,26.524999618530273,11397560
2020-10-27,22.26919937133789,26.375,26.4375,26.287500381469727,26.4375,13401076
2020-10-28,22.163660049438477,26.25,26.375,26.200000762939453,26.375,18679320
2020-10-29,21.92091178894043,25.962499618530273,26.024999618530273,25.8125,26.0,27817540
2020-10-30,21.741491317749023,25.75,25.899999618530273,25.674999237060547,25.887500762939453,25728748
2020-11-02,21.825923919677734,25.850000381469727,25.862499237060547,25.575000762939453,25.787500381469727,40253256
2020-11-03,22.079225540161133,26.149999618530273,26.212499618530273,26.012500762939453,26.049999237060547,17541280
2020-11-04,22.406404495239258,26.537500381469727,26.549999237060547,26.174999237060547,26.25,20039872
2020-11-05,22.38529396057129,26.512500762939453,26.600000381469727,26.387500762939453,26.549999237060547,17073216
2020-11-06,22.522499084472656,26.674999237060547,26.762500762939453,26.575000762939453,26.587499618530273,24951576
2020-11-09,22.818012237548828,27.024999618530273,27.100000381469727,26.8125,26.9375,45122576
2020-11-10,22.60693359375,26.774999618530273,27.0,26.700000762939453,27.0,17402444
2020-11-11,22.955219268798828,27.1875,27.1875,26.774999618530273,26.774999618530273,34070304
2020-11-12,22.96577262878418,27.200000762939453,27.350000381469727,27.174999237060547,27.25,15213688
2020-11-13,23.060762405395508,27.3125,27.325000762939453,27.112499237060547,27.149999618530273,15047188
2020-11-16,23.810104370117188,28.200000762939453,28.200000762939453,27.600000381469727,27.600000381469727,36918392
2020-11-17,23.978965759277344,28.399999618530273,28.9375,28.350000381469727,28.75,32548044
2020-11-18,24.13727569580078,28.587499618530273,28.737499237060547,28.287500381469727,28.399999618530273,78556616
2020-11-19,24.095064163208008,28.537500381469727,28.637500762939453,28.450000762939453,28.612499237060547,17636132
2020-11-20,24.063400268554688,28.5,28.537500381469727,28.337499618530273,28.537500381469727,18833544
2020-11-23,24.36946678161621,28.862499237060547,28.962499618530273,28.662500381469727,28.662500381469727,22791684
2020-11-24,24.253372192382812,28.725000381469727,28.987499237060547,28.6875,28.987499237060547,24011592
2020-11-25,24.052845001220703,28.487499237060547,28.924999237060547,28.475000381469727,28.924999237060547,16114800
2020-11-26,24.242816925048828,28.712499618530273,28.75,28.512500762939453,28.512500762939453,9998860
2020-11-27,24.200605392456055,28.662500381469727,28.712499618530273,28.524999618530273,28.625,20880260
2020-11-30,23.915645599365234,28.325000762939453,28.787500381469727,28.325000762939453,28.700000762939453,37349512
2020-12-01,24.126724243164062,28.575000762939453,28.575000762939453,28.337499618530273,28.450000762939453,19992688
2020-12-02,24.358915328979492,28.850000381469727,28.887500762939453,28.625,28.75,24192848
2020-12-03,24.358915328979492,28.850000381469727,29.024999618530273,28.75,28.862499237060547,23526348
2020-12-04,24.759973526000977,29.325000762939453,29.362499237060547,28.975000381469727,28.975000381469727,48885676
2020-12-07,24.99216651916504,29.600000381469727,29.6875,29.375,29.625,26824392
2020-12-08,25.340450286865234,30.012500762939453,30.012500762939453,29.487499237060547,29.612499237060547,25060472
2020-12-09,25.340450286865234,30.012500762939453,30.049999237060547,29.875,30.0,24530532
2020-12-10,25.034378051757812,29.649999618530273,29.787500381469727,29.512500762939453,29.787500381469727,32259652
2020-12-11,25.0660400390625,29.6875,29.787500381469727,29.3125,29.700000762939453,18466948
2020-12-14,24.960500717163086,29.5625,29.662500381469727,29.5,29.662500381469727,9507816
2020-12-15,24.707204818725586,29.262500762939453,29.5,29.1875,29.487499237060547,37529272
2020-12-16,25.171581268310547,29.8125,29.825000762939453,29.462499618530273,29.475000381469727,53189928
2020-12-17,25.034378051757812,29.649999618530273,29.787500381469727,29.5,29.787500381469727,11618644
2020-12-18,24.94994354248047,29.549999237060547,29.674999237060547,29.5,29.637500762939453,9963540
2020-12-21,25.192689895629883,29.837499618530273,29.850000381469727,29.375,29.5625,17230064
2020-12-22,24.90772819519043,29.5,29.875,29.462499618530273,29.762500762939453,22844676
2020-12-23,24.93939208984375,29.537500381469727,29.575000762939453,29.375,29.462499618530273,16682148
2020-12-24,25.076597213745117,29.700000762939453,29.712499618530273,29.549999237060547,29.600000381469727,9804560
2020-12-25,25.108259201049805,29.737499237060547,29.899999618530273,29.649999618530273,29.774999618530273,11205268
2020-12-28,25.329893112182617,30.0,30.0,29.762500762939453,29.762500762939453,13629768
2020-12-29,25.308786392211914,29.975000381469727,30.049999237060547,29.837499618530273,30.012500762939453,12375916
2020-12-30,25.66762924194336,30.399999618530273,30.399999618530273,29.975000381469727,30.0,21472816
2020-12-31,25.804826736450195,30.5625,30.600000381469727,30.424999237060547,30.537500381469727,22965352
2021-01-04,26.24810218811035,31.087499618530273,31.125,30.5,30.549999237060547,24563188
2021-01-05,26.300872802734375,31.149999618530273,31.162500381469727,30.9375,31.049999237060547,18926280
2021-01-06,26.585832595825195,31.487499237060547,31.787500381469727,31.024999618530273,31.524999618530273,42348292
2021-01-07,27.20853042602539,32.224998474121094,32.25,31.637500762939453,31.637500762939453,26764652
2021-01-08,27.694015502929688,32.79999923706055,32.8125,32.38750076293945,32.650001525878906,51960980
2021-01-11,27.92620849609375,33.07500076293945,33.07500076293945,32.625,32.79999923706055,40583424
2021-01-12,27.883996963500977,33.025001525878906,33.287498474121094,32.900001525878906,33.07500076293945,43497448
2021-01-13,28.559457778930664,33.82500076293945,33.86249923706055,33.17499923706055,33.1875,42755604
2021-01-14,28.295602798461914,33.51250076293945,33.76250076293945,33.337501525878906,33.75,48001796
2021-01-15,28.39059066772461,33.625,34.5,33.599998474121094,34.287498474121094,86095908
2021-01-18,28.36948585510254,33.599998474121094,33.73749923706055,33.025001525878906,33.650001525878906,56811080
2021-01-19,29.118820190429688,34.48749923706055,34.525001525878906,33.79999923706055,33.79999923706055,48277244
2021-01-20,29.171594619750977,34.54999923706055,34.875,34.412498474121094,34.525001525878906,119861744
2021-01-21,30.18478775024414,35.75,35.8125,34.587501525878906,34.599998474121094,54689548
2021-01-22,29.645587921142578,34.36249923706055,34.75,33.75,34.54999923706055,95071252
2021-01-25,29.246572494506836,33.900001525878906,34.32500076293945,33.54999923706055,34.29999923706055,55002504
2021-01-26,28.653444290161133,33.212501525878906,34.150001525878906,32.95000076293945,33.88750076293945,57505908
2021-01-27,28.696584701538086,33.26250076293945,33.599998474121094,33.0625,33.32500076293945,31419364
2021-01-28,28.114240646362305,32.587501525878906,32.82500076293945,32.349998474121094,32.5,58015204
2021-01-29,27.6505184173584,32.04999923706055,32.962501525878906,32.04999923706055,32.900001525878906,56158664
2021-02-01,28.20050811767578,32.6875,32.73749923706055,31.887500762939453,32.04999923706055,56531932
2021-02-02,28.99853515625,33.61249923706055,33.76250076293945,33.125,33.125,43553492
2021-02-03,28.97696876525879,33.587501525878906,33.875,33.54999923706055,33.86249923706055,28327880
2021-02-04,28.804426193237305,33.38750076293945,33.63750076293945,33.087501525878906,33.349998474121094,26233916
2021-02-05,29.074026107788086,33.70000076293945,34.07500076293945,33.54999923706055,33.70000076293945,35199004
2021-02-17,30.3142032623291,35.13750076293945,35.212501525878906,34.75,34.75,75622784
2021-02-18,30.271066665649414,35.087501525878906,35.3125,34.900001525878906,35.13750076293945,41912192
2021-02-19,29.94754409790039,34.712501525878906,34.88750076293945,34.400001525878906,34.88750076293945,35106384
2021-02-22,29.93675994873047,34.70000076293945,35.1875,34.6875,34.95000076293945,27254544
2021-02-23,29.872051239013672,34.625,34.67499923706055,34.11249923706055,34.287498474121094,30629724
2021-02-24,29.42990493774414,34.11249923706055,34.54999923706055,34.0625,34.25,41942244
2021-02-25,29.667156219482422,34.38750076293945,34.537498474121094,34.17499923706055,34.462501525878906,40729192
2021-02-26,28.772069931030273,33.349998474121094,33.79999923706055,33.32500076293945,33.662498474121094,105334836
2021-03-02,28.782852172851562,33.36249923706055,33.912498474121094,33.36249923706055,33.875,28506280
2021-03-03,29.20343589782715,33.849998474121094,33.849998474121094,33.17499923706055,33.4375,33512376
2021-03-04,28.631879806518555,33.1875,33.587501525878906,32.92499923706055,33.587501525878906,66353052
2021-03-05,28.459333419799805,32.98749923706055,33.150001525878906,32.375,32.51250076293945,56613844
2021-03-08,28.437763214111328,32.962501525878906,33.45000076293945,32.875,33.4375,48210408
2021-03-09,28.329923629760742,32.837501525878906,32.900001525878906,32.4375,32.63750076293945,53095728
2021-03-10,28.448545455932617,32.974998474121094,33.150001525878906,32.849998474121094,33.07500076293945,21353912
2021-03-11,29.05245590209961,33.67499923706055,33.73749923706055,33.01250076293945,33.01250076293945,36663172
2021-03-12,29.17108726501465,33.8125,33.912498474121094,33.625,33.8125,22112176
2021-03-15,29.09559440612793,33.724998474121094,33.8125,33.61249923706055,33.8125,14718124
2021-03-16,29.19265365600586,33.837501525878906,33.912498474121094,33.6875,33.86249923706055,26876500
2021-03-17,28.944616317749023,33.54999923706055,33.849998474121094,33.5,33.837501525878906,26582624
2021-03-18,29.09559440612793,33.724998474121094,34.01250076293945,33.70000076293945,33.775001525878906,27618816
2021-03-19,28.64266014099121,33.20000076293945,33.375,33.07500076293945,33.36249923706055,39701288
2021-03-22,28.772069931030273,33.349998474121094,33.400001525878906,32.900001525878906,33.099998474121094,21224136
2021-03-23,28.815208435058594,33.400001525878906,33.67499923706055,33.400001525878906,33.474998474121094,27467604
2021-03-24,28.362272262573242,32.875,33.11249923706055,32.82500076293945,32.95000076293945,40972516
2021-03-25,28.459333419799805,32.98749923706055,33.13750076293945,32.650001525878906,32.775001525878906,19540068
2021-03-26,28.97696876525879,33.587501525878906,33.599998474121094,33.13750076293945,33.26250076293945,31879756
2021-03-29,29.21422004699707,33.86249923706055,33.974998474121094,33.76250076293945,33.79999923706055,32263336
2021-03-30,29.3112735748291,33.974998474121094,33.98749923706055,33.79999923706055,33.95000076293945,19052992
2021-03-31,29.063243865966797,33.6875,33.95000076293945,33.650001525878906,33.95000076293945,30413248
2021-04-01,29.2789249420166,33.9375,34.01250076293945,33.79999923706055,33.92499923706055,28893264
2021-04-07,29.7210750579834,34.45000076293945,34.48749923706055,34.287498474121094,34.42499923706055,17117556
2021-04-08,29.818132400512695,34.5625,34.5625,34.162498474121094,34.337501525878906,24794268
2021-04-09,29.753421783447266,34.48749923706055,34.724998474121094,34.412498474121094,34.712501525878906,14374740
2021-04-12,29.58087921142578,34.287498474121094,34.599998474121094,34.162498474121094,34.51250076293945,23586236
2021-04-13,29.58087921142578,34.287498474121094,34.70000076293945,34.25,34.29999923706055,22351296
2021-04-14,29.742639541625977,34.474998474121094,34.474998474121094,34.01250076293945,34.337501525878906,25502040
2021-04-15,29.990678787231445,34.76250076293945,34.76250076293945,34.400001525878906,34.51250076293945,30128784
2021-04-16,30.033817291259766,34.8125,34.8125,34.599998474121094,34.724998474121094,44717424
2021-04-19,30.087738037109375,34.875,34.9375,34.662498474121094,34.8125,31997080
2021-04-20,30.033817291259766,34.8125,34.88750076293945,34.70000076293945,34.712501525878906,19005996
2021-04-21,29.764209747314453,34.5,34.73749923706055,34.5,34.73749923706055,31261660
2021-04-22,29.742639541625977,34.474998474121094,34.76250076293945,34.42499923706055,34.63750076293945,15844676
2021-04-23,30.01224136352539,34.787498474121094,34.787498474121094,34.349998474121094,34.474998474121094,23838556
2021-04-26,30.45439338684082,35.29999923706055,35.337501525878906,34.974998474121094,35.0,47495696
2021-04-27,30.465179443359375,35.3125,35.42499923706055,35.20000076293945,35.29999923706055,26350460
2021-04-28,30.281848907470703,35.099998474121094,35.3125,35.04999923706055,35.3125,11847132
2021-04-29,30.324983596801758,35.150001525878906,35.5,35.150001525878906,35.25,35394172
2021-05-03,29.818132400512695,34.5625,35.099998474121094,34.525001525878906,35.099998474121094,26886696
2021-05-04,29.559310913085938,34.26250076293945,34.587501525878906,33.75,34.5625,53149348
2021-05-05,29.2789249420166,33.9375,34.32500076293945,33.92499923706055,34.26250076293945,35123544
2021-05-06,29.537744522094727,34.23749923706055,34.375,33.875,34.07500076293945,31910052
2021-05-07,30.06616973876953,34.849998474121094,34.86249923706055,34.48749923706055,34.537498474121094,27887364
2021-05-10,29.861265182495117,34.61249923706055,34.875,34.525001525878906,34.875,17145392
2021-05-11,28.739717483520508,33.3125,33.95000076293945,33.150001525878906,33.9375,101487268
2021-05-12,27.909339904785156,32.349998474121094,33.224998474121094,30.299999237060547,33.224998474121094,153849896
2021-05-13,27.499542236328125,31.875,32.5,31.25,31.5625,108572604
2021-05-14,27.812280654907227,32.23749923706055,32.5625,31.962499618530273,32.125,60858732
2021-05-17,27.283859252929688,31.625,32.20000076293945,31.174999237060547,31.299999237060547,126414496
2021-05-18,28.534818649291992,33.07500076293945,33.07500076293945,32.0,32.087501525878906,65091716
2021-05-19,28.340702056884766,32.849998474121094,33.162498474121094,32.625,33.04999923706055,67681988
2021-05-20,28.146591186523438,32.625,32.849998474121094,32.42499923706055,32.837501525878906,38038476
2021-05-21,28.54560089111328,33.087501525878906,33.462501525878906,32.82500076293945,33.125,40364120
2021-05-24,28.502460479736328,33.037498474121094,33.162498474121094,32.787498474121094,32.88750076293945,40898176
2021-05-25,28.987754821777344,33.599998474121094,33.662498474121094,33.224998474121094,33.224998474121094,36364972
2021-05-26,29.009323120117188,33.625,33.787498474121094,33.48749923706055,33.712501525878906,20554356
2021-05-27,28.804426193237305,33.38750076293945,33.42499923706055,33.087501525878906,33.375,22624404
2021-05-28,29.289709091186523,33.95000076293945,33.974998474121094,33.57500076293945,33.724998474121094,38184028
2021-05-31,29.57009506225586,34.275001525878906,34.38750076293945,33.95000076293945,33.95000076293945,41441512
2021-06-01,29.699506759643555,34.42499923706055,34.525001525878906,34.29999923706055,34.29999923706055,22239920
2021-06-02,29.699506759643555,34.42499923706055,34.5,34.162498474121094,34.45000076293945,19776268
2021-06-03,29.677936553955078,34.400001525878906,34.61249923706055,34.375,34.48749923706055,19899456
2021-06-04,29.537744522094727,34.23749923706055,34.25,34.07500076293945,34.25,12430320
2021-06-07,29.613231658935547,34.32500076293945,34.349998474121094,33.662498474121094,34.29999923706055,42978416
2021-06-08,29.44068717956543,34.125,34.375,34.125,34.32500076293945,11574400
2021-06-09,29.225006103515625,33.875,34.07500076293945,33.76250076293945,34.07500076293945,23961704
2021-06-10,29.677936553955078,34.400001525878906,34.462501525878906,33.95000076293945,34.0,27041116
2021-06-11,29.78577995300293,34.525001525878906,34.625,34.462501525878906,34.525001525878906,13123036
2021-06-15,29.94754409790039,34.712501525878906,34.75,34.599998474121094,34.650001525878906,15841824
2021-06-16,29.915189743041992,34.67499923706055,34.73749923706055,34.537498474121094,34.67499923706055,28848448
2021-06-17,29.82891845703125,34.57500076293945,34.57500076293945,34.287498474121094,34.45000076293945,12704604
2021-06-18,29.764209747314453,34.5,34.712501525878906,34.48749923706055,34.712501525878906,8566312
2021-06-21,29.05245590209961,33.67499923706055,34.25,33.650001525878906,34.224998474121094,62771964
2021-06-22,29.084810256958008,33.712501525878906,34.01250076293945,33.625,33.900001525878906,23116784
2021-06-23,29.559310913085938,34.26250076293945,34.287498474121094,33.70000076293945,33.75,25554192
2021-06-24,29.483823776245117,34.17499923706055,34.3125,34.11249923706055,34.26250076293945,24711284
2021-06-25,29.537744522094727,34.23749923706055,34.48749923706055,34.17499923706055,34.36249923706055,25873856
2021-06-28,29.591665267944336,34.29999923706055,34.375,34.125,34.25,15924228
2021-06-29,29.677936553955078,34.400001525878906,34.67499923706055,34.32500076293945,34.474998474121094,35947620
2021-06-30,29.96910858154297,34.73749923706055,34.837501525878906,34.51250076293945,34.525001525878906,37738688
2021-07-01,29.82891845703125,34.57500076293945,34.79999923706055,34.51250076293945,34.75,18035100
2021-07-02,29.82891845703125,34.57500076293945,34.625,34.474998474121094,34.57500076293945,18841708
2021-07-05,30.10930061340332,34.900001525878906,35.0,34.6875,34.6875,30418260
2021-07-06,30.14165496826172,34.9375,35.01250076293945,34.86249923706055,34.962501525878906,25581352
2021-07-07,29.979888916015625,34.75,34.912498474121094,34.650001525878906,34.900001525878906,26349512
2021-07-08,29.94754409790039,34.712501525878906,34.875,34.54999923706055,34.787498474121094,15770840
2021-07-09,29.710296630859375,34.4375,34.474998474121094,34.23749923706055,34.474998474121094,26946384
2021-07-12,29.979888916015625,34.75,35.01250076293945,34.63750076293945,34.76250076293945,54207240
2021-07-13,30.227928161621094,35.037498474121094,35.25,34.98749923706055,35.0,54740836
2021-07-14,30.303417205810547,35.125,35.275001525878906,35.037498474121094,35.04999923706055,37822716
2021-07-15,30.58380126953125,35.45000076293945,35.462501525878906,35.20000076293945,35.23749923706055,48290328
2021-07-16,30.174009323120117,34.974998474121094,35.0,34.76250076293945,34.95000076293945,37001536
2021-07-19,29.82891845703125,34.57500076293945,34.79999923706055,34.38750076293945,34.75,41802040
2021-07-20,29.591665267944336,34.29999923706055,34.57500076293945,34.26250076293945,34.45000076293945,31443692
2021-07-21,29.559228897094727,34.17499923706055,34.5,34.025001525878906,34.5,50775656
2021-07-22,29.764650344848633,34.412498474121094,34.63750076293945,34.3125,34.45000076293945,24405396
2021-07-23,29.764650344848633,34.412498474121094,34.57500076293945,34.337501525878906,34.51250076293945,12374240
2021-07-26,29.505170822143555,34.11249923706055,34.51250076293945,34.0625,34.4375,46350908
2021-07-27,29.494359970092773,34.099998474121094,34.26250076293945,34.01250076293945,34.125,41265188
2021-07-28,29.029455184936523,33.5625,34.025001525878906,33.4375,34.025001525878906,120230996
2021-07-29,29.515981674194336,34.125,34.150001525878906,33.8125,33.962501525878906,42856636
2021-07-30,29.41868019104004,34.01250076293945,34.150001525878906,34.0,34.150001525878906,15472072
2021-08-02,29.818708419799805,34.474998474121094,34.5,34.01250076293945,34.25,28890076
2021-08-03,29.93763542175293,34.61249923706055,34.61249923706055,34.42499923706055,34.48749923706055,24320952
2021-08-04,30.11063003540039,34.8125,34.82500076293945,34.61249923706055,34.662498474121094,21724496
2021-08-05,30.056564331054688,34.75,34.86249923706055,34.712501525878906,34.8125,22573208
2021-08-06,30.013324737548828,34.70000076293945,34.75,34.45000076293945,34.724998474121094,15681916
2021-08-09,29.926828384399414,34.599998474121094,34.63750076293945,34.17499923706055,34.54999923706055,20148264
2021-08-10,29.764650344848633,34.412498474121094,34.625,34.375,34.61249923706055,9903104
2021-08-11,29.667346954345703,34.29999923706055,34.412498474121094,34.150001525878906,34.337501525878906,14460116
2021-08-12,29.61328887939453,34.23749923706055,34.3125,34.125,34.29999923706055,8938108
2021-08-13,29.332181930541992,33.912498474121094,34.212501525878906,33.88750076293945,34.150001525878906,28719444
2021-08-16,29.267314910888672,33.837501525878906,33.9375,33.724998474121094,33.875,42835976
2021-08-17,29.05107879638672,33.587501525878906,33.875,33.57500076293945,33.849998474121094,52037948
2021-08-18,29.170007705688477,33.724998474121094,33.73749923706055,33.11249923706055,33.400001525878906,85849596
2021-08-19,28.499679565429688,32.95000076293945,33.625,32.900001525878906,33.625,105585004
2021-08-20,28.272632598876953,32.6875,33.20000076293945,32.54999923706055,33.04999923706055,62649456
2021-08-23,29.05107879638672,33.587501525878906,33.61249923706055,33.037498474121094,33.0625,23545608
2021-08-24,29.137575149536133,33.6875,33.837501525878906,33.650001525878906,33.79999923706055,19796404
2021-08-25,29.41868019104004,34.01250076293945,34.025001525878906,33.787498474121094,33.787498474121094,27403636
2021-08-26,29.62409782409668,34.25,34.5,34.087501525878906,34.36249923706055,28349696
2021-08-27,29.872764587402344,34.537498474121094,34.625,34.11249923706055,34.17499923706055,66067832
2021-08-30,30.164688110351562,34.875,34.875,34.61249923706055,34.662498474121094,85414624
2021-08-31,30.348485946655273,35.087501525878906,35.087501525878906,34.525001525878906,34.849998474121094,64500216
2021-09-01,30.489038467407227,35.25,35.32500076293945,35.01250076293945,35.037498474121094,72891272
2021-09-02,30.251182556152344,34.974998474121094,35.349998474121094,34.974998474121094,35.224998474121094,27917864
2021-09-03,30.68364715576172,35.474998474121094,35.525001525878906,35.11249923706055,35.162498474121094,44336692
2021-09-06,30.824201583862305,35.63750076293945,35.875,35.400001525878906,35.474998474121094,55343340
2021-09-07,30.68364715576172,35.474998474121094,35.70000076293945,35.36249923706055,35.70000076293945,32844564
2021-09-08,30.41335678100586,35.162498474121094,35.5,34.98749923706055,35.4375,27915944
2021-09-09,30.337671279907227,35.07500076293945,35.25,34.82500076293945,34.912498474121094,12250292
2021-09-10,30.6944580078125,35.48749923706055,35.525001525878906,35.125,35.17499923706055,11929744
2021-09-13,30.586336135864258,35.36249923706055,35.462501525878906,35.287498474121094,35.462501525878906,12939284
2021-09-14,30.618776321411133,35.400001525878906,35.54999923706055,35.337501525878906,35.462501525878906,9637564
2021-09-15,30.43498420715332,35.1875,35.36249923706055,35.099998474121094,35.32500076293945,47972592
2021-09-16,30.294424057006836,35.025001525878906,35.25,34.9375,35.20000076293945,32048512
2021-09-17,30.38092041015625,35.125,35.26250076293945,34.875,35.025001525878906,15056364
2021-09-22,29.667346954345703,34.29999923706055,34.400001525878906,34.07500076293945,34.275001525878906,95626476
2021-09-23,29.840333938598633,34.5,34.625,34.400001525878906,34.5,22950432
2021-09-24,30.197120666503906,34.912498474121094,34.912498474121094,34.67499923706055,34.70000076293945,24728896
2021-09-27,30.272802352905273,35.0,35.087501525878906,34.79999923706055,34.962501525878906,46916492
2021-09-28,30.056564331054688,34.75,34.837501525878906,34.5625,34.8125,70802024
2021-09-29,29.40786361694336,34.0,34.224998474121094,33.86249923706055,34.224998474121094,118838624
2021-09-30,29.634910583496094,34.26250076293945,34.275001525878906,33.79999923706055,34.07500076293945,66370156
2021-10-01,28.96458625793457,33.48749923706055,34.07500076293945,33.412498474121094,34.07500076293945,108369932
2021-10-04,28.79159164428711,33.287498474121094,33.70000076293945,33.212501525878906,33.67499923706055,93019620
2021-10-05,28.74834632873535,33.23749923706055,33.25,32.724998474121094,33.0,107861208
2021-10-06,28.759166717529297,33.25,33.5,33.0,33.5,88152372
2021-10-07,29.267314910888672,33.837501525878906,33.900001525878906,33.48749923706055,33.51250076293945,54266868
2021-10-08,29.018644332885742,33.54999923706055,33.912498474121094,33.48749923706055,33.912498474121094,30805556
2021-10-12,28.726728439331055,33.212501525878906,33.287498474121094,32.900001525878906,33.17499923706055,44110052
2021-10-13,28.629419326782227,33.099998474121094,33.400001525878906,33.037498474121094,33.349998474121094,21732664
2021-10-14,28.705106735229492,33.1875,33.42499923706055,33.125,33.375,13018476
2021-10-15,29.461925506591797,34.0625,34.087501525878906,33.57500076293945,33.662498474121094,53612692
2021-10-18,29.375429153442383,33.962501525878906,34.224998474121094,33.900001525878906,34.17499923706055,21166076
2021-10-19,29.61328887939453,34.23749923706055,34.3125,34.01250076293945,34.04999923706055,33879576
2021-10-20,29.537609100341797,34.150001525878906,34.32500076293945,34.11249923706055,34.26250076293945,58064224
2021-10-21,29.429489135742188,34.025001525878906,34.45000076293945,34.025001525878906,34.17499923706055,52200656
2021-10-22,29.515981674194336,34.125,34.1875,33.912498474121094,34.0625,20749424
2021-10-25,29.494359970092773,34.099998474121094,34.17499923706055,33.79999923706055,34.0,29361584
2021-10-26,29.743030548095703,34.38750076293945,34.4375,34.150001525878906,34.162498474121094,42011924
2021-10-27,29.743030548095703,34.38750076293945,34.38750076293945,34.17499923706055,34.23749923706055,29550340
2021-10-28,29.65653419494629,34.287498474121094,34.412498474121094,34.150001525878906,34.36249923706055,17775576
2021-10-29,29.3646183013916,33.95000076293945,34.26250076293945,33.837501525878906,34.26250076293945,19783344
2021-11-01,29.515981674194336,34.125,34.1875,34.04999923706055,34.04999923706055,12073852
2021-11-02,29.461925506591797,34.0625,34.412498474121094,34.037498474121094,34.20000076293945,15930308
2021-11-03,29.537609100341797,34.150001525878906,34.25,34.099998474121094,34.099998474121094,9295528
2021-11-04,29.440298080444336,34.037498474121094,34.375,34.037498474121094,34.3125,10037280
2021-11-05,29.861957550048828,34.525001525878906,34.54999923706055,34.20000076293945,34.275001525878906,44980008
2021-11-08,30.09981346130371,34.79999923706055,34.79999923706055,34.54999923706055,34.54999923706055,29547192
2021-11-09,30.42416763305664,35.17499923706055,35.29999923706055,35.025001525878906,35.037498474121094,49103720
2021-11-10,30.38092041015625,35.125,35.162498474121094,35.0,35.162498474121094,21403752
2021-11-11,30.11063003540039,34.8125,34.9375,34.70000076293945,34.775001525878906,17749988
2021-11-12,30.207935333251953,34.92499923706055,35.20000076293945,34.875,34.974998474121094,22775288
2021-11-15,30.478219985961914,35.23749923706055,35.3125,35.13750076293945,35.13750076293945,25918820
2021-11-16,30.53228187561035,35.29999923706055,35.36249923706055,35.20000076293945,35.23749923706055,22967136
2021-11-17,30.62959098815918,35.412498474121094,35.42499923706055,35.287498474121094,35.32500076293945,81202148
2021-11-18,30.80257225036621,35.61249923706055,35.63750076293945,35.412498474121094,35.4375,23376840
2021-11-19,30.878259658813477,35.70000076293945,35.88750076293945,35.662498474121094,35.875,23825376
2021-11-22,30.80257225036621,35.61249923706055,35.724998474121094,35.599998474121094,35.67499923706055,14822488
2021-11-23,30.510662078857422,35.275001525878906,35.5,35.26250076293945,35.5,17951904
2021-11-24,30.38092041015625,35.125,35.287498474121094,35.037498474121094,35.275001525878906,12176628
2021-11-25,30.370100021362305,35.11249923706055,35.224998474121094,35.0,35.125,9909604
2021-11-26,29.872764587402344,34.537498474121094,34.962501525878906,34.48749923706055,34.88750076293945,46647920
2021-11-29,29.872764587402344,34.537498474121094,34.70000076293945,34.375,34.400001525878906,44655660
2021-11-30,29.840333938598633,34.5,34.900001525878906,34.462501525878906,34.70000076293945,41102956
2021-12-01,30.337671279907227,35.07500076293945,35.125,34.51250076293945,34.525001525878906,16704276
2021-12-02,30.66202163696289,35.45000076293945,35.48749923706055,34.92499923706055,35.025001525878906,35537196
2021-12-03,30.651214599609375,35.4375,35.537498474121094,35.275001525878906,35.48749923706055,19330520
2021-12-06,30.564720153808594,35.337501525878906,35.474998474121094,35.0,35.17499923706055,15418468
2021-12-07,30.66202163696289,35.45000076293945,35.45000076293945,35.087501525878906,35.337501525878906,12050156
2021-12-08,30.78095054626465,35.587501525878906,35.900001525878906,35.57500076293945,35.775001525878906,43552320
2021-12-09,30.705272674560547,35.5,35.662498474121094,35.42499923706055,35.61249923706055,18162644
2021-12-10,30.6944580078125,35.48749923706055,35.525001525878906,35.337501525878906,35.45000076293945,13121360
2021-12-13,30.597152709960938,35.375,35.61249923706055,35.375,35.54999923706055,18437204
2021-12-14,30.294424057006836,35.025001525878906,35.17499923706055,34.98749923706055,35.087501525878906,18753476
2021-12-15,30.337671279907227,35.07500076293945,35.150001525878906,34.92499923706055,35.025001525878906,39734372
2021-12-16,30.716083526611328,35.51250076293945,35.51250076293945,35.287498474121094,35.337501525878906,22468220
2021-12-17,30.68364715576172,35.474998474121094,35.5,35.29999923706055,35.38750076293945,19549972
2021-12-20,30.41335678100586,35.162498474121094,35.462501525878906,35.07500076293945,35.45000076293945,17373652
2021-12-21,30.672842025756836,35.462501525878906,35.48749923706055,35.17499923706055,35.17499923706055,26402952
2021-12-22,30.672842025756836,35.462501525878906,35.5,35.412498474121094,35.48749923706055,16285780
2021-12-23,30.845823287963867,35.662498474121094,35.79999923706055,35.5625,35.6875,55705360
2021-12-24,30.932321548461914,35.76250076293945,35.900001525878906,35.73749923706055,35.75,50101524
2021-12-27,31.17017364501953,36.037498474121094,36.0625,35.775001525878906,35.79999923706055,26048796
2021-12-28,31.418846130371094,36.32500076293945,36.32500076293945,36.07500076293945,36.07500076293945,89823980
2021-12-29,31.559391021728516,36.48749923706055,36.537498474121094,36.26250076293945,36.36249923706055,90088896
2021-12-30,31.462087631225586,36.375,36.5,36.337501525878906,36.48749923706055,24985712
2022-01-03,31.65670394897461,36.599998474121094,36.837501525878906,36.5,36.5,27136808
2022-01-04,32.34864807128906,37.400001525878906,37.400001525878906,36.92499923706055,36.92499923706055,38537760
2022-01-05,32.28377914428711,37.32500076293945,37.63750076293945,37.275001525878906,37.525001525878906,45626404
2022-01-06,31.98105239868164,36.974998474121094,37.1875,36.75,37.07500076293945,34484932
2022-01-07,31.6999454498291,36.650001525878906,37.25,36.625,37.07500076293945,27956496
2022-01-10,31.90536880493164,36.88750076293945,36.95000076293945,36.349998474121094,36.5,62807884
2022-01-11,32.06755065917969,37.07500076293945,37.125,36.67499923706055,36.900001525878906,71021608
2022-01-12,32.33783721923828,37.38750076293945,37.400001525878906,37.17499923706055,37.337501525878906,40619208
2022-01-13,32.50001907348633,37.57500076293945,37.61249923706055,37.38750076293945,37.38750076293945,29812384
2022-01-14,32.50001907348633,37.57500076293945,37.79999923706055,37.26250076293945,37.70000076293945,40446116
2022-01-17,32.867610931396484,38.0,38.099998474121094,37.775001525878906,37.775001525878906,27711192
2022-01-18,32.50001907348633,37.57500076293945,38.0625,37.537498474121094,38.04999923706055,57660460
2022-01-19,32.11079788208008,37.125,37.412498474121094,37.0625,37.25,58657148
2022-01-20,32.240535736083984,37.275001525878906,37.29999923706055,36.900001525878906,37.125,65053388
2022-01-21,31.522361755371094,35.662498474121094,35.98749923706055,35.57500076293945,35.974998474121094,119510380
2022-01-24,31.8206729888916,36.0,36.0,35.42499923706055,35.525001525878906,52641948
2022-01-25,31.301376342773438,35.412498474121094,35.63750076293945,35.3125,35.63750076293945,96087792
2022-01-26,31.279281616210938,35.38750076293945,35.54999923706055,35.26250076293945,35.287498474121094,71003288
2022-02-07,31.44501495361328,35.57500076293945,35.70000076293945,35.29999923706055,35.650001525878906,96090320
2022-02-08,31.577604293823242,35.724998474121094,35.875,35.70000076293945,35.82500076293945,44340368
2022-02-09,31.688095092773438,35.849998474121094,35.875,35.662498474121094,35.875,32243600
2022-02-10,32.05270004272461,36.26250076293945,36.26250076293945,35.875,35.974998474121094,24016868
2022-02-11,32.03059768676758,36.23749923706055,36.26250076293945,36.01250076293945,36.17499923706055,17259684
2022-02-14,31.53340721130371,35.67499923706055,35.98749923706055,35.54999923706055,35.98749923706055,47456160
2022-02-15,31.389772415161133,35.51250076293945,35.79999923706055,35.48749923706055,35.67499923706055,29444908
2022-02-16,31.909067153930664,36.099998474121094,36.11249923706055,35.95000076293945,35.974998474121094,26800172
2022-02-17,31.931163787841797,36.125,36.25,36.0,36.099998474121094,19763216
2022-02-18,31.8427791595459,36.025001525878906,36.037498474121094,35.76250076293945,35.875,15468844
2022-02-21,31.7764835357666,35.95000076293945,35.962501525878906,35.70000076293945,35.86249923706055,18011756
2022-02-22,31.3455810546875,35.462501525878906,35.662498474121094,35.1875,35.650001525878906,74872596
2022-02-23,31.433969497680664,35.5625,35.599998474121094,35.412498474121094,35.462501525878906,17635428
2022-02-24,30.671600341796875,34.70000076293945,35.275001525878906,34.57500076293945,35.275001525878906,117813808
2022-02-25,30.605300903320312,34.625,34.79999923706055,34.462501525878906,34.76250076293945,90309080
2022-03-01,31.036209106445312,35.11249923706055,35.20000076293945,34.712501525878906,34.76250076293945,32958060
2022-03-02,30.859426498413086,34.912498474121094,35.025001525878906,34.79999923706055,35.0,24524616
2022-03-03,30.925724029541016,34.98749923706055,35.20000076293945,34.962501525878906,35.125,17755472
2022-03-04,30.594257354736328,34.61249923706055,34.712501525878906,34.48749923706055,34.625,50396708
2022-03-07,29.61090660095215,33.5,34.224998474121094,33.4375,34.224998474121094,208177676
2022-03-08,28.981121063232422,32.787498474121094,33.287498474121094,32.75,33.11249923706055,167283432
2022-03-09,29.27944564819336,33.125,33.3125,33.04999923706055,33.04999923706055,83526340
2022-03-10,30.130205154418945,34.087501525878906,34.13750076293945,33.79999923706055,33.79999923706055,57746092
2022-03-11,29.699296951293945,33.599998474121094,33.962501525878906,33.54999923706055,33.962501525878906,42419380
2022-03-14,29.699296951293945,33.599998474121094,33.837501525878906,33.5,33.75,34346608
2022-03-15,29.091611862182617,32.912498474121094,33.287498474121094,32.849998474121094,33.287498474121094,94122712
2022-03-16,29.213153839111328,33.04999923706055,33.3125,32.775001525878906,33.29999923706055,75954080
2022-03-17,30.141252517700195,34.099998474121094,34.125,33.79999923706055,33.86249923706055,56006192
2022-03-18,30.07496452331543,34.025001525878906,34.150001525878906,33.875,34.150001525878906,50581376
2022-03-21,30.273839950561523,34.25,34.412498474121094,34.20000076293945,34.20000076293945,30873588
2022-03-22,30.22964096069336,34.20000076293945,34.25,34.07500076293945,34.20000076293945,24184288
2022-03-23,30.516916275024414,34.525001525878906,34.587501525878906,34.38750076293945,34.400001525878906,41079752
2022-03-24,30.494815826416016,34.5,34.525001525878906,34.26250076293945,34.375,17108564
2022-03-25,30.539012908935547,34.54999923706055,34.625,34.474998474121094,34.599998474121094,19496792
2022-03-28,30.207542419433594,34.17499923706055,34.25,33.88750076293945,34.25,42024708
2022-03-29,30.240690231323242,34.212501525878906,34.29999923706055,34.150001525878906,34.25,25774216
2022-03-30,30.616352081298828,34.63750076293945,34.67499923706055,34.51250076293945,34.51250076293945,32665068
2022-03-31,30.516916275024414,34.525001525878906,34.662498474121094,34.525001525878906,34.63750076293945,14238552
2022-04-01,30.262786865234375,34.23749923706055,34.23749923706055,34.037498474121094,34.150001525878906,30795024
2022-04-06,30.108104705810547,34.0625,34.087501525878906,33.75,33.8125,46251656
2022-04-07,29.566713333129883,33.45000076293945,33.775001525878906,33.45000076293945,33.775001525878906,58991464
2022-04-08,29.732446670532227,33.63750076293945,33.63750076293945,33.4375,33.525001525878906,35768872
2022-04-11,29.268390655517578,33.11249923706055,33.61249923706055,33.04999923706055,33.537498474121094,66837660
2022-04-12,29.29049301147461,33.13750076293945,33.212501525878906,32.900001525878906,33.037498474121094,56875520
2022-04-13,29.84293556213379,33.76250076293945,33.79999923706055,33.29999923706055,33.349998474121094,28186852
2022-04-14,29.732446670532227,33.63750076293945,33.9375,33.63750076293945,33.9375,19791976
2022-04-15,29.224199295043945,33.0625,33.26250076293945,33.0,33.212501525878906,82769516
2022-04-18,29.069517135620117,32.88750076293945,33.0625,32.787498474121094,33.0,71848084
2022-04-19,29.168954849243164,33.0,33.23749923706055,32.962501525878906,33.0625,36238036
2022-04-20,29.312583923339844,33.162498474121094,33.17499923706055,32.912498474121094,33.04999923706055,27048540
2022-04-21,29.33469009399414,33.1875,33.400001525878906,33.162498474121094,33.3125,15936376
2022-04-22,29.080568313598633,32.900001525878906,32.9375,32.712501525878906,32.849998474121094,44801348
2022-04-25,28.561267852783203,32.3125,32.51250076293945,32.162498474121094,32.5,128851880
2022-04-26,28.561267852783203,32.3125,32.45000076293945,32.212501525878906,32.4375,37409408
2022-04-27,27.964632034301758,31.637500762939453,31.75,31.512500762939453,31.75,114986256
2022-04-28,28.08616828918457,31.774999618530273,31.850000381469727,31.487499237060547,31.837499618530273,46171364
2022-04-29,28.450777053833008,32.1875,32.375,32.0625,32.224998474121094,47537724
2022-05-03,28.2408504486084,31.950000762939453,32.17499923706055,31.862499237060547,32.13750076293945,25125076
2022-05-04,28.2408504486084,31.950000762939453,32.11249923706055,31.875,32.07500076293945,39598772
2022-05-05,28.561267852783203,32.3125,32.45000076293945,32.23749923706055,32.375,24902416
2022-05-06,27.98672866821289,31.662500381469727,31.712499618530273,31.487499237060547,31.612499237060547,68203532
2022-05-09,27.522674560546875,31.137500762939453,31.387500762939453,31.125,31.375,51720992
2022-05-10,27.401138305664062,31.0,31.024999618530273,30.387500762939453,30.537500381469727,55376572
2022-05-11,27.445337295532227,31.049999237060547,31.112499237060547,30.825000762939453,30.962499618530273,32199604
2022-05-12,26.7934513092041,30.3125,30.75,30.299999237060547,30.75,47755260
2022-05-13,27.03652572631836,30.587499618530273,30.587499618530273,30.387500762939453,30.524999618530273,28106200
2022-05-16,27.180164337158203,30.75,31.0,30.625,30.862499237060547,22904664
2022-05-17,27.478479385375977,31.087499618530273,31.125,30.787500381469727,30.787500381469727,16662204
2022-05-18,27.776796340942383,31.424999237060547,31.5,31.3125,31.337499618530273,25266444
2022-05-19,27.2464542388916,30.825000762939453,30.950000762939453,30.662500381469727,30.862499237060547,29033480
2022-05-20,27.544776916503906,31.162500381469727,31.237499237060547,30.912500381469727,30.9375,14661664
2022-05-23,27.600019454956055,31.225000381469727,31.399999618530273,31.125,31.325000762939453,10715572
2022-05-24,27.2906494140625,30.875,31.299999237060547,30.850000381469727,31.25,20276748
2022-05-25,27.500577926635742,31.112499237060547,31.174999237060547,30.862499237060547,30.924999237060547,10270292
2022-05-26,27.158065795898438,30.725000381469727,31.25,30.712499618530273,31.25,23219872
2022-05-27,27.732606887817383,31.375,31.450000762939453,31.012500762939453,31.037500381469727,46801572
2022-05-30,28.406587600708008,32.13750076293945,32.150001525878906,31.762500762939453,31.8125,58170520
2022-05-31,28.68280601501465,32.45000076293945,32.45000076293945,31.899999618530273,32.11249923706055,28102668
2022-06-01,28.53917121887207,32.287498474121094,32.51250076293945,32.25,32.32500076293945,25626728
2022-06-02,28.2408504486084,31.950000762939453,32.11249923706055,31.899999618530273,32.11249923706055,17718612
2022-06-06,28.439729690551758,32.17499923706055,32.25,31.862499237060547,32.0625,16111300
2022-06-07,28.152462005615234,31.850000381469727,31.987499237060547,31.712499618530273,31.987499237060547,19365760
2022-06-08,28.461830139160156,32.20000076293945,32.275001525878906,32.037498474121094,32.125,15916200
2022-06-09,28.373435974121094,32.099998474121094,32.125,31.912500381469727,32.04999923706055,7709100
2022-06-10,28.08616828918457,31.774999618530273,31.850000381469727,31.600000381469727,31.700000762939453,16998412
2022-06-13,27.30170440673828,30.887500762939453,31.0625,30.862499237060547,31.024999618530273,67467100
2022-06-14,27.257503509521484,30.837499618530273,30.887500762939453,30.524999618530273,30.649999618530273,47559120
2022-06-15,27.12491798400879,30.6875,30.899999618530273,30.662500381469727,30.75,35393308
2022-06-16,27.06967544555664,30.625,31.25,30.5625,31.024999618530273,51071688
2022-06-17,26.705059051513672,30.212499618530273,30.375,30.100000381469727,30.25,78686220
2022-06-20,26.461990356445312,29.9375,30.237499237060547,29.875,30.225000381469727,42257108
2022-06-21,27.003379821777344,30.549999237060547,30.549999237060547,30.087499618530273,30.237499237060547,25930500
2022-06-22,26.4067440032959,29.875,30.424999237060547,29.837499618530273,30.424999237060547,60435976
2022-06-23,26.05318260192871,29.475000381469727,29.950000762939453,29.3125,29.950000762939453,67491772
2022-06-24,26.108427047729492,29.537500381469727,29.825000762939453,29.487499237060547,29.662500381469727,43073528
2022-06-27,26.727161407470703,30.237499237060547,30.362499237060547,29.950000762939453,29.950000762939453,66723816
2022-06-28,26.473037719726562,29.950000762939453,30.200000762939453,29.8125,30.200000762939453,43233840
2022-06-29,26.25206184387207,29.700000762939453,29.887500762939453,29.625,29.674999237060547,25087984
2022-06-30,25.58913230895996,28.950000762939453,29.450000762939453,28.875,29.424999237060547,81720980
2022-07-01,24.64997673034668,27.887500762939453,28.912500381469727,27.799999237060547,28.912500381469727,138878240
2022-07-04,24.40690040588379,27.612499237060547,28.049999237060547,27.5,27.8125,105770848
2022-07-05,24.528438568115234,27.75,28.237499237060547,27.25,28.137500762939453,64857832
2022-07-06,24.0533390045166,27.212499618530273,27.762500762939453,27.112499237060547,27.75,62447924
2022-07-07,24.771512985229492,28.024999618530273,28.037500381469727,27.137500762939453,27.362499237060547,53732760
2022-07-08,25.025638580322266,28.3125,28.475000381469727,28.075000762939453,28.325000762939453,40711428
2022-07-11,24.80466079711914,28.0625,28.424999237060547,27.962499618530273,28.412500381469727,30291812
2022-07-12,24.208023071289062,27.387500762939453,27.737499237060547,27.287500381469727,27.737499237060547,44533776
2022-07-13,25.06983184814453,28.362499237060547,28.412500381469727,28.149999618530273,28.25,99299588
2022-07-14,25.191370010375977,28.5,28.5625,27.950000762939453,28.174999237060547,59001712
2022-07-15,25.522836685180664,28.875,28.912500381469727,28.4375,28.649999618530273,74221248
2022-07-18,25.63507080078125,28.549999237060547,28.712499618530273,28.487499237060547,28.662500381469727,88829376
2022-07-19,25.657520294189453,28.575000762939453,28.662500381469727,28.399999618530273,28.487499237060547,53005460
2022-07-20,25.825876235961914,28.762500762939453,29.049999237060547,28.674999237060547,28.962499618530273,67345152
2022-07-21,26.117692947387695,29.087499618530273,29.087499618530273,28.75,28.850000381469727,35213080
2022-07-22,26.218706130981445,29.200000762939453,29.299999237060547,29.075000762939453,29.149999618530273,62459656
2022-07-25,26.196260452270508,29.174999237060547,29.237499237060547,29.0,29.075000762939453,42173440
2022-07-26,25.960561752319336,28.912500381469727,29.149999618530273,28.825000762939453,29.149999618530273,50495728
2022-07-27,26.196260452270508,29.174999237060547,29.174999237060547,28.787500381469727,28.875,31668200
2022-07-28,26.24115753173828,29.225000381469727,29.487499237060547,29.225000381469727,29.462499618530273,33228832
2022-07-29,26.48807716369629,29.5,29.625,29.412500381469727,29.537500381469727,32121328
2022-08-01,26.409513473510742,29.412500381469727,29.524999618530273,29.299999237060547,29.524999618530273,38018536
2022-08-02,25.988924026489258,28.887500762939453,29.137500762939453,28.774999618530273,29.137500762939453,70777800
2022-08-03,26.146364212036133,29.0625,29.0625,28.875,28.912500381469727,31360808
2022-08-04,26.213836669921875,29.137500762939453,29.200000762939453,28.799999237060547,29.087499618530273,27397668
2022-08-05,26.877334594726562,29.875,29.875,29.475000381469727,29.5,37238236
2022-08-08,26.82110595703125,29.8125,29.8125,29.575000762939453,29.75,34765628
2022-08-09,26.798614501953125,29.787500381469727,29.875,29.5,29.600000381469727,31536632
2022-08-10,26.517473220825195,29.475000381469727,29.549999237060547,29.375,29.5,28891416
2022-08-11,27.001041412353516,30.012500762939453,30.112499237060547,29.899999618530273,29.950000762939453,42912384
2022-08-12,27.16972541809082,30.200000762939453,30.25,30.075000762939453,30.137500762939453,33697348
2022-08-15,27.41713523864746,30.475000381469727,30.524999618530273,30.3125,30.362499237060547,38189448
2022-08-16,27.462114334106445,30.524999618530273,30.575000762939453,30.475000381469727,30.5,39489064
2022-08-17,27.47336196899414,30.537500381469727,30.575000762939453,30.450000762939453,30.524999618530273,55419464
2022-08-18,27.293428421020508,30.337499618530273,30.362499237060547,30.237499237060547,30.350000381469727,21088012
2022-08-19,27.33841323852539,30.387500762939453,30.5,30.225000381469727,30.3125,16104076
2022-08-22,27.001041412353516,30.012500762939453,30.0625,29.9375,30.0,20028000
2022-08-23,26.584943771362305,29.549999237060547,29.75,29.549999237060547,29.637500762939453,41302508
2022-08-24,26.517473220825195,29.475000381469727,29.737499237060547,29.412500381469727,29.700000762939453,28253912
2022-08-25,26.764877319335938,29.75,29.862499237060547,29.612499237060547,29.625,19574876
2022-08-26,26.899826049804688,29.899999618530273,30.024999618530273,29.862499237060547,29.962499618530273,39838948
2022-08-29,26.213836669921875,29.137500762939453,29.237499237060547,29.0,29.0625,63102952
2022-08-30,26.258817672729492,29.1875,29.299999237060547,29.049999237060547,29.137500762939453,48621412
2022-08-31,26.44999885559082,29.399999618530273,29.399999618530273,28.950000762939453,28.987499237060547,28183656
2022-09-01,25.898958206176758,28.787500381469727,28.899999618530273,28.6875,28.875,84246316
2022-09-02,25.617813110351562,28.475000381469727,28.774999618530273,28.462499618530273,28.774999618530273,55976232
2022-09-05,25.674039840698242,28.537500381469727,28.6875,28.424999237060547,28.524999618530273,35512716
2022-09-06,25.84272575378418,28.725000381469727,28.850000381469727,28.5625,28.700000762939453,25904464
2022-09-07,25.235456466674805,28.049999237060547,28.287500381469727,28.024999618530273,28.274999618530273,61955568
2022-09-08,25.41539192199707,28.25,28.262500762939453,28.100000381469727,28.262500762939453,28468684
2022-09-12,25.955184936523438,28.850000381469727,28.912500381469727,28.75,28.825000762939453,30181272
2022-09-13,26.090133666992188,29.0,29.100000381469727,28.9375,29.024999618530273,18161944
2022-09-14,25.561582565307617,28.412500381469727,28.487499237060547,28.200000762939453,28.262500762939453,43782264
2022-09-15,25.6065673828125,28.462499618530273,28.5625,28.299999237060547,28.375,14736400
2022-09-16,25.314176559448242,28.137500762939453,28.212499618530273,28.075000762939453,28.162500381469727,51803628
2022-09-19,25.201725006103516,28.012500762939453,28.237499237060547,27.975000381469727,28.237499237060547,28709272
2022-09-20,25.426633834838867,28.262500762939453,28.287500381469727,28.0625,28.137500762939453,23028824
2022-09-21,25.21296501159668,28.024999618530273,28.200000762939453,27.950000762939453,28.200000762939453,44046172
2022-09-22,24.909330368041992,27.6875,27.6875,27.375,27.600000381469727,59646724
2022-09-23,24.673171997070312,27.424999237060547,27.587499618530273,27.337499618530273,27.5625,58395944
2022-09-26,24.21209716796875,26.912500381469727,27.012500762939453,26.787500381469727,27.012500762939453,79683304
2022-09-27,24.178356170654297,26.875,26.987499237060547,26.75,26.950000762939453,35851112
2022-09-28,23.67229652404785,26.3125,26.912500381469727,26.3125,26.899999618530273,75593876
2022-09-29,23.59357452392578,26.225000381469727,26.612499237060547,26.149999618530273,26.612499237060547,41608432
2022-09-30,23.2674503326416,25.862499237060547,25.975000381469727,25.75,25.825000762939453,50705712
2022-10-03,22.986309051513672,25.549999237060547,25.899999618530273,25.512500762939453,25.625,43969468
2022-10-04,23.571086883544922,26.200000762939453,26.200000762939453,26.024999618530273,26.137500762939453,30114732
2022-10-05,24.122127532958984,26.8125,26.962499618530273,26.587499618530273,26.625,42787184
2022-10-06,24.290815353393555,27.0,27.0,26.875,26.950000762939453,33828044
2022-10-07,23.885967254638672,26.549999237060547,26.850000381469727,26.524999618530273,26.850000381469727,34802512
2022-10-11,22.648935317993164,25.174999237060547,25.537500381469727,25.125,25.5,125921740
2022-10-12,22.536476135253906,25.049999237060547,25.174999237060547,24.887500762939453,25.100000381469727,53397184
2022-10-13,22.266578674316406,24.75,25.137500762939453,24.75,25.137500762939453,83371040
2022-10-14,22.9075870513916,25.462499618530273,25.575000762939453,25.274999618530273,25.4375,45731032
2022-10-17,22.480247497558594,24.987499237060547,25.024999618530273,24.762500762939453,24.987499237060547,78771904
2022-10-18,22.73889923095703,25.274999618530273,25.387500762939453,24.987499237060547,25.375,25608136
2022-10-19,22.435266494750977,24.9375,25.25,24.887500762939453,25.200000762939453,62496316
2022-10-20,22.311559677124023,24.799999237060547,24.862499237060547,24.337499618530273,24.549999237060547,75939888
2022-10-21,22.244089126586914,24.725000381469727,24.962499618530273,24.674999237060547,24.825000762939453,48662404
2022-10-24,22.176616668701172,24.649999618530273,25.200000762939453,24.649999618530273,25.1875,67982140
2022-10-25,21.7492733001709,24.174999237060547,24.649999618530273,24.125,24.649999618530273,80259668
2022-10-26,21.951696395874023,24.399999618530273,24.5,24.125,24.212499618530273,43837832
2022-10-27,22.266578674316406,24.75,24.837499618530273,24.625,24.625,32068688
2022-10-28,21.98543357849121,24.4375,24.649999618530273,24.3125,24.649999618530273,45962880
2022-10-31,22.27782440185547,24.762500762939453,24.837499618530273,24.524999618530273,24.712499618530273,40352320
2022-11-01,22.40152931213379,24.899999618530273,24.987499237060547,24.700000762939453,24.712499618530273,32777216
2022-11-02,22.49149513244629,25.0,25.012500762939453,24.850000381469727,24.899999618530273,28021220
2022-11-03,22.199106216430664,24.674999237060547,24.712499618530273,24.587499618530273,24.625,54132456
2022-11-04,22.23284149169922,24.712499618530273,24.737499237060547,24.375,24.524999618530273,25730140
2022-11-07,22.615201950073242,25.137500762939453,25.212499618530273,24.887500762939453,24.950000762939453,48426144
2022-11-08,22.85135841369629,25.399999618530273,25.487499237060547,25.3125,25.362499237060547,41625688
2022-11-09,23.503612518310547,26.125,26.125,25.637500762939453,25.637500762939453,75645316
2022-11-10,23.278696060180664,25.875,25.962499618530273,25.799999237060547,25.862499237060547,58931616
2022-11-11,24.515729904174805,27.25,27.25,26.950000762939453,27.137500762939453,137249556
2022-11-14,24.740644454956055,27.5,27.600000381469727,27.350000381469727,27.450000762939453,72667064
2022-11-15,25.79774284362793,28.674999237060547,28.737499237060547,27.799999237060547,27.799999237060547,135373028
2022-11-16,25.75275993347168,28.625,28.9375,28.462499618530273,28.75,94684964
2022-11-17,25.764007568359375,28.637500762939453,28.662500381469727,28.212499618530273,28.487499237060547,53409672
2022-11-18,25.696531295776367,28.5625,28.962499618530273,28.512500762939453,28.725000381469727,42624300
2022-11-21,25.6065673828125,28.462499618530273,28.662500381469727,28.424999237060547,28.587499618530273,34742276
2022-11-22,25.820236206054688,28.700000762939453,28.75,28.262500762939453,28.350000381469727,22178072
2022-11-23,26.000167846679688,28.899999618530273,28.975000381469727,28.762500762939453,28.912500381469727,31755848
2022-11-24,26.24757194519043,29.174999237060547,29.212499618530273,28.975000381469727,29.0,60955344
2022-11-25,26.24757194519043,29.174999237060547,29.237499237060547,29.087499618530273,29.162500381469727,64081944
2022-11-28,25.71902084350586,28.587499618530273,28.825000762939453,28.475000381469727,28.649999618530273,60178952
2022-11-29,25.955184936523438,28.850000381469727,28.850000381469727,28.274999618530273,28.462499618530273,42685868
2022-11-30,26.168855667114258,29.087499618530273,29.100000381469727,28.712499618530273,28.774999618530273,37184264
2022-12-01,26.618680953979492,29.587499618530273,29.875,29.5,29.799999237060547,98737356
2022-12-02,26.382524490356445,29.325000762939453,29.487499237060547,29.25,29.325000762939453,29920608
2022-12-05,26.416259765625,29.362499237060547,29.625,29.299999237060547,29.325000762939453,47951016
2022-12-06,25.932693481445312,28.825000762939453,29.200000762939453,28.799999237060547,29.200000762939453,39880032
2022-12-07,25.775249481201172,28.649999618530273,28.962499618530273,28.549999237060547,28.625,32901556
2022-12-08,25.471616744995117,28.3125,28.524999618530273,28.112499237060547,28.512500762939453,36475576
2022-12-09,25.865219116210938,28.75,28.8125,28.487499237060547,28.5,24947356
2022-12-12,25.617813110351562,28.475000381469727,28.549999237060547,28.3125,28.549999237060547,33456200
2022-12-13,25.505355834960938,28.350000381469727,28.625,28.3125,28.625,26088568
2022-12-14,25.820236206054688,28.700000762939453,28.75,28.5,28.524999618530273,31534172
2022-12-15,25.84272575378418,28.725000381469727,28.762500762939453,28.475000381469727,28.575000762939453,31236764
2022-12-16,25.41539192199707,28.25,28.325000762939453,28.0625,28.125,47527104
2022-12-19,25.269193649291992,28.087499618530273,28.237499237060547,28.0,28.087499618530273,24526112
2022-12-20,24.808120727539062,27.575000762939453,28.125,27.512500762939453,28.037500381469727,49743932
2022-12-21,24.909330368041992,27.6875,27.850000381469727,27.575000762939453,27.700000762939453,47612612
2022-12-22,25.325420379638672,28.149999618530273,28.1875,27.9375,27.9375,20092604
2022-12-23,24.898082733154297,27.674999237060547,27.762500762939453,27.600000381469727,27.674999237060547,23941448
2022-12-26,24.988048553466797,27.774999618530273,27.799999237060547,27.674999237060547,27.700000762939453,16120680
2022-12-27,25.100505828857422,27.899999618530273,28.0625,27.850000381469727,27.850000381469727,16508700
2022-12-28,24.740644454956055,27.5,27.625,27.350000381469727,27.625,48701404
2022-12-29,24.62818717956543,27.375,27.399999618530273,27.100000381469727,27.299999237060547,55414224
2022-12-30,24.785625457763672,27.549999237060547,27.6875,27.549999237060547,27.649999618530273,34572648
2023-01-03,24.909330368041992,27.6875,27.725000381469727,27.112499237060547,27.399999618530273,59242536
2023-01-04,24.85310173034668,27.625,27.700000762939453,27.524999618530273,27.575000762939453,55019412
2023-01-05,25.033031463623047,27.825000762939453,27.924999237060547,27.737499237060547,27.8125,48283616
2023-01-06,25.145492553710938,27.950000762939453,28.049999237060547,27.787500381469727,27.799999237060547,46347120
2023-01-09,26.045150756835938,28.950000762939453,28.950000762939453,28.475000381469727,28.5,59992304
2023-01-10,26.146364212036133,29.0625,29.100000381469727,28.9375,28.987499237060547,47897080
2023-01-11,26.168855667114258,29.087499618530273,29.1875,28.975000381469727,29.162500381469727,62409904
2023-01-12,26.056396484375,28.962499618530273,29.149999618530273,28.912500381469727,29.125,39816908
2023-01-13,26.360031127929688,29.299999237060547,29.649999618530273,29.237499237060547,29.625,113933548
2023-01-16,26.562454223632812,29.524999618530273,29.637500762939453,29.5,29.524999618530273,110397484
2023-01-17,26.562454223632812,29.524999618530273,29.587499618530273,29.450000762939453,29.587499618530273,56226344
2023-01-30,27.75834083557129,30.174999237060547,30.25,30.0,30.200000762939453,173329284
2023-01-31,27.206392288208008,29.575000762939453,30.149999618530273,29.575000762939453,30.149999618530273,86450304
2023-02-01,27.36737632751465,29.75,29.862499237060547,29.612499237060547,29.774999618530273,26163640
2023-02-02,27.82733154296875,30.25,30.274999618530273,30.0625,30.075000762939453,62178044
2023-02-03,27.82733154296875,30.25,30.299999237060547,30.049999237060547,30.237499237060547,38029112
2023-02-06,27.42487144470215,29.8125,30.024999618530273,29.8125,30.024999618530273,53519476
2023-02-07,27.36737632751465,29.75,29.8125,29.637500762939453,29.774999618530273,33203448
2023-02-08,27.792835235595703,30.212499618530273,30.237499237060547,30.0,30.024999618530273,35659720
2023-02-09,27.804336547851562,30.225000381469727,30.25,30.075000762939453,30.125,19396980
2023-02-10,27.82733154296875,30.25,30.274999618530273,30.149999618530273,30.225000381469727,24871900
2023-02-13,27.769840240478516,30.1875,30.225000381469727,29.975000381469727,30.174999237060547,15322364
2023-02-14,27.97681999206543,30.412500381469727,30.450000762939453,30.3125,30.3125,30469028
2023-02-15,27.332881927490234,29.712499618530273,30.0625,29.700000762939453,29.987499237060547,49084992
2023-02-16,27.666349411010742,30.075000762939453,30.125,29.825000762939453,29.825000762939453,44040076
2023-02-17,27.30988311767578,29.6875,29.825000762939453,29.600000381469727,29.825000762939453,31532096
2023-02-20,27.36737632751465,29.75,29.837499618530273,29.524999618530273,29.637500762939453,23364440
2023-02-21,27.355878829956055,29.737499237060547,29.774999618530273,29.637500762939453,29.75,17772152
2023-02-22,27.056909561157227,29.412500381469727,29.4375,29.274999618530273,29.375,43550488
2023-02-23,27.459369659423828,29.850000381469727,29.950000762939453,29.487499237060547,29.487499237060547,24790780
2023-02-24,27.321382522583008,29.700000762939453,30.024999618530273,29.700000762939453,29.975000381469727,21990924
2023-03-01,27.44786834716797,29.837499618530273,29.862499237060547,29.212499618530273,29.325000762939453,29869272
2023-03-02,27.42487144470215,29.8125,29.837499618530273,29.575000762939453,29.837499618530273,13924924
2023-03-03,27.44786834716797,29.837499618530273,30.024999618530273,29.799999237060547,29.950000762939453,12403748
2023-03-06,27.712343215942383,30.125,30.225000381469727,29.975000381469727,30.037500381469727,37364848
2023-03-07,27.89632797241211,30.325000762939453,30.350000381469727,30.049999237060547,30.137500762939453,29874380
2023-03-08,27.666349411010742,30.075000762939453,30.149999618530273,29.950000762939453,30.125,24727856
2023-03-09,27.64335060119629,30.049999237060547,30.200000762939453,30.049999237060547,30.1875,13108684
2023-03-10,27.206392288208008,29.575000762939453,29.737499237060547,29.5,29.712499618530273,52548684
2023-03-13,27.321382522583008,29.700000762939453,29.774999618530273,29.350000381469727,29.487499237060547,74943036
2023-03-14,27.022411346435547,29.375,29.487499237060547,29.287500381469727,29.387500762939453,44186128
2023-03-15,27.045408248901367,29.399999618530273,29.674999237060547,29.362499237060547,29.600000381469727,48857440
2023-03-16,26.918922424316406,29.262500762939453,29.350000381469727,29.125,29.299999237060547,62425580
2023-03-17,27.355878829956055,29.737499237060547,29.737499237060547,29.450000762939453,29.462499618530273,43399212
2023-03-20,27.1603946685791,29.524999618530273,29.762500762939453,29.462499618530273,29.737499237060547,28429916
2023-03-21,27.286884307861328,29.662500381469727,29.6875,29.549999237060547,29.625,14367480
2023-03-22,27.804336547851562,30.225000381469727,30.225000381469727,29.862499237060547,29.862499237060547,56968508
2023-03-23,28.02281379699707,30.462499618530273,30.575000762939453,30.112499237060547,30.162500381469727,62131916
2023-03-24,28.103303909301758,30.549999237060547,30.575000762939453,30.387500762939453,30.5,53829576
2023-03-27,27.930824279785156,30.362499237060547,30.475000381469727,30.299999237060547,30.4375,42578380
2023-03-28,27.68934440612793,30.100000381469727,30.287500381469727,30.049999237060547,30.237499237060547,38965956
2023-03-29,27.735342025756836,30.149999618530273,30.262500762939453,30.037500381469727,30.162500381469727,12297708
2023-03-30,27.873329162597656,30.299999237060547,30.424999237060547,30.1875,30.350000381469727,45522456
2023-03-31,27.96531867980957,30.399999618530273,30.587499618530273,30.350000381469727,30.424999237060547,59806560
2023-04-06,27.82733154296875,30.25,30.25,30.049999237060547,30.212499618530273,30005676
2023-04-07,27.82733154296875,30.25,30.362499237060547,30.200000762939453,30.3125,17655436
2023-04-10,27.82733154296875,30.25,30.412500381469727,30.225000381469727,30.3125,15124112
2023-04-11,27.792835235595703,30.212499618530273,30.287500381469727,30.100000381469727,30.25,23765992
2023-04-12,27.72384262084961,30.137500762939453,30.212499618530273,30.037500381469727,30.212499618530273,11568680
2023-04-13,27.482364654541016,29.875,30.037500381469727,29.875,30.012500762939453,26200016
2023-04-14,27.746841430664062,30.162500381469727,30.225000381469727,29.962499618530273,30.0,12363216
2023-04-17,27.677846908569336,30.087499618530273,30.125,29.950000762939453,30.087499618530273,22756672
2023-04-18,27.585853576660156,29.987499237060547,30.100000381469727,29.9375,30.087499618530273,19338552
2023-04-19,27.378875732421875,29.762500762939453,30.012500762939453,29.700000762939453,30.0,31139140
2023-04-20,27.344377517700195,29.725000381469727,29.850000381469727,29.600000381469727,29.712499618530273,25631852
2023-04-21,27.275386810302734,29.649999618530273,29.887500762939453,29.625,29.862499237060547,19224952
2023-04-24,27.17189598083496,29.537500381469727,29.625,29.424999237060547,29.450000762939453,26235392
2023-04-25,26.815431594848633,29.149999618530273,29.575000762939453,29.137500762939453,29.575000762939453,74111004
2023-04-26,26.700439453125,29.024999618530273,29.149999618530273,28.912500381469727,29.137500762939453,51812420
2023-04-27,26.677444458007812,29.0,29.162500381469727,28.875,29.012500762939453,37843400
2023-04-28,26.999414443969727,29.350000381469727,29.387500762939453,29.212499618530273,29.212499618530273,22563740
2023-05-02,27.06840705871582,29.424999237060547,29.5,29.274999618530273,29.362499237060547,20658196
2023-05-03,26.953414916992188,29.299999237060547,29.337499618530273,29.200000762939453,29.337499618530273,16713728
2023-05-04,27.022411346435547,29.375,29.375,29.174999237060547,29.25,14828800
2023-05-05,27.09140396118164,29.450000762939453,29.512500762939453,29.350000381469727,29.424999237060547,8875004
2023-05-08,27.263887405395508,29.637500762939453,29.725000381469727,29.587499618530273,29.625,24044836
2023-05-09,27.344377517700195,29.725000381469727,29.75,29.575000762939453,29.649999618530273,18544840
2023-05-10,27.09140396118164,29.450000762939453,29.700000762939453,29.412500381469727,29.700000762939453,16300476
2023-05-11,27.033910751342773,29.387500762939453,29.612499237060547,29.387500762939453,29.5625,14739856
2023-05-12,26.953414916992188,29.299999237060547,29.375,29.1875,29.287500381469727,15253396
2023-05-15,26.953414916992188,29.299999237060547,29.337499618530273,29.162500381469727,29.237499237060547,16478796
2023-05-16,27.275386810302734,29.649999618530273,29.75,29.462499618530273,29.475000381469727,31605876
2023-05-17,27.72384262084961,30.137500762939453,30.174999237060547,29.662500381469727,29.662500381469727,104119624
2023-05-18,28.091808319091797,30.537500381469727,30.600000381469727,30.399999618530273,30.450000762939453,87894220
2023-05-19,28.172300338745117,30.625,30.712499618530273,30.549999237060547,30.649999618530273,136498504
2023-05-22,28.126304626464844,30.575000762939453,30.662500381469727,30.524999618530273,30.625,71936104
2023-05-23,28.103303909301758,30.549999237060547,30.662500381469727,30.450000762939453,30.575000762939453,49062812
2023-05-24,27.96531867980957,30.399999618530273,30.450000762939453,30.274999618530273,30.412500381469727,43519312
2023-05-25,28.29878807067871,30.762500762939453,30.850000381469727,30.612499237060547,30.75,45771436
2023-05-26,28.96572494506836,31.487499237060547,31.512500762939453,31.25,31.25,95122080
2023-05-29,29.149707794189453,31.6875,31.887500762939453,31.625,31.862499237060547,57995472
2023-05-30,29.149707794189453,31.6875,31.762500762939453,31.612499237060547,31.6875,48495216
2023-05-31,29.011716842651367,31.537500381469727,31.674999237060547,31.287500381469727,31.674999237060547,35461188
2023-06-01,28.781740188598633,31.287500381469727,31.399999618530273,31.225000381469727,31.337499618530273,15517372
2023-06-02,29.149707794189453,31.6875,31.75,31.450000762939453,31.450000762939453,31771276
2023-06-05,29.057714462280273,31.587499618530273,31.700000762939453,31.5625,31.6875,25440488
2023-06-06,29.138208389282227,31.674999237060547,31.8125,31.537500381469727,31.587499618530273,26369656
2023-06-07,29.46017837524414,32.025001525878906,32.0625,31.75,31.75,48306172
2023-06-08,29.17270278930664,31.712499618530273,32.04999923706055,31.637500762939453,31.975000381469727,20562940
2023-06-09,29.391183853149414,31.950000762939453,32.04999923706055,31.850000381469727,31.875,22207812
2023-06-12,29.667156219482422,32.25,32.32500076293945,32.125,32.125,54885148
2023-06-13,30.25360107421875,32.88750076293945,32.98749923706055,32.54999923706055,32.54999923706055,93752808
2023-06-14,30.242101669311523,32.875,32.900001525878906,32.75,32.849998474121094,26707972
2023-06-15,30.33409309387207,32.974998474121094,33.0,32.875,32.88750076293945,44164476
2023-06-16,30.25360107421875,32.88750076293945,32.95000076293945,32.775001525878906,32.95000076293945,28808864
2023-06-19,30.184608459472656,32.8125,32.875,32.63750076293945,32.73749923706055,23915984
2023-06-20,30.023624420166016,32.63750076293945,32.8125,32.587501525878906,32.775001525878906,26115876
2023-06-21,30.023624420166016,32.63750076293945,32.76250076293945,32.5625,32.63750076293945,106262060
2023-06-26,29.83963966369629,32.4375,32.587501525878906,32.349998474121094,32.587501525878906,29573612
2023-06-27,29.644161224365234,32.224998474121094,32.38750076293945,32.17499923706055,32.287498474121094,26296196
2023-06-28,29.690153121948242,32.275001525878906,32.42499923706055,32.20000076293945,32.337501525878906,22783412
2023-06-29,29.67865562438965,32.26250076293945,32.625,32.224998474121094,32.4375,22786068
2023-06-30,29.690153121948242,32.275001525878906,32.275001525878906,32.07500076293945,32.20000076293945,28116752
2023-07-03,30.058116912841797,32.67499923706055,32.67499923706055,32.400001525878906,32.400001525878906,26491300
2023-07-04,30.12711524963379,32.75,32.787498474121094,32.63750076293945,32.6875,22718680
2023-07-05,30.08112144470215,32.70000076293945,32.79999923706055,32.599998474121094,32.75,20003768
2023-07-06,29.414180755615234,31.975000381469727,32.42499923706055,31.924999237060547,32.42499923706055,65609104
2023-07-07,29.36818504333496,31.924999237060547,32.07500076293945,31.774999618530273,31.887500762939453,32081608
2023-07-10,29.310691833496094,31.862499237060547,32.125,31.75,32.025001525878906,31486556
2023-07-11,29.713151931762695,32.29999923706055,32.29999923706055,32.0,32.0,18161736
2023-07-12,29.770647048950195,32.36249923706055,32.36249923706055,32.212501525878906,32.32500076293945,13757804
2023-07-13,30.104114532470703,32.724998474121094,32.974998474121094,32.712501525878906,32.82500076293945,62665236
2023-07-14,30.414587020874023,33.0625,33.125,32.86249923706055,32.86249923706055,58928984
2023-07-17,30.357093811035156,33.0,33.04999923706055,32.9375,33.0,61113608
2023-07-18,30.298757553100586,32.462501525878906,32.75,32.42499923706055,32.75,43350244
2023-07-19,30.042085647583008,32.1875,32.625,32.1875,32.537498474121094,57198712
2023-07-20,30.182086944580078,32.337501525878906,32.42499923706055,32.25,32.26250076293945,14887776
2023-07-21,29.68041229248047,31.799999237060547,31.850000381469727,31.625,31.850000381469727,51028788
2023-07-24,29.692081451416016,31.8125,31.912500381469727,31.649999618530273,31.75,38900724
2023-07-25,30.0654239654541,32.212501525878906,32.29999923706055,31.924999237060547,31.924999237060547,27691160
2023-07-26,29.98375129699707,32.125,32.29999923706055,32.087501525878906,32.275001525878906,17586968
2023-07-27,30.21708869934082,32.375,32.375,32.25,32.287498474121094,16027612
2023-07-28,30.21708869934082,32.375,32.474998474121094,32.25,32.349998474121094,10722548
2023-07-31,30.053752899169922,32.20000076293945,32.662498474121094,32.0625,32.57500076293945,28994208
2023-08-01,30.205421447753906,32.36249923706055,32.38750076293945,32.212501525878906,32.25,17791060
2023-08-02,29.832082748413086,31.962499618530273,32.36249923706055,31.862499237060547,32.349998474121094,48022884
2023-08-04,29.692081451416016,31.8125,31.875,31.725000381469727,31.8125,26939664
2023-08-07,29.98375129699707,32.125,32.17499923706055,31.887500762939453,31.912500381469727,18407492
2023-08-08,29.633747100830078,31.75,32.04999923706055,31.600000381469727,32.025001525878906,42070044
2023-08-09,29.68041229248047,31.799999237060547,31.912500381469727,31.662500381469727,31.700000762939453,14657596
2023-08-10,29.493745803833008,31.600000381469727,31.75,31.575000762939453,31.725000381469727,43583592
2023-08-11,29.470413208007812,31.575000762939453,31.837499618530273,31.537500381469727,31.75,30991408
2023-08-14,29.050405502319336,31.125,31.424999237060547,31.024999618530273,31.412500381469727,90266740
2023-08-15,29.097070693969727,31.174999237060547,31.362499237060547,31.149999618530273,31.3125,29644352
2023-08-16,28.945404052734375,31.012500762939453,31.100000381469727,30.899999618530273,31.037500381469727,72292252
2023-08-17,29.0737361907959,31.149999618530273,31.162500381469727,30.725000381469727,30.899999618530273,38535436
2023-08-18,28.89873504638672,30.962499618530273,31.200000762939453,30.924999237060547,31.049999237060547,30402880
2023-08-21,28.700401306152344,30.75,31.112499237060547,30.75,31.049999237060547,40236924
2023-08-22,28.933734893798828,31.0,31.087499618530273,30.924999237060547,31.0,14564580
2023-08-23,29.13207244873047,31.212499618530273,31.287500381469727,31.0,31.0,27136280
2023-08-24,29.633747100830078,31.75,31.774999618530273,31.5625,31.600000381469727,26694756
2023-08-25,29.06207275390625,31.137500762939453,31.375,31.125,31.375,28754872
2023-08-28,29.248743057250977,31.337499618530273,31.424999237060547,31.1875,31.212499618530273,17258996
2023-08-29,29.412076950073242,31.512500762939453,31.512500762939453,31.174999237060547,31.5,25960364
2023-08-30,29.5404109954834,31.649999618530273,31.762500762939453,31.524999618530273,31.6875,22997780
2023-08-31,29.330408096313477,31.424999237060547,31.637500762939453,31.375,31.637500762939453,17424156
2023-09-01,29.3770751953125,31.475000381469727,31.575000762939453,31.274999618530273,31.375,12327708
2023-09-04,29.575414657592773,31.6875,31.700000762939453,31.399999618530273,31.475000381469727,13690652
2023-09-05,29.50541114807129,31.612499237060547,31.649999618530273,31.512500762939453,31.637500762939453,14489636
2023-09-06,29.400409698486328,31.5,31.674999237060547,31.462499618530273,31.649999618530273,29338084
2023-09-07,29.13207244873047,31.212499618530273,31.375,31.174999237060547,31.325000762939453,22600776
2023-09-08,29.003738403320312,31.075000762939453,31.125,30.962499618530273,31.024999618530273,22110532
2023-09-11,28.887069702148438,30.950000762939453,31.125,30.850000381469727,31.112499237060547,33026528
2023-09-12,29.178741455078125,31.262500762939453,31.262500762939453,30.962499618530273,31.024999618530273,10398692
2023-09-13,29.213741302490234,31.299999237060547,31.399999618530273,31.174999237060547,31.299999237060547,12823132
2023-09-14,29.62207794189453,31.737499237060547,31.737499237060547,31.387500762939453,31.475000381469727,28711600
2023-09-15,29.71541404724121,31.837499618530273,31.837499618530273,31.6875,31.75,22933528
2023-09-18,29.400409698486328,31.5,31.649999618530273,31.462499618530273,31.649999618530273,28383636
2023-09-19,29.272077560424805,31.362499237060547,31.512500762939453,31.337499618530273,31.462499618530273,16069368
2023-09-20,29.108739852905273,31.1875,31.299999237060547,31.125,31.262500762939453,23793164
2023-09-21,28.642066955566406,30.6875,30.962499618530273,30.662500381469727,30.950000762939453,84682840
2023-09-22,28.618732452392578,30.662500381469727,30.700000762939453,30.512500762939453,30.612499237060547,38237532
2023-09-25,28.828737258911133,30.887500762939453,30.9375,30.6875,30.6875,15972528
2023-09-26,28.49039649963379,30.524999618530273,30.75,30.5,30.662500381469727,40307016
2023-09-27,28.502065658569336,30.537500381469727,30.575000762939453,30.387500762939453,30.462499618530273,26110120
2023-09-28,28.618732452392578,30.662500381469727,30.787500381469727,30.512500762939453,30.6875,22157308
2023-10-02,28.992069244384766,31.0625,31.125,30.899999618530273,30.899999618530273,25845048
2023-10-03,28.817068099975586,30.875,31.037500381469727,30.862499237060547,30.987499237060547,20273816
2023-10-04,28.4437313079834,30.475000381469727,30.549999237060547,30.337499618530273,30.524999618530273,44900108
2023-10-05,28.852069854736328,30.912500381469727,30.912500381469727,30.600000381469727,30.600000381469727,16421960
2023-10-06,28.957069396972656,31.024999618530273,31.075000762939453,30.950000762939453,30.950000762939453,19539980
2023-10-11,29.458742141723633,31.5625,31.600000381469727,31.462499618530273,31.475000381469727,53988076
2023-10-12,29.70374870300293,31.825000762939453,31.837499618530273,31.575000762939453,31.625,57188056
2023-10-13,29.62207794189453,31.737499237060547,31.850000381469727,31.625,31.75,25451284
2023-10-16,29.458742141723633,31.5625,31.575000762939453,31.424999237060547,31.575000762939453,30968164
2023-10-17,29.52874755859375,31.637500762939453,31.75,31.600000381469727,31.674999237060547,27344148
2023-10-18,29.120405197143555,31.200000762939453,31.5625,31.200000762939453,31.5625,38264128
2023-10-19,29.13207244873047,31.212499618530273,31.299999237060547,31.100000381469727,31.100000381469727,31304980
2023-10-20,29.26041030883789,31.350000381469727,31.362499237060547,30.975000381469727,31.1875,17549164
2023-10-23,28.89873504638672,30.962499618530273,31.212499618530273,30.887500762939453,31.212499618530273,32149280
2023-10-24,28.922067642211914,30.987499237060547,30.987499237060547,30.674999237060547,30.950000762939453,28788744
2023-10-25,28.980403900146484,31.049999237060547,31.225000381469727,31.049999237060547,31.049999237060547,15920360
2023-10-26,28.408729553222656,30.4375,30.600000381469727,30.399999618530273,30.462499618530273,87896488
2023-10-27,28.537065505981445,30.575000762939453,30.6875,30.524999618530273,30.537500381469727,16275748
2023-10-30,28.467063903808594,30.5,30.712499618530273,30.4375,30.600000381469727,36553408
2023-10-31,28.268726348876953,30.287500381469727,30.612499237060547,30.274999618530273,30.600000381469727,43123508
2023-11-01,28.408729553222656,30.4375,30.537500381469727,30.3125,30.5,17689308
2023-11-02,29.050405502319336,31.125,31.125,30.787500381469727,30.787500381469727,39232848
2023-11-03,29.272077560424805,31.362499237060547,31.399999618530273,31.174999237060547,31.25,34794272
2023-11-06,29.52874755859375,31.637500762939453,31.799999237060547,31.587499618530273,31.637500762939453,63692796
2023-11-07,29.517078399658203,31.625,31.700000762939453,31.524999618530273,31.625,26172452
2023-11-08,29.68041229248047,31.799999237060547,31.862499237060547,31.625,31.662500381469727,44402716
2023-11-09,29.692081451416016,31.8125,31.850000381469727,31.662500381469727,31.725000381469727,24907492
2023-11-10,29.575414657592773,31.6875,31.712499618530273,31.600000381469727,31.674999237060547,17006284
2023-11-13,30.030420303344727,32.17499923706055,32.400001525878906,32.125,32.3125,101550224
2023-11-14,30.100419998168945,32.25,32.400001525878906,32.23749923706055,32.29999923706055,80377828
2023-11-15,30.462093353271484,32.63750076293945,32.75,32.51250076293945,32.724998474121094,91164196
2023-11-16,30.473758697509766,32.650001525878906,32.79999923706055,32.57500076293945,32.70000076293945,73317344
2023-11-17,30.567092895507812,32.75,32.875,32.63750076293945,32.650001525878906,108590352
2023-11-20,30.555423736572266,32.73749923706055,32.76250076293945,32.61249923706055,32.76250076293945,34641500
2023-11-21,30.92876434326172,33.13750076293945,33.17499923706055,32.86249923706055,32.86249923706055,113513384
2023-11-22,30.64876365661621,32.837501525878906,32.95000076293945,32.787498474121094,32.8125,24548288
2023-11-23,30.637094497680664,32.82500076293945,32.86249923706055,32.6875,32.837501525878906,24937264
2023-11-24,30.613758087158203,32.79999923706055,32.912498474121094,32.76250076293945,32.82500076293945,53237608
2023-11-27,30.41542625427246,32.587501525878906,32.962501525878906,32.525001525878906,32.79999923706055,37727104
2023-11-28,30.62542724609375,32.8125,32.95000076293945,32.57500076293945,32.599998474121094,38275884
2023-11-29,30.60209083557129,32.787498474121094,33.04999923706055,32.76250076293945,32.82500076293945,26470308
2023-11-30,30.64876365661621,32.837501525878906,32.875,32.662498474121094,32.82500076293945,43669324
2023-12-01,30.75376319885254,32.95000076293945,32.95000076293945,32.70000076293945,32.75,21198560
2023-12-04,30.637094497680664,32.82500076293945,33.0,32.724998474121094,32.95000076293945,17596136
2023-12-05,30.41542625427246,32.587501525878906,32.650001525878906,32.474998474121094,32.650001525878906,19111864
2023-12-06,30.520429611206055,32.70000076293945,32.849998474121094,32.599998474121094,32.599998474121094,28548196
2023-12-07,30.333755493164062,32.5,32.662498474121094,32.5,32.650001525878906,10954636
2023-12-08,30.578763961791992,32.76250076293945,32.900001525878906,32.724998474121094,32.787498474121094,52095808
2023-12-11,30.613758087158203,32.79999923706055,32.837501525878906,32.662498474121094,32.76250076293945,12519352
2023-12-12,30.683761596679688,32.875,33.01250076293945,32.837501525878906,32.974998474121094,21902040
2023-12-13,30.6954288482666,32.88750076293945,32.95000076293945,32.849998474121094,32.900001525878906,11761744
2023-12-14,31.06876564025879,33.287498474121094,33.36249923706055,33.125,33.162498474121094,128026068
2023-12-15,31.197101593017578,33.42499923706055,33.54999923706055,33.412498474121094,33.412498474121094,73515340
2023-12-18,31.2437686920166,33.474998474121094,33.474998474121094,33.150001525878906,33.412498474121094,26607988
2023-12-19,31.127098083496094,33.349998474121094,33.45000076293945,33.1875,33.45000076293945,22424988
2023-12-20,31.208765029907227,33.4375,33.462501525878906,33.349998474121094,33.38750076293945,26463340
2023-12-21,30.9404296875,33.150001525878906,33.17499923706055,33.01250076293945,33.04999923706055,21419804
2023-12-22,31.022096633911133,33.23749923706055,33.275001525878906,33.150001525878906,33.150001525878906,24816776
2023-12-25,31.15043067932129,33.375,33.45000076293945,33.23749923706055,33.25,32321648
2023-12-26,31.325435638427734,33.5625,33.599998474121094,33.375,33.375,67267856
2023-12-27,31.675447463989258,33.9375,33.974998474121094,33.587501525878906,33.599998474121094,119800140
2023-12-28,31.675447463989258,33.9375,34.0,33.86249923706055,33.9375,59393184
2023-12-29,31.605440139770508,33.86249923706055,34.0,33.837501525878906,33.92499923706055,52446432
2024-01-02,31.47710418701172,33.724998474121094,33.98749923706055,33.662498474121094,33.900001525878906,23688304
2024-01-03,30.92876434326172,33.13750076293945,33.474998474121094,33.07500076293945,33.42499923706055,54189900
2024-01-04,30.917097091674805,33.125,33.1875,33.07500076293945,33.13750076293945,18270372
2024-01-05,30.83542823791504,33.037498474121094,33.23749923706055,33.025001525878906,33.13750076293945,15998684
2024-01-08,30.975431442260742,33.1875,33.400001525878906,33.1875,33.25,37578880
2024-01-09,31.03376579284668,33.25,33.48749923706055,33.1875,33.462501525878906,22804060
2024-01-10,30.870433807373047,33.07500076293945,33.162498474121094,33.0,33.099998474121094,27125880
2024-01-11,30.998764038085938,33.212501525878906,33.3125,33.087501525878906,33.11249923706055,22504312
2024-01-12,30.95209503173828,33.162498474121094,33.26250076293945,32.98749923706055,33.04999923706055,25937588
2024-01-15,30.95209503173828,33.162498474121094,33.162498474121094,33.162498474121094,33.162498474121094,0
2024-01-16,30.718761444091797,32.912498474121094,33.07500076293945,32.775001525878906,33.01250076293945,87905184
2024-01-17,30.432228088378906,31.862499237060547,32.5,31.825000762939453,32.5,145373216
2024-01-18,30.635190963745117,32.07500076293945,32.13750076293945,31.975000381469727,31.975000381469727,28368372
2024-01-19,31.733564376831055,33.224998474121094,33.275001525878906,32.775001525878906,32.92499923706055,104149832
2024-01-22,31.94846534729004,33.45000076293945,33.587501525878906,33.337501525878906,33.45000076293945,51769732
2024-01-23,32.00815963745117,33.51250076293945,33.5625,33.375,33.474998474121094,27609740
2024-01-24,31.9962215423584,33.5,33.599998474121094,33.48749923706055,33.537498474121094,56681432
2024-01-25,32.39020538330078,33.912498474121094,33.92499923706055,33.724998474121094,33.76250076293945,104278032
2024-01-26,32.39020538330078,33.912498474121094,33.98749923706055,33.82500076293945,33.912498474121094,63300248
2024-01-29,32.59316635131836,34.125,34.162498474121094,33.900001525878906,33.912498474121094,106544936
2024-01-30,32.50959396362305,34.037498474121094,34.162498474121094,34.01250076293945,34.087501525878906,38244096
2024-01-31,32.079795837402344,33.587501525878906,33.82500076293945,33.587501525878906,33.8125,27139568
2024-02-01,32.079795837402344,33.587501525878906,33.625,33.400001525878906,33.587501525878906,33583900
2024-02-02,32.258880615234375,33.775001525878906,33.79999923706055,33.662498474121094,33.75,35616952
2024-02-05,32.46183776855469,33.98749923706055,34.04999923706055,33.75,33.775001525878906,68850940
2024-02-15,33.99001693725586,35.587501525878906,35.67499923706055,35.349998474121094,35.54999923706055,166902248
2024-02-16,33.73930358886719,35.32500076293945,35.587501525878906,35.29999923706055,35.587501525878906,70613876
2024-02-19,33.69154739379883,35.275001525878906,35.3125,35.150001525878906,35.25,35994992
2024-02-20,33.822872161865234,35.412498474121094,35.5,35.099998474121094,35.13750076293945,53273328
2024-02-21,33.715423583984375,35.29999923706055,35.375,35.26250076293945,35.349998474121094,41419940
2024-02-22,34.097469329833984,35.70000076293945,35.76250076293945,35.462501525878906,35.73749923706055,49482432
2024-02-23,34.32430648803711,35.9375,36.025001525878906,35.82500076293945,35.86249923706055,76632740
2024-02-26,34.3720588684082,35.98749923706055,36.0,35.75,35.92499923706055,39179224
2024-02-27,34.228797912597656,35.837501525878906,36.04999923706055,35.662498474121094,35.98749923706055,23922688
2024-02-29,34.21685791015625,35.82500076293945,35.98749923706055,35.67499923706055,35.75,27390448
2024-03-01,34.097469329833984,35.70000076293945,35.98749923706055,35.70000076293945,35.88750076293945,34647028
2024-03-04,35.08839797973633,36.73749923706055,36.79999923706055,36.212501525878906,36.25,97571592
2024-03-05,35.37492752075195,37.037498474121094,37.13750076293945,36.837501525878906,36.9375,65483708
2024-03-06,35.542076110839844,37.212501525878906,37.26250076293945,36.599998474121094,36.75,66132768
2024-03-07,36.36585235595703,38.07500076293945,38.25,37.6875,37.75,118461268
2024-03-08,36.87922668457031,38.61249923706055,39.11249923706055,38.25,38.900001525878906,115837004
2024-03-11,36.50912094116211,38.224998474121094,38.54999923706055,38.13750076293945,38.462501525878906,52057640
2024-03-12,36.891170501708984,38.625,38.650001525878906,38.025001525878906,38.04999923706055,58684560
2024-03-13,37.070255279541016,38.8125,39.037498474121094,38.73749923706055,38.88750076293945,51296604
2024-03-14,37.0344352722168,38.775001525878906,38.95000076293945,38.57500076293945,38.724998474121094,33274472
2024-03-15,36.53300094604492,38.25,38.6875,38.25,38.57500076293945,34403816
2024-03-18,36.86729049682617,38.599998474121094,38.625,38.25,38.25,71751072
2024-03-19,36.783721923828125,38.51250076293945,38.63750076293945,38.25,38.349998474121094,34279156
2024-03-20,36.58075714111328,38.29999923706055,38.82500076293945,38.25,38.54999923706055,40321616
2024-03-21,37.583621978759766,39.349998474121094,39.42499923706055,38.88750076293945,38.88750076293945,79843224
2024-03-22,37.535865783691406,39.29999923706055,39.5625,39.125,39.375,27109996
2024-03-25,37.60749816894531,39.375,39.5,39.23749923706055,39.29999923706055,34332452
2024-03-26,37.631378173828125,39.400001525878906,39.79999923706055,39.099998474121094,39.57500076293945,26127772
2024-03-27,37.64331817626953,39.412498474121094,39.462501525878906,39.224998474121094,39.349998474121094,17547948
2024-03-28,37.4642333984375,39.224998474121094,39.32500076293945,38.974998474121094,39.32500076293945,12641392
2024-03-29,37.679134368896484,39.45000076293945,39.48749923706055,39.224998474121094,39.224998474121094,20572000
2024-04-01,37.583621978759766,39.349998474121094,39.6875,39.3125,39.54999923706055,21344696
2024-04-02,38.120872497558594,39.912498474121094,39.912498474121094,39.599998474121094,39.61249923706055,29364088
2024-04-03,37.858219146728516,39.63750076293945,39.724998474121094,39.45000076293945,39.662498474121094,18550252
2024-04-08,38.073116302490234,39.86249923706055,39.962501525878906,39.63750076293945,39.662498474121094,22629184
2024-04-09,38.98046875,40.8125,40.837501525878906,39.974998474121094,40.0,32581692
2024-04-10,38.920780181884766,40.75,40.82500076293945,40.61249923706055,40.6875,21203720
2024-04-11,38.801387786865234,40.625,40.625,40.412498474121094,40.51250076293945,17270700
2024-04-12,38.70588302612305,40.525001525878906,40.70000076293945,40.48749923706055,40.650001525878906,23321576
2024-04-15,38.204444885253906,40.0,40.13750076293945,39.900001525878906,40.0625,31563124
2024-04-16,37.16575622558594,38.912498474121094,39.57500076293945,38.6875,39.57500076293945,66621548
2024-04-17,37.583621978759766,39.349998474121094,39.42499923706055,38.974998474121094,38.98749923706055,30823556
2024-04-18,37.9537239074707,39.73749923706055,39.73749923706055,38.95000076293945,39.087501525878906,26278092
2024-04-19,36.03156280517578,37.724998474121094,38.537498474121094,37.375,38.525001525878906,121590104
2024-04-22,35.92412185668945,37.61249923706055,37.9375,37.42499923706055,37.599998474121094,37041220
2024-04-23,36.27034378051758,37.974998474121094,38.11249923706055,37.82500076293945,38.037498474121094,21648704
2024-04-24,37.33290481567383,39.087501525878906,39.125,38.5,38.5,30701016
2024-04-25,36.65238952636719,38.375,38.61249923706055,38.3125,38.525001525878906,18805640
2024-04-26,37.249332427978516,39.0,39.20000076293945,38.875,39.0,23018032
2024-04-29,37.91791534423828,39.70000076293945,39.775001525878906,39.32500076293945,39.32500076293945,30810776
2024-04-30,37.786582946777344,39.5625,39.837501525878906,39.5625,39.650001525878906,17931740
2024-05-02,37.28514862060547,39.037498474121094,39.337501525878906,39.0,39.337501525878906,24868108
2024-05-03,37.47616958618164,39.23749923706055,39.662498474121094,39.11249923706055,39.63750076293945,22758784
2024-05-06,38.013423919677734,39.79999923706055,40.037498474121094,39.75,39.75,34385032
2024-05-07,38.22832107543945,40.025001525878906,40.13750076293945,39.875,40.0625,24914944
2024-05-08,38.3715934753418,40.17499923706055,40.20000076293945,39.912498474121094,40.0,23909068
2024-05-09,38.32383346557617,40.125,40.3125,40.099998474121094,40.1875,20302276
2024-05-10,38.59843063354492,40.412498474121094,40.525001525878906,40.13750076293945,40.3125,38735812
2024-05-13,38.99241256713867,40.82500076293945,40.974998474121094,40.73749923706055,40.837501525878906,36463372
2024-05-14,39.255062103271484,41.099998474121094,41.11249923706055,40.67499923706055,40.79999923706055,30997876
2024-05-15,39.792320251464844,41.662498474121094,41.962501525878906,41.375,41.400001525878906,58324000
2024-05-16,39.98333740234375,41.86249923706055,42.4375,41.775001525878906,42.23749923706055,48239680
2024-05-17,39.93558120727539,41.8125,41.92499923706055,41.67499923706055,41.88750076293945,18716540
2024-05-20,39.923641204833984,41.79999923706055,41.849998474121094,41.32500076293945,41.8125,27022924
2024-05-21,39.875885009765625,41.75,41.787498474121094,41.462501525878906,41.599998474121094,17396092
2024-05-22,40.59222412109375,42.5,42.5,41.79999923706055,41.79999923706055,25594296
2024-05-23,40.90262985229492,42.82500076293945,42.86249923706055,42.5,42.57500076293945,24008260
2024-05-24,40.73548889160156,42.650001525878906,42.70000076293945,42.32500076293945,42.32500076293945,14620304
2024-05-27,41.2966194152832,43.23749923706055,43.349998474121094,42.9375,42.9375,22741680
2024-05-28,41.3563117980957,43.29999923706055,43.349998474121094,43.125,43.23749923706055,22098816
2024-05-29,40.79518127441406,42.712501525878906,43.125,42.63750076293945,43.11249923706055,27187816
2024-05-30,40.090789794921875,41.974998474121094,42.25,41.92499923706055,42.0,37110048
2024-05-31,39.637115478515625,41.5,42.224998474121094,41.5,42.0625,33146844
2024-06-03,40.48477554321289,42.38750076293945,42.4375,41.82500076293945,42.162498474121094,35980328
2024-06-04,39.84008026123047,41.712501525878906,42.1875,41.625,42.1875,31950448
2024-06-05,40.22211837768555,42.11249923706055,42.20000076293945,41.537498474121094,41.849998474121094,18128396
2024-06-06,41.5950927734375,43.54999923706055,43.650001525878906,43.162498474121094,43.1875,68229592
2024-06-07,41.272743225097656,43.212501525878906,43.349998474121094,43.099998474121094,43.32500076293945,27000588
2024-06-11,41.380191802978516,43.32500076293945,43.5625,43.224998474121094,43.287498474121094,43428272
2024-06-12,42.120399475097656,44.099998474121094,44.11249923706055,43.32500076293945,43.32500076293945,30368844
2024-06-13,42.729286193847656,44.73749923706055,45.125,44.45000076293945,44.724998474121094,64426456
2024-06-14,42.97999954223633,45.0,45.0,44.45000076293945,44.73749923706055,25992432
2024-06-17,42.97999954223633,45.0,45.11249923706055,44.70000076293945,44.79999923706055,32511172
2024-06-18,43.69633483886719,45.75,45.76250076293945,45.5,45.625,26253244
2024-06-19,44.87828063964844,46.98749923706055,47.224998474121094,46.1875,46.1875,101354688
2024-06-20,45.30808639526367,47.4375,47.4375,46.95000076293945,46.98749923706055,45286572
2024-06-21,45.03348922729492,47.150001525878906,47.29999923706055,46.73749923706055,46.775001525878906,40956144
2024-06-24,43.93511199951172,46.0,46.625,45.88750076293945,46.625,52787124
2024-06-25,43.91122817993164,45.974998474121094,45.974998474121094,45.20000076293945,45.48749923706055,52138524
2024-06-26,44.257469177246094,46.337501525878906,46.525001525878906,46.0625,46.23749923706055,35664104
2024-06-27,44.24552917480469,46.32500076293945,46.32500076293945,45.849998474121094,45.900001525878906,24876244
2024-06-28,44.520118713378906,46.61249923706055,46.849998474121094,46.162498474121094,46.32500076293945,16587884
2024-07-01,44.55593490600586,46.650001525878906,47.01250076293945,46.5625,46.63750076293945,29279212
2024-07-02,44.257469177246094,46.337501525878906,46.6875,46.125,46.48749923706055,21777344
2024-07-03,44.794715881347656,46.900001525878906,46.900001525878906,46.599998474121094,46.900001525878906,25915028
2024-07-04,45.96472930908203,48.125,48.162498474121094,47.650001525878906,47.650001525878906,50576828
2024-07-05,45.79758071899414,47.95000076293945,48.212501525878906,47.88750076293945,48.150001525878906,38933332
2024-07-08,47.242183685302734,49.462501525878906,49.625,47.962501525878906,47.974998474121094,69409868
2024-07-09,47.19442367553711,49.412498474121094,50.01250076293945,48.86249923706055,49.36249923706055,61955156
2024-07-10,47.361576080322266,49.587501525878906,49.599998474121094,48.75,49.23749923706055,28674444
2024-07-11,48.41219711303711,50.6875,50.70000076293945,50.0,50.162498474121094,39186920
2024-07-12,46.88401794433594,49.087501525878906,49.587501525878906,49.0,49.54999923706055,56633068
2024-07-15,46.96759033203125,49.17499923706055,49.525001525878906,49.025001525878906,49.412498474121094,39160740
2024-07-16,47.243587493896484,49.212501525878906,49.75,49.0,49.13750076293945,53022152
2024-07-17,46.583587646484375,48.525001525878906,49.125,48.400001525878906,49.099998474121094,57959112
2024-07-18,45.74360275268555,47.650001525878906,47.724998474121094,47.04999923706055,47.150001525878906,71520052
2024-07-19,44.69960403442383,46.5625,47.25,46.54999923706055,47.1875,65815640
2024-07-22,43.367618560791016,45.17499923706055,46.349998474121094,45.01250076293945,46.349998474121094,84847384
2024-07-23,44.71160888671875,46.57500076293945,46.57500076293945,45.92499923706055,45.92499923706055,50108316
2024-07-26,42.959625244140625,44.75,44.86249923706055,44.275001525878906,44.51250076293945,103626472
2024-07-29,43.343624114990234,45.150001525878906,45.5,44.98749923706055,45.45000076293945,39785056
2024-07-30,43.343624114990234,45.150001525878906,45.32500076293945,44.375,44.8125,52429524
2024-07-31,43.403621673583984,45.212501525878906,45.287498474121094,44.650001525878906,44.712501525878906,36314216
2024-08-01,44.15961456298828,46.0,46.275001525878906,45.67499923706055,46.25,56246796
2024-08-02,41.92763137817383,43.67499923706055,44.724998474121094,43.67499923706055,44.537498474121094,118827260
2024-08-05,38.09967041015625,39.6875,41.662498474121094,39.599998474121094,41.662498474121094,222308816
2024-08-06,40.19964599609375,41.875,42.599998474121094,40.20000076293945,41.82500076293945,252563844
2024-08-07,41.795631408691406,43.537498474121094,43.6875,42.25,42.462501525878906,127298960
2024-08-08,40.931640625,42.63750076293945,43.099998474121094,42.25,42.76250076293945,103364420
2024-08-09,42.20363235473633,43.962501525878906,44.224998474121094,43.625,43.75,93415024
2024-08-12,42.73162841796875,44.51250076293945,44.95000076293945,44.3125,44.3125,70286956
2024-08-13,42.83962631225586,44.625,44.875,44.5,44.82500076293945,43433840
2024-08-14,43.37961959838867,45.1875,45.462501525878906,44.98749923706055,45.087501525878906,74857276
2024-08-15,43.04362106323242,44.837501525878906,45.25,44.76250076293945,45.150001525878906,45926588
2024-08-16,44.0156135559082,45.849998474121094,45.912498474121094,45.587501525878906,45.75,52823660
2024-08-19,44.07561111450195,45.912498474121094,46.17499923706055,45.787498474121094,45.875,37122372
2024-08-20,44.099613189697266,45.9375,46.29999923706055,45.92499923706055,46.150001525878906,43139504
2024-08-21,43.631622314453125,45.45000076293945,45.76250076293945,45.36249923706055,45.75,46736568
2024-08-22,43.403621673583984,45.212501525878906,45.650001525878906,45.087501525878906,45.525001525878906,20872828
2024-08-23,43.42761993408203,45.23749923706055,45.337501525878906,44.724998474121094,44.75,31773940
2024-08-26,43.49961853027344,45.3125,45.849998474121094,45.20000076293945,45.599998474121094,45593952
2024-08-27,43.307621002197266,45.11249923706055,45.224998474121094,44.9375,45.099998474121094,21167864
2024-08-28,43.91961669921875,45.75,45.75,44.962501525878906,45.125,21989684
2024-08-29,43.319618225097656,45.125,45.287498474121094,44.787498474121094,44.875,43063780
2024-08-30,43.52362060546875,45.337501525878906,45.51250076293945,45.162498474121094,45.23749923706055,32202952
2024-09-02,43.403621673583984,45.212501525878906,45.61249923706055,45.125,45.474998474121094,32057896
2024-09-03,43.21162414550781,45.01250076293945,45.375,44.92499923706055,45.25,38411312
2024-09-04,41.099639892578125,42.8125,43.45000076293945,42.5,42.75,119635984
2024-09-05,41.35164260864258,43.07500076293945,43.662498474121094,42.9375,43.212501525878906,35275304
2024-09-06,41.93962860107422,43.6875,43.724998474121094,42.962501525878906,43.25,34331020
2024-09-09,41.29164123535156,43.01250076293945,43.025001525878906,42.57500076293945,42.599998474121094,60735940
2024-09-10,41.36363983154297,43.087501525878906,43.349998474121094,42.787498474121094,43.349998474121094,37207812
2024-09-11,41.2436408996582,42.962501525878906,43.125,42.875,43.087501525878906,20056236
2024-09-12,42.7916259765625,44.57500076293945,44.662498474121094,44.025001525878906,44.025001525878906,62978008
2024-09-13,42.81562423706055,44.599998474121094,44.837501525878906,44.462501525878906,44.75,18047504
2024-09-16,42.89962387084961,44.6875,44.79999923706055,44.57500076293945,44.650001525878906,23507632
2024-09-18,42.683631896972656,44.462501525878906,44.775001525878906,44.13750076293945,44.625,36769256
2024-09-19,43.23562240600586,45.037498474121094,45.04999923706055,44.25,44.5,32440304
2024-09-20,43.78761291503906,45.61249923706055,46.025001525878906,45.61249923706055,45.775001525878906,54531520
2024-09-23,43.9796142578125,45.8125,45.912498474121094,45.63750076293945,45.63750076293945,31601992
2024-09-24,44.39960861206055,46.25,46.25,45.525001525878906,45.79999923706055,39809384
2024-09-25,45.05960464477539,46.9375,47.0,46.837501525878906,46.92499923706055,46692004
2024-09-26,45.431602478027344,47.32500076293945,47.5,47.1875,47.400001525878906,66903724
2024-09-27,45.335601806640625,47.224998474121094,47.8125,47.150001525878906,47.54999923706055,45613256
2024-09-30,44.147613525390625,45.98749923706055,46.79999923706055,45.98749923706055,46.63750076293945,52747800
2024-10-01,44.06361389160156,45.900001525878906,46.150001525878906,45.837501525878906,45.974998474121094,37640876
2024-10-04,44.06361389160156,45.900001525878906,46.32500076293945,45.75,46.0,35462652
2024-10-07,45.155601501464844,47.037498474121094,47.04999923706055,46.45000076293945,46.45000076293945,53806008
2024-10-08,44.93960952758789,46.8125,46.837501525878906,46.375,46.73749923706055,37917328
2024-10-09,45.35960388183594,47.25,47.54999923706055,47.25,47.25,45188240
2024-10-11,46.11559295654297,48.037498474121094,48.20000076293945,47.26250076293945,47.26250076293945,49226984
2024-10-14,46.1515998840332,48.07500076293945,48.224998474121094,47.73749923706055,48.025001525878906,40439036
2024-10-15,47.13558578491211,49.099998474121094,49.150001525878906,48.25,48.25,59070828
2024-10-16,46.31959533691406,48.25,48.82500076293945,47.912498474121094,48.11249923706055,71201552
2024-10-17,46.39159393310547,48.32500076293945,48.525001525878906,47.974998474121094,48.5,38164820
2024-10-18,47.543582916259766,49.525001525878906,50.04999923706055,49.3125,49.82500076293945,129283608
2024-10-21,47.531585693359375,49.51250076293945,49.98749923706055,49.5,49.76250076293945,52918584
2024-10-22,47.35158920288086,49.32500076293945,49.32500076293945,48.837501525878906,49.29999923706055,33857660
2024-10-23,47.03958511352539,49.0,49.224998474121094,48.912498474121094,49.17499923706055,37794896
2024-10-24,46.751590728759766,48.70000076293945,49.17499923706055,48.625,49.0,32493848
2024-10-25,47.13558578491211,49.099998474121094,49.13750076293945,48.75,48.75,50566572
2024-10-28,47.05158996582031,49.01250076293945,49.537498474121094,48.73749923706055,49.474998474121094,45978476
2024-10-29,45.9595947265625,47.875,48.3125,47.54999923706055,48.3125,96980096
2024-10-30,46.03159713745117,47.95000076293945,48.51250076293945,47.875,48.23749923706055,56626752
2024-11-01,45.71959686279297,47.625,47.63750076293945,46.48749923706055,46.537498474121094,78483628
2024-11-04,46.307594299316406,48.23749923706055,48.29999923706055,47.70000076293945,47.76250076293945,29118288
2024-11-05,46.47559356689453,48.412498474121094,48.67499923706055,47.849998474121094,47.88750076293945,40432828
2024-11-06,46.84758758544922,48.79999923706055,49.51250076293945,48.375,48.51250076293945,66825504
2024-11-07,47.38758087158203,49.36249923706055,49.51250076293945,48.625,48.724998474121094,53994208
2024-11-08,47.75958251953125,49.75,50.0,49.67499923706055,49.849998474121094,51800604
2024-11-11,47.7835807800293,49.775001525878906,49.775001525878906,49.20000076293945,49.712501525878906,49456052
2024-11-12,46.55958938598633,48.5,48.962501525878906,48.5,48.79999923706055,105088348
2024-11-13,46.25959396362305,48.1875,48.5,48.125,48.462501525878906,36778360
2024-11-14,45.839595794677734,47.75,48.125,47.525001525878906,48.07500076293945,48586460
2024-11-15,46.163597106933594,48.087501525878906,48.212501525878906,47.712501525878906,48.01250076293945,29542324
2024-11-18,45.515602111816406,47.412498474121094,47.92499923706055,47.400001525878906,47.86249923706055,53578064
2024-11-19,46.13959884643555,48.0625,48.23749923706055,47.54999923706055,47.67499923706055,30473284
2024-11-20,45.94759750366211,47.86249923706055,47.86249923706055,47.86249923706055,47.86249923706055,312000
2024-11-21,45.443603515625,47.337501525878906,47.537498474121094,47.150001525878906,47.5,63506468
2024-11-22,46.33159637451172,48.26250076293945,48.29999923706055,47.775001525878906,47.775001525878906,31862348
2024-11-25,46.163597106933594,48.087501525878906,48.6875,48.0625,48.67499923706055,31306652
2024-11-26,45.563602447509766,47.462501525878906,47.57500076293945,47.20000076293945,47.525001525878906,45563288
2024-11-27,44.90360641479492,46.775001525878906,47.36249923706055,46.75,47.287498474121094,56290744
2024-11-28,44.831607818603516,46.70000076293945,46.775001525878906,46.36249923706055,46.75,52436456
2024-11-29,44.93960952758789,46.8125,47.0,46.125,46.23749923706055,32512880
2024-12-02,46.00759506225586,47.92499923706055,47.92499923706055,47.125,47.125,42176312
2024-12-03,46.631591796875,48.57500076293945,48.712501525878906,48.4375,48.57500076293945,39812424
2024-12-04,46.907588958740234,48.86249923706055,48.86249923706055,48.51250076293945,48.67499923706055,25820996
2024-12-05,47.15958786010742,49.125,49.150001525878906,48.912498474121094,48.9375,29784812
2024-12-06,46.97958755493164,48.9375,49.17499923706055,48.75,49.125,27238024
2024-12-09,47.03958511352539,49.0,49.0625,48.92499923706055,49.037498474121094,18559456
2024-12-10,46.703590393066406,48.650001525878906,49.11249923706055,48.63750076293945,48.9375,17909228
2024-12-11,46.29559326171875,48.224998474121094,48.5625,48.150001525878906,48.25,26858756
2024-12-12,46.83558654785156,48.787498474121094,48.9375,48.61249923706055,48.724998474121094,20108964
2024-12-13,46.87158966064453,48.82500076293945,48.900001525878906,48.525001525878906,48.662498474121094,18081708
2024-12-16,47.06359100341797,49.025001525878906,49.412498474121094,48.9375,49.25,29374368
2024-12-17,47.3035888671875,49.275001525878906,49.51250076293945,49.1875,49.275001525878906,37176916
2024-12-18,47.3035888671875,49.275001525878906,49.462501525878906,48.900001525878906,49.20000076293945,26215508
2024-12-19,46.65559005737305,48.599998474121094,48.70000076293945,48.38750076293945,48.587501525878906,52180188
2024-12-20,46.22359848022461,48.150001525878906,48.4375,48.0,48.4375,44493576
2024-12-23,47.3395881652832,49.3125,49.32500076293945,48.625,48.67499923706055,44704264
2024-12-24,47.47158432006836,49.45000076293945,49.775001525878906,49.375,49.625,32783608
2024-12-25,47.615577697753906,49.599998474121094,49.625,49.36249923706055,49.625,23624492
2024-12-26,47.57958221435547,49.5625,49.625,49.5,49.599998474121094,19214244
2024-12-27,47.7355842590332,49.724998474121094,49.76250076293945,49.32500076293945,49.400001525878906,27949668
2024-12-30,47.47158432006836,49.45000076293945,49.662498474121094,49.412498474121094,49.537498474121094,34709064
2024-12-31,46.97958755493164,48.9375,49.224998474121094,48.900001525878906,49.17499923706055,31346136
2025-01-02,46.571590423583984,48.51250076293945,48.912498474121094,48.3125,48.912498474121094,51190808
2025-01-03,47.03958511352539,49.0,49.23749923706055,48.79999923706055,49.0,28453484
2025-01-06,48.51557159423828,50.537498474121094,50.57500076293945,49.650001525878906,49.662498474121094,98511172
2025-01-07,49.055572509765625,51.099998474121094,51.5,51.0625,51.23749923706055,63775376
2025-01-08,48.32358169555664,50.337501525878906,50.837501525878906,50.26250076293945,50.662498474121094,47422868
2025-01-09,47.77157974243164,49.76250076293945,50.287498474121094,49.75,50.04999923706055,33722620
2025-01-10,47.75958251953125,49.75,49.88750076293945,49.5,49.75,33285296
2025-01-13,46.65559005737305,48.599998474121094,49.75,48.525001525878906,49.75,83504716
2025-01-14,46.9435920715332,48.900001525878906,48.974998474121094,48.51250076293945,48.67499923706055,43511100
2025-01-15,46.583587646484375,48.525001525878906,49.0,48.4375,49.0,69536468
2025-01-16,47.531585693359375,49.51250076293945,49.875,49.349998474121094,49.474998474121094,62348392
2025-01-17,47.762733459472656,49.07500076293945,49.337501525878906,48.599998474121094,49.25,60550264
2025-01-20,48.24936294555664,49.57500076293945,49.662498474121094,49.287498474121094,49.287498474121094,29670284
2025-01-21,48.34668731689453,49.67499923706055,49.79999923706055,49.17499923706055,49.32500076293945,42450952
2025-01-22,48.97930908203125,50.32500076293945,50.42499923706055,50.07500076293945,50.07500076293945,51457596
2025-02-03,46.88679504394531,48.17499923706055,48.25,47.662498474121094,48.07500076293945,223159112
2025-02-04,47.16660690307617,48.462501525878906,48.63750076293945,48.26250076293945,48.412498474121094,77136476
2025-02-05,47.88439178466797,49.20000076293945,49.45000076293945,48.9375,48.9375,60958500
2025-02-06,48.09120178222656,49.412498474121094,49.599998474121094,49.275001525878906,49.5,44838828
2025-02-07,48.31018829345703,49.63750076293945,49.650001525878906,49.275001525878906,49.412498474121094,22434376
2025-02-10,47.762733459472656,49.07500076293945,49.54999923706055,49.025001525878906,49.54999923706055,65528040
2025-02-11,48.05471420288086,49.375,49.625,49.25,49.375,19842444
2025-02-12,47.98171615600586,49.29999923706055,49.662498474121094,49.25,49.5,27301116
2025-02-13,47.774898529052734,49.087501525878906,49.349998474121094,48.88750076293945,49.32500076293945,56673980
2025-02-14,47.20310592651367,48.5,48.787498474121094,48.375,48.787498474121094,92217264
2025-02-17,47.9208869934082,49.23749923706055,49.23749923706055,48.6875,48.6875,46591960
2025-02-18,48.09120178222656,49.412498474121094,49.474998474121094,49.150001525878906,49.474998474121094,32278676
2025-02-19,48.00605010986328,49.32500076293945,49.474998474121094,49.25,49.412498474121094,47313232
2025-02-20,47.82356262207031,49.13750076293945,49.23749923706055,48.775001525878906,49.23749923706055,55359052
2025-02-21,48.16419982910156,49.48749923706055,49.48749923706055,48.974998474121094,49.125,33879192
2025-02-24,47.738399505615234,49.04999923706055,49.099998474121094,48.875,49.037498474121094,49672024
2025-02-25,47.11794662475586,48.412498474121094,48.51250076293945,48.150001525878906,48.5,106710684
2025-02-26,47.37342834472656,48.67499923706055,48.67499923706055,47.974998474121094,48.224998474121094,73176320
2025-02-27,46.838138580322266,48.125,48.73749923706055,48.087501525878906,48.73749923706055,74694820
2025-03-03,45.7553825378418,47.01250076293945,47.25,46.70000076293945,47.20000076293945,221959024
2025-03-04,45.45124053955078,46.70000076293945,46.8125,46.162498474121094,46.25,114655652
2025-03-05,46.04736328125,47.3125,47.375,47.0,47.0,51369564
2025-03-06,45.76755142211914,47.025001525878906,47.337501525878906,46.837501525878906,47.337501525878906,56890884
2025-03-07,45.34174728393555,46.587501525878906,46.75,46.45000076293945,46.70000076293945,68483412
2025-03-10,45.074100494384766,46.3125,46.587501525878906,46.087501525878906,46.587501525878906,79006576
2025-03-11,44.283329010009766,45.5,45.525001525878906,44.775001525878906,45.1875,134191768
2025-03-12,44.47798156738281,45.70000076293945,46.099998474121094,45.400001525878906,45.525001525878906,51035508
2025-03-13,44.06434631347656,45.275001525878906,46.462501525878906,45.26250076293945,46.29999923706055,52268912
2025-03-14,43.91835403442383,45.125,45.287498474121094,44.88750076293945,45.275001525878906,49198232
2025-03-17,44.29549789428711,45.51250076293945,45.875,45.400001525878906,45.63750076293945,43897376
2025-03-18,44.47798156738281,45.70000076293945,45.962501525878906,45.587501525878906,45.775001525878906,30603120
2025-03-19,43.930519104003906,45.13750076293945,45.662498474121094,45.025001525878906,45.650001525878906,46763368
2025-03-20,44.87944793701172,46.11249923706055,46.11249923706055,45.61249923706055,45.61249923706055,30658212
2025-03-21,44.51447296142578,45.73749923706055,46.0,45.625,46.0,28538176
2025-03-24,44.46581268310547,45.6875,46.099998474121094,45.57500076293945,46.099998474121094,29239460
2025-03-25,44.9281120300293,46.162498474121094,46.375,46.0,46.162498474121094,31256652
2025-03-26,44.89161682128906,46.125,46.349998474121094,45.962501525878906,46.29999923706055,26915048
2025-03-27,44.04001235961914,45.25,45.400001525878906,45.11249923706055,45.375,69966552
2025-03-28,43.602046966552734,44.79999923706055,44.82500076293945,44.5,44.787498474121094,78993236
2025-03-31,42.03266143798828,43.1875,43.5625,43.04999923706055,43.400001525878906,146065632
2025-04-01,42.89643096923828,44.07500076293945,44.13750076293945,43.400001525878906,43.400001525878906,47284600
2025-04-02,42.82343673706055,44.0,44.337501525878906,44.0,44.212501525878906,41725300
2025-04-07,38.54109191894531,39.599998474121094,39.599998474121094,39.599998474121094,39.599998474121094,92658524
2025-04-08,37.288021087646484,38.3125,39.36249923706055,37.63750076293945,37.79999923706055,321307308
2025-04-09,35.57265090942383,36.54999923706055,38.537498474121094,36.25,38.125,300494796
2025-04-10,39.12504959106445,40.20000076293945,40.20000076293945,40.20000076293945,40.20000076293945,22371068
2025-04-11,40.03748321533203,41.13750076293945,41.13750076293945,38.837501525878906,39.3125,189919436
2025-04-14,39.830657958984375,40.92499923706055,42.17499923706055,40.875,42.125,175434800
2025-04-15,40.23213195800781,41.337501525878906,41.375,40.82500076293945,41.01250076293945,73965868
2025-04-16,39.502193450927734,40.587501525878906,40.95000076293945,40.349998474121094,40.95000076293945,98068248
2025-04-17,39.0642204284668,40.13750076293945,40.32500076293945,39.86249923706055,40.32500076293945,72955972
2025-04-18,39.14937973022461,40.224998474121094,40.45000076293945,40.150001525878906,40.349998474121094,44335540
2025-04-21,38.589759826660156,39.650001525878906,40.1875,39.625,40.1875,62867512
2025-04-22,37.944969177246094,38.98749923706055,39.474998474121094,38.98749923706055,39.38750076293945,75640860
2025-04-23,39.62384796142578,40.712501525878906,40.775001525878906,40.07500076293945,40.07500076293945,63235952
2025-04-24,39.392696380615234,40.474998474121094,41.01250076293945,40.32500076293945,40.974998474121094,53776468
2025-04-25,40.32946014404297,41.4375,41.73749923706055,41.375,41.54999923706055,70563724
2025-04-28,40.67009735107422,41.787498474121094,41.875,41.70000076293945,41.70000076293945,48371852
2025-04-29,40.82825469970703,41.95000076293945,42.0,41.625,41.787498474121094,43388416
2025-04-30,41.02290725708008,42.150001525878906,42.25,41.875,41.962501525878906,37552524
2025-05-02,42.215152740478516,43.375,43.375,42.875,43.0,57160960
2025-05-05,41.838008880615234,42.98749923706055,43.650001525878906,42.474998474121094,43.650001525878906,127935288
2025-05-06,41.60686111450195,42.75,43.025001525878906,42.337501525878906,42.48749923706055,116316784
2025-05-07,41.44871139526367,42.587501525878906,43.125,42.48749923706055,42.95000076293945,53137384
2025-05-08,41.99617004394531,43.150001525878906,43.29999923706055,42.900001525878906,43.01250076293945,39311228
2025-05-09,42.519290924072266,43.6875,43.73749923706055,43.087501525878906,43.17499923706055,51888384
2025-05-12,42.99375534057617,44.17499923706055,44.25,43.875,43.875,53767756
2025-05-13,43.516883850097656,44.712501525878906,45.275001525878906,44.712501525878906,45.212501525878906,79922716
2025-05-14,44.5023078918457,45.724998474121094,45.724998474121094,45.337501525878906,45.462501525878906,90203212
2025-05-15,44.40498352050781,45.625,45.724998474121094,45.5,45.724998474121094,45677800
2025-05-16,44.526641845703125,45.75,45.79999923706055,45.42499923706055,45.5625,37815732
2025-05-19,43.90618896484375,45.11249923706055,45.662498474121094,45.087501525878906,45.662498474121094,37940744
2025-05-20,43.99134826660156,45.20000076293945,45.599998474121094,45.125,45.462501525878906,21364336
2025-05-21,44.672630310058594,45.900001525878906,45.962501525878906,45.224998474121094,45.224998474121094,54450212
2025-05-22,44.186004638671875,45.400001525878906,45.51250076293945,45.150001525878906,45.51250076293945,33358772
2025-05-23,44.003517150878906,45.212501525878906,45.70000076293945,45.04999923706055,45.6875,26094416
2025-05-26,43.95485305786133,45.162498474121094,45.375,45.07500076293945,45.162498474121094,55195720
2025-05-27,43.565547943115234,44.76250076293945,45.162498474121094,44.5,45.162498474121094,48275072
2025-05-28,43.63854217529297,44.837501525878906,45.337501525878906,44.57500076293945,45.224998474121094,32309448
2025-05-29,43.73586654663086,44.9375,45.42499923706055,44.82500076293945,45.375,36265824
2025-06-02,42.79910659790039,43.974998474121094,44.51250076293945,43.8125,44.5,70595756
2025-06-03,43.103248596191406,44.287498474121094,44.70000076293945,44.25,44.375,28229464
2025-06-04,44.113006591796875,45.32500076293945,45.32500076293945,44.787498474121094,44.82500076293945,45804932
2025-06-05,44.19816589355469,45.412498474121094,45.662498474121094,45.375,45.5,40696376
2025-06-06,44.27116012573242,45.48749923706055,45.599998474121094,45.375,45.474998474121094,32768028
2025-06-09,44.696964263916016,45.92499923706055,46.01250076293945,45.76250076293945,45.849998474121094,52629020
2025-06-10,45.901371002197266,47.162498474121094,47.224998474121094,46.224998474121094,46.224998474121094,116037804
2025-06-11,45.901371002197266,47.162498474121094,47.162498474121094,47.162498474121094,47.162498474121094,0
2025-06-12,45.901371002197266,47.162498474121094,47.162498474121094,47.162498474121094,47.162498474121094,0
2025-06-13,45.901371002197266,47.162498474121094,47.162498474121094,47.162498474121094,47.162498474121094,0
2025-06-16,45.901371002197266,47.162498474121094,47.162498474121094,47.162498474121094,47.162498474121094,0
2025-06-17,45.901371002197266,47.162498474121094,47.162498474121094,47.162498474121094,47.162498474121094,0
2025-06-18,46.2979736328125,47.56999969482422,47.720001220703125,47.13999938964844,47.5,244697327
2025-06-19,45.84054183959961,47.099998474121094,47.54999923706055,47.02000045776367,47.5,166284920
2025-06-20,45.77241516113281,47.029998779296875,47.15999984741211,46.689998626708984,47.099998474121094,80561608
2025-06-23,45.39284133911133,46.63999938964844,46.65999984741211,46.279998779296875,46.540000915527344,101938627
2025-06-24,46.22011184692383,47.4900016784668,47.4900016784668,47.29999923706055,47.29999923706055,54574616
2025-06-25,46.89166259765625,48.18000030517578,48.18000030517578,47.88999938964844,47.900001525878906,77814637
2025-06-26,46.9500617980957,48.2400016784668,48.45000076293945,48.16999816894531,48.29999923706055,77281242
2025-06-27,46.99872589111328,48.290000915527344,48.369998931884766,48.0,48.31999969482422,94190611
2025-06-30,47.06685256958008,48.36000061035156,48.41999816894531,48.2400016784668,48.369998931884766,59086358
2025-07-01,47.33936309814453,48.63999938964844,49.150001525878906,48.380001068115234,48.380001068115234,74674904
2025-07-02,47.34909439086914,48.650001525878906,48.75,48.380001068115234,48.56999969482422,75071035
2025-07-03,48.001182556152344,49.31999969482422,49.599998474121094,49.2599983215332,49.349998474121094,61179330
2025-07-04,47.55348205566406,48.86000061035156,49.4900016784668,48.83000183105469,49.400001525878906,73712387
2025-07-07,47.27123260498047,48.56999969482422,48.81999969482422,48.439998626708984,48.81999969482422,78503277
2025-07-08,47.0571174621582,48.349998474121094,48.5099983215332,48.209999084472656,48.45000076293945,50214875
2025-07-09,47.54374694824219,48.849998474121094,48.9900016784668,48.27000045776367,48.349998474121094,38540142
2025-07-10,48.08877182006836,49.40999984741211,49.470001220703125,48.9900016784668,49.0,53089295
2025-07-11,48.293155670166016,49.619998931884766,49.630001068115234,49.279998779296875,49.36000061035156,44752569
2025-07-14,48.01091766357422,49.33000183105469,49.59000015258789,49.209999084472656,49.59000015258789,62300823
2025-07-15,48.66299819946289,50.0,50.099998474121094,49.33000183105469,49.349998474121094,68008041
2025-07-16,49.05229949951172,50.400001525878906,50.70000076293945,50.150001525878906,50.150001525878906,90231230
2025-07-17,49.34428024291992,50.70000076293945,50.79999923706055,50.29999923706055,50.599998474121094,88235423
2025-07-18,50.07422637939453,51.45000076293945,51.599998474121094,51.29999923706055,51.400001525878906,105861549
2025-07-21,49.888004302978516,50.900001525878906,51.099998474121094,50.75,51.099998474121094,75792981
2025-07-22,49.54496383666992,50.54999923706055,51.29999923706055,50.45000076293945,50.900001525878906,88841474
2025-07-23,49.69198226928711,50.70000076293945,50.849998474121094,50.54999923706055,50.599998474121094,63766890
2025-07-24,49.98601531982422,51.0,51.099998474121094,50.79999923706055,51.0,79659820
2025-07-25,49.888004302978516,50.900001525878906,51.099998474121094,50.79999923706055,51.0,38620389
2025-07-28,50.03501892089844,51.04999923706055,51.400001525878906,50.900001525878906,51.20000076293945,52312766
2025-07-29,49.44694900512695,50.45000076293945,51.04999923706055,50.25,51.04999923706055,102624231
2025-07-30,49.98601531982422,51.0,51.099998474121094,50.650001525878906,50.79999923706055,82807206
2025-07-31,50.52507781982422,51.54999923706055,51.599998474121094,51.099998474121094,51.099998474121094,81565859
2025-08-01,50.08402633666992,51.099998474121094,51.20000076293945,50.650001525878906,50.79999923706055,98235777
2025-08-04,49.78998947143555,50.79999923706055,50.79999923706055,50.400001525878906,50.650001525878906,85556033
2025-08-05,50.42707061767578,51.45000076293945,51.45000076293945,51.04999923706055,51.25,46655329
2025-08-06,49.98601531982422,51.0,51.099998474121094,50.849998474121094,51.099998474121094,48326240
2025-08-07,51.40718460083008,52.45000076293945,52.599998474121094,51.650001525878906,51.650001525878906,125733157
2025-08-08,51.40718460083008,52.45000076293945,52.599998474121094,52.29999923706055,52.54999923706055,59604000
2025-08-11,51.799232482910156,52.849998474121094,53.099998474121094,52.04999923706055,52.349998474121094,71600855
2025-08-12,51.848243713378906,52.900001525878906,53.0,52.54999923706055,52.849998474121094,57519835
2025-08-13,52.28929138183594,53.349998474121094,53.400001525878906,52.95000076293945,53.150001525878906,75956144
2025-08-14,52.09326934814453,53.150001525878906,53.29999923706055,52.95000076293945,53.20000076293945,57038858
2025-08-15,52.09326934814453,53.150001525878906,53.29999923706055,52.79999923706055,53.150001525878906,52736409
2025-08-18,52.24028396606445,53.29999923706055,53.349998474121094,52.79999923706055,52.95000076293945,46297216
2025-08-19,52.142276763916016,53.20000076293945,53.29999923706055,53.04999923706055,53.29999923706055,29425841
2025-08-20,50.672096252441406,51.70000076293945,52.599998474121094,51.5,52.54999923706055,223798736
2025-08-21,50.96613311767578,52.0,52.099998474121094,51.75,51.75,73508730
2025-08-22,50.72110366821289,51.75,52.099998474121094,51.650001525878906,52.04999923706055,44549133
2025-08-25,51.652217864990234,52.70000076293945,52.95000076293945,52.349998474121094,52.45000076293945,62750061
2025-08-26,51.70122146606445,52.75,52.849998474121094,52.29999923706055,52.54999923706055,40863870
2025-08-27,51.946250915527344,53.0,53.150001525878906,52.900001525878906,53.0,90133682
2025-08-28,51.45619201660156,52.5,52.900001525878906,52.5,52.79999923706055,59176066
2025-08-29,51.45619201660156,52.5,52.95000076293945,52.5,52.79999923706055,36369305
2025-09-01,50.96613311767578,52.0,52.45000076293945,51.75,52.150001525878906,76529981
2025-09-02,50.96613311767578,52.0,52.5,51.95000076293945,52.29999923706055,33217612
2025-09-03,50.91712951660156,51.95000076293945,52.20000076293945,51.75,51.900001525878906,39472404
2025-09-04,51.26016616821289,52.29999923706055,52.70000076293945,52.25,52.54999923706055,37461241
2025-09-05,51.799232482910156,52.849998474121094,52.900001525878906,52.650001525878906,52.70000076293945,37395300
2025-09-08,52.28929138183594,53.349998474121094,53.54999923706055,53.25,53.400001525878906,59980892
2025-09-09,52.8283576965332,53.900001525878906,53.95000076293945,53.5,53.54999923706055,56315324
2025-09-10,53.857479095458984,54.95000076293945,55.0,54.400001525878906,54.400001525878906,73272121
2025-09-11,54.347537994384766,55.45000076293945,55.900001525878906,55.25,55.54999923706055,84750243
2025-09-12,54.88660430908203,56.0,56.0,55.70000076293945,55.75,57457218
2025-09-15,54.88660430908203,56.0,56.04999923706055,55.79999923706055,56.0,52544684
2025-09-16,55.6216926574707,56.75,56.849998474121094,56.150001525878906,56.150001525878906,63314427
2025-09-17,55.22964096069336,56.349998474121094,56.599998474121094,56.25,56.599998474121094,66204045
2025-09-18,55.817718505859375,56.95000076293945,56.95000076293945,56.25,56.5,44089588
2025-09-19,55.866722106933594,57.0,57.099998474121094,56.599998474121094,57.0,71674519
2025-09-22,56.25877380371094,57.400001525878906,57.400001525878906,56.75,57.0,56355369
2025-09-23,57.28789520263672,58.45000076293945,58.599998474121094,57.849998474121094,57.849998474121094,89181458
2025-09-24,57.238887786865234,58.400001525878906,58.95000076293945,58.099998474121094,58.70000076293945,90579906
2025-09-25,57.04286575317383,58.20000076293945,58.400001525878906,58.0,58.349998474121094,56318217
2025-09-26,56.111751556396484,57.25,57.900001525878906,56.849998474121094,57.900001525878906,158564436
2025-09-30,56.650814056396484,57.79999923706055,57.900001525878906,57.54999923706055,57.54999923706055,62389962
2025-10-01,56.94485092163086,58.099998474121094,58.75,57.900001525878906,57.900001525878906,74531798
2025-10-02,58.02298355102539,59.20000076293945,59.25,58.849998474121094,59.0,72057003
2025-10-03,58.856082916259766,60.04999923706055,60.099998474121094,59.04999923706055,59.20000076293945,73601535
2025-10-07,60.4732780456543,61.70000076293945,61.70000076293945,60.900001525878906,61.0,132381054
2025-10-08,59.9342155456543,61.150001525878906,61.150001525878906,60.599998474121094,61.0,112448112
2025-10-09,60.37526321411133,61.599998474121094,61.95000076293945,61.5,61.849998474121094,72911291
2025-10-13,59.78719711303711,61.0,61.0,59.599998474121094,59.900001525878906,261787970
2025-10-14,59.49315643310547,60.70000076293945,62.150001525878906,60.650001525878906,61.849998474121094,157148588
2025-10-15,60.571285247802734,61.79999923706055,61.79999923706055,60.599998474121094,61.0,97216134
2025-10-16,61.747432708740234,63.0,63.0,62.099998474121094,62.099998474121094,112923095
2025-10-17,60.81631851196289,62.04999923706055,62.29999923706055,61.900001525878906,62.04999923706055,157583768
2025-10-20,61.84543991088867,63.099998474121094,63.20000076293945,62.150001525878906,62.349998474121094,102880277
2025-10-21,61.943450927734375,63.20000076293945,63.650001525878906,63.04999923706055,63.400001525878906,124931191
2025-10-22,61.45339584350586,62.70000076293945,62.849998474121094,62.25,62.599998474121094,116660310
2025-10-23,61.1103515625,62.349998474121094,62.400001525878906,61.75,62.099998474121094,161355781
2025-10-27,62.531524658203125,63.79999923706055,63.900001525878906,63.45000076293945,63.75,102297434
2025-10-28,62.09046936035156,63.349998474121094,63.70000076293945,63.20000076293945,63.54999923706055,93730892
2025-10-29,63.11959457397461,64.4000015258789,64.44999694824219,63.70000076293945,63.70000076293945,65206490
2025-10-30,63.11959457397461,64.4000015258789,64.80000305175781,64.0,64.5999984741211,91073965
2025-10-31,63.46263885498047,64.75,64.80000305175781,64.4000015258789,64.5999984741211,53629924
2025-11-03,62.87456512451172,64.1500015258789,64.80000305175781,63.900001525878906,64.44999694824219,130638786
2025-11-04,62.67854309082031,63.95000076293945,64.8499984741211,63.849998474121094,64.5,83118781
2025-11-05,61.89445114135742,63.150001525878906,63.150001525878906,62.29999923706055,62.95000076293945,210997899
2025-11-06,62.041465759277344,63.29999923706055,63.5,63.150001525878906,63.349998474121094,65559913
2025-11-07,61.30637741088867,62.54999923706055,62.75,62.400001525878906,62.650001525878906,102458588
2025-11-10,62.09046936035156,63.349998474121094,63.349998474121094,62.599998474121094,62.79999923706055,80256746
2025-11-11,61.649417877197266,62.900001525878906,63.70000076293945,62.849998474121094,63.650001525878906,75382949
2025-11-12,61.943450927734375,63.20000076293945,63.29999923706055,62.75,62.95000076293945,59822193
2025-11-13,61.649417877197266,62.900001525878906,62.95000076293945,62.599998474121094,62.79999923706055,74963633
2025-11-14,60.4732780456543,61.70000076293945,61.900001525878906,61.400001525878906,61.650001525878906,204108022
2025-11-17,60.66930389404297,61.900001525878906,62.20000076293945,61.79999923706055,62.0,86927813
2025-11-18,59.248130798339844,60.45000076293945,61.29999923706055,60.29999923706055,61.29999923706055,240526230
2025-11-19,58.856082916259766,60.04999923706055,60.5,59.900001525878906,60.150001525878906,138705085
2025-11-20,60.66930389404297,61.900001525878906,61.95000076293945,61.349998474121094,61.54999923706055,81330710
2025-11-21,58.660057067871094,59.849998474121094,60.150001525878906,59.5,60.099998474121094,299502200
2025-11-24,58.366024017333984,59.54999923706055,60.099998474121094,59.45000076293945,60.099998474121094,153617414
2025-11-25,59.150115966796875,60.349998474121094,60.75,60.099998474121094,60.70000076293945,61913501
2025-11-26,60.13023376464844,61.349998474121094,61.5,61.0,61.099998474121094,73622900
2025-11-27,60.66930389404297,61.900001525878906,62.099998474121094,61.650001525878906,61.79999923706055,52209933
2025-11-28,61.1103515625,62.349998474121094,62.400001525878906,61.849998474121094,61.95000076293945,66700125
2025-12-01,60.277252197265625,61.5,61.95000076293945,61.400001525878906,61.79999923706055,96548521
2025-12-02,60.4732780456543,61.70000076293945,62.20000076293945,61.650001525878906,61.79999923706055,41397425
2025-12-03,61.061344146728516,62.29999923706055,62.5,62.099998474121094,62.400001525878906,44855416
2025-12-04,60.96333694458008,62.20000076293945,62.5,62.0,62.400001525878906,38785824
2025-12-05,61.50239944458008,62.75,62.75,62.349998474121094,62.45000076293945,45051403
2025-12-08,62.43351364135742,63.70000076293945,63.70000076293945,62.95000076293945,63.0,76124318
2025-12-09,62.33549880981445,63.599998474121094,63.849998474121094,63.54999923706055,63.79999923706055,48271330
2025-12-10,62.77655792236328,64.05000305175781,64.19999694824219,63.650001525878906,63.70000076293945,64151249
2025-12-11,62.09046936035156,63.349998474121094,64.5,63.20000076293945,64.30000305175781,94638653
2025-12-12,62.18848419189453,63.45000076293945,63.79999923706055,63.29999923706055,63.54999923706055,57687594
2025-12-15,61.55140686035156,62.79999923706055,62.849998474121094,62.400001525878906,62.5,105905436
2025-12-16,61.01234436035156,62.25,62.25,61.70000076293945,62.099998474121094,155552766
2025-12-17,60.66930389404297,61.900001525878906,62.45000076293945,61.849998474121094,62.150001525878906,89657544
2025-12-18,60.66930389404297,61.900001525878906,62.099998474121094,61.54999923706055,61.79999923706055,112535790
2025-12-19,61.25736999511719,62.5,62.75,62.349998474121094,62.400001525878906,79433169
2025-12-22,62.13947677612305,63.400001525878906,63.45000076293945,63.04999923706055,63.29999923706055,91596850
2025-12-23,62.43351364135742,63.70000076293945,63.79999923706055,63.5,63.5,100327038
2025-12-24,62.580528259277344,63.849998474121094,64.05000305175781,63.75,63.95000076293945,62393202
2025-12-26,63.11959457397461,64.4000015258789,64.5,64.0999984741211,64.19999694824219,68362335
2025-12-29,63.95269775390625,65.25,65.3499984741211,64.5999984741211,64.6500015258789,83563905
2025-12-30,63.85468673706055,65.1500015258789,65.30000305175781,64.75,64.9000015258789,58116367
2025-12-31,64.29573822021484,65.5999984741211,65.8499984741211,64.9000015258789,65.0999984741211,69494353
2026-01-02,65.618896484375,66.94999694824219,67.0,65.80000305175781,66.0,77878570
2026-01-05,68.11819458007812,69.5,70.05000305175781,68.05000305175781,68.0999984741211,225924687
2026-01-06,69.00030517578125,70.4000015258789,70.4000015258789,68.94999694824219,69.44999694824219,125256215
2026-01-07,68.46123504638672,69.8499984741211,70.44999694824219,69.69999694824219,70.4000015258789,113869755
2026-01-08,68.70626831054688,70.0999984741211,70.3499984741211,69.4000015258789,69.6500015258789,71394567
2026-01-09,68.46123504638672,69.8499984741211,70.25,68.9000015258789,69.80000305175781,106682469
2026-01-12,68.9512939453125,70.3499984741211,70.55000305175781,70.05000305175781,70.5,80365400
2026-01-13,69.2943344116211,70.69999694824219,71.19999694824219,70.30000305175781,71.0999984741211,99445355
2026-01-14,69.34334564208984,70.75,71.0999984741211,70.6500015258789,70.94999694824219,82266008
2026-01-15,69.2453384399414,70.6500015258789,70.69999694824219,70.1500015258789,70.69999694824219,89452635
2026-01-16,70.56848907470703,72.0,72.0999984741211,71.19999694824219,71.75,97268614
2026-01-19,71.15656280517578,72.5999984741211,72.80000305175781,71.44999694824219,71.69999694824219,116848644
2026-01-20,71.15656280517578,72.5999984741211,72.6500015258789,71.8499984741211,71.9000015258789,104977401
2026-01-21,70.42147064208984,71.8499984741211,72.5,71.69999694824219,71.80000305175781,161269608
2026-01-22,71.36573028564453,71.80000305175781,72.05000305175781,71.5999984741211,71.9000015258789,96360058
2026-01-23,71.81300354003906,72.25,72.30000305175781,71.80000305175781,72.0999984741211,68701320
2026-01-26,71.81300354003906,72.25,72.6500015258789,72.19999694824219,72.25,84082813
2026-01-27,72.60816955566406,73.05000305175781,73.1500015258789,72.3499984741211,72.4000015258789,70421120
2026-01-28,73.75120544433594,74.19999694824219,74.19999694824219,73.5,73.55000305175781,87294077
2026-01-29,73.3039321899414,73.75,74.5,73.5,74.4000015258789,111905919
2026-01-30,72.160888671875,72.5999984741211,73.19999694824219,72.30000305175781,73.1500015258789,159055585
2026-02-02,71.06754302978516,71.5,71.75,70.9000015258789,71.55000305175781,211262670
2026-02-03,72.5087661743164,72.94999694824219,73.05000305175781,72.4000015258789,73.0,70926930
2026-02-04,72.45907592773438,72.9000015258789,73.1500015258789,72.30000305175781,72.4000015258789,56597222
2026-02-05,71.56451416015625,72.0,72.25,71.75,72.05000305175781,95746290
2026-02-06,71.46512603759766,71.9000015258789,72.25,70.80000305175781,71.4000015258789,102980565
2026-02-09,73.50271606445312,73.94999694824219,74.1500015258789,73.75,74.05000305175781,118533745
2026-02-10,75.04335021972656,75.5,75.5,74.5999984741211,74.6500015258789,98559015
2026-02-11,76.73306274414062,77.19999694824219,77.44999694824219,75.9000015258789,75.9000015258789,114028587
2026-02-23,76.93185424804688,77.4000015258789,78.44999694824219,77.19999694824219,78.44999694824219,212974781
2026-02-24,78.91976165771484,79.4000015258789,79.6500015258789,77.8499984741211,77.94999694824219,143721014
2026-02-25,80.6094741821289,81.0999984741211,81.80000305175781,80.25,80.3499984741211,158561421
2026-02-26,80.65917205810547,81.1500015258789,81.5,80.80000305175781,81.25,123812672
2026-03-02,79.864013671875,80.3499984741211,80.80000305175781,79.1500015258789,79.5,204278933
2026-03-03,78.27368927001953,78.75,80.4000015258789,78.6500015258789,80.05000305175781,288356288
2026-03-04,75.14273834228516,75.5999984741211,77.44999694824219,75.5,77.4000015258789,455564304
2026-03-05,76.93185424804688,77.4000015258789,78.8499984741211,76.69999694824219,78.30000305175781,194777972
2026-03-06,76.38517761230469,76.8499984741211,77.30000305175781,76.30000305175781,76.80000305175781,139697065
2026-03-09,73.15483856201172,73.5999984741211,73.5999984741211,71.6500015258789,73.1500015258789,493890200
2026-03-10,74.74515533447266,75.19999694824219,76.25,74.30000305175781,75.9000015258789,164247105
2026-03-11,77.72701263427734,78.19999694824219,78.5,76.0999984741211,76.30000305175781,147508364
2026-03-12,76.1366958618164,76.5999984741211,77.5999984741211,76.3499984741211,77.0999984741211,120680192
2026-03-13,75.4906234741211,75.94999694824219,76.55000305175781,75.0,75.1500015258789,105970280
2026-03-16,75.14273834228516,75.5999984741211,76.69999694824219,75.44999694824219,76.30000305175781,97649824
2026-03-17,76.18639373779297,76.6500015258789,77.0,76.30000305175781,76.44999694824219,61503521
2026-03-18,77.32943725585938,77.80000305175781,78.05000305175781,77.44999694824219,77.75,72305179
2026-03-19,75.54032135009766,76.0,76.80000305175781,75.94999694824219,76.5999984741211,128778782
2026-03-20,75.44092559814453,75.9000015258789,76.4000015258789,75.5,76.19999694824219,67265037
2026-03-23,73.80091094970703,74.25,74.44999694824219,73.30000305175781,73.5,210502502
2026-03-24,73.95000457763672,74.4000015258789,75.5999984741211,73.80000305175781,75.5,83942753
2026-03-25,75.7391128540039,76.19999694824219,76.6500015258789,76.0,76.3499984741211,91456088
2026-03-26,75.34153747558594,75.80000305175781,76.8499984741211,75.5999984741211,76.30000305175781,76157584
2026-03-27,74.54637145996094,75.0,75.0999984741211,74.0999984741211,74.44999694824219,106078935
2026-03-30,73.4530258178711,73.9000015258789,74.05000305175781,72.80000305175781,73.30000305175781,158608942
2026-03-31,71.91239929199219,72.3499984741211,73.44999694824219,72.1500015258789,73.3499984741211,231400782
2026-04-01,74.99364471435547,75.44999694824219,75.5999984741211,74.5999984741211,75.0,126562159
2026-04-02,73.50271606445312,73.94999694824219,76.05000305175781,73.80000305175781,75.9000015258789,105707506
2026-04-07,74.84455871582031,75.30000305175781,75.44999694824219,74.6500015258789,75.1500015258789,76885542
2026-04-08,78.72096252441406,79.19999694824219,79.25,78.0999984741211,78.0999984741211,227364928
2026-04-09,78.67127227783203,79.1500015258789,79.4000015258789,78.80000305175781,79.30000305175781,92049631
2026-04-10,80.2615966796875,80.75,80.80000305175781,79.94999694824219,80.0,115520077
2026-04-13,80.11249542236328,80.5999984741211,81.0,80.4000015258789,80.5999984741211,87581345
2026-04-14,82.59738159179688,83.0999984741211,83.19999694824219,81.75,81.75,123920345
2026-04-15,83.64102935791016,84.1500015258789,85.0999984741211,83.80000305175781,84.0999984741211,122414906
2026-04-16,84.48588562011719,85.0,85.0999984741211,84.1500015258789,84.75,76987129
2026-04-17,83.64102935791016,84.1500015258789,84.5,84.0,84.19999694824219,93304532
2026-04-20,84.03861236572266,84.55000305175781,85.0999984741211,84.44999694824219,84.55000305175781,95994589
2026-04-21,85.4798355102539,86.0,86.0999984741211,85.0,85.5,71987659
2026-04-22,85.82772064208984,86.3499984741211,86.5999984741211,85.55000305175781,85.75,64147874
2026-04-23,85.82772064208984,86.3499984741211,88.80000305175781,85.1500015258789,87.6500015258789,148310644
2026-04-24,89.40594482421875,89.94999694824219,89.94999694824219,87.55000305175781,87.5999984741211,125117290
2026-04-27,92.4375,93.0,94.25,92.69999694824219,92.69999694824219,183173507
2026-04-28,91.44355010986328,92.0,93.6500015258789,91.9000015258789,92.55000305175781,114706934
2026-04-29,90.20111083984375,90.75,91.5,90.0,90.69999694824219,93857452
2026-04-30,89.95262145996094,90.5,91.9000015258789,90.30000305175781,91.25,82229228
2026-05-04,94.02782440185547,94.5999984741211,94.6500015258789,92.4000015258789,92.5,120393477
2026-05-05,94.02782440185547,94.5999984741211,94.75,94.0,94.4000015258789,76579608
2026-05-06,95.17086791992188,95.75,96.9000015258789,94.69999694824219,96.05000305175781,105507530
2026-05-07,97.10906982421875,97.69999694824219,98.4000015258789,97.4000015258789,97.94999694824219,110289613
2026-05-08,96.4133071899414,97.0,97.69999694824219,95.8499984741211,97.3499984741211,117639791
2026-05-11,96.31391143798828,96.9000015258789,97.1500015258789,96.5,96.6500015258789,88544547
2026-05-12,96.26421356201172,96.8499984741211,97.3499984741211,95.5,96.8499984741211,94676481
2026-05-13,94.92237854003906,95.5,95.80000305175781,94.69999694824219,94.8499984741211,113598688
2026-05-14,95.46905517578125,96.05000305175781,97.19999694824219,95.75,96.9000015258789,53565899
2026-05-15,94.82298278808594,95.4000015258789,98.25,95.19999694824219,97.6500015258789,90487261
2026-05-18,94.32601165771484,94.9000015258789,95.19999694824219,93.30000305175781,94.0,105172915
2026-05-19,92.53689575195312,93.0999984741211,94.69999694824219,93.0999984741211,94.3499984741211,116385289
2026-05-20,91.94052124023438,92.5,93.5,92.44999694824219,93.0,108931614
2026-05-21,95.270263671875,95.8499984741211,96.05000305175781,94.69999694824219,94.80000305175781,59494294
2026-05-22,96.71149444580078,97.30000305175781,97.30000305175781,96.0,96.30000305175781,60917271
2026-05-25,100.19032287597656,100.80000305175781,101.0,99.55000305175781,99.55000305175781,124114624
2026-05-26,99.49455261230469,100.0999984741211,101.80000305175781,100.0999984741211,101.5999984741211,87695026
2026-05-27,101.92974090576172,102.55000305175781,103.9000015258789,102.0,102.4000015258789,90102044
2026-05-28,99.89213562011719,100.5,104.25,100.0999984741211,104.0,140421329
2026-05-29,104.76250457763672,105.4000015258789,105.4000015258789,102.69999694824219,103.19999694824219,98892043
2026-06-01,104.86189270019531,105.5,106.69999694824219,104.5,105.25,127067000
2026-06-02,105.06068420410156,105.69999694824219,106.30000305175781,104.19999694824219,106.30000305175781,107794552
2026-06-03,106.9491958618164,107.5999984741211,107.8499984741211,107.0999984741211,107.30000305175781,75111550
2026-06-04,105.45826721191406,106.0999984741211,107.0,106.05000305175781,106.75,108491104
2026-06-05,103.52006530761719,104.1500015258789,105.3499984741211,102.80000305175781,105.0,164564140
2026-06-08,100.33941650390625,100.94999694824219,101.30000305175781,98.05000305175781,98.05000305175781,320685641
2026-06-09,102.87399291992188,103.5,103.5999984741211,101.3499984741211,102.0999984741211,89392847
2026-06-10,99.64364624023438,100.25,102.94999694824219,100.19999694824219,102.5999984741211,166445287
2026-06-11,99.2460708618164,99.8499984741211,100.55000305175781,97.5999984741211,100.0,248828975
2026-06-12,101.33336639404297,101.94999694824219,103.75,101.55000305175781,103.25,73401960
2026-06-15,104.61341094970703,105.25,105.5,104.30000305175781,105.0999984741211,95906242
2026-06-16,105.25947570800781,105.9000015258789,106.05000305175781,104.8499984741211,106.05000305175781,67088029
2026-06-17,105.35887145996094,106.0,106.0,104.5,105.0,75416209
2026-06-18,106.65100860595703,107.30000305175781,107.44999694824219,106.6500015258789,107.0,74587200
2026-06-22,110.47772216796875,111.1500015258789,111.19999694824219,109.44999694824219,109.44999694824219,110460961
2026-06-23,109.43407440185547,110.0999984741211,112.30000305175781,110.05000305175781,112.0,120564830
2026-06-24,106.50191497802734,107.1500015258789,108.0999984741211,106.1500015258789,108.0,208531754
2026-06-25,106.5516128540039,107.19999694824219,108.05000305175781,106.3499984741211,108.0,89454929
2026-06-26,102.47640991210938,103.0999984741211,105.8499984741211,102.80000305175781,105.4000015258789,251693794
2026-06-29,103.81824493408203,104.44999694824219,105.3499984741211,103.30000305175781,103.3499984741211,101519378
2026-06-30,107.14798736572266,107.80000305175781,108.25,106.75,106.8499984741211,103816325
2026-07-01,108.68860626220703,109.3499984741211,109.94999694824219,108.5999984741211,109.80000305175781,72216950
2026-07-02,108.14193725585938,108.80000305175781,108.94999694824219,106.9000015258789,107.19999694824219,67727796
2026-07-03,107.69465637207031,108.3499984741211,108.80000305175781,106.0999984741211,106.1500015258789,76733905
2026-07-06,107.59526062011719,108.25,109.5999984741211,107.69999694824219,109.05000305175781,70136815
2026-07-07,105.55765533447266,106.19999694824219,109.05000305175781,105.8499984741211,108.55000305175781,111060971
2026-07-08,105.4085693359375,106.05000305175781,106.5999984741211,105.05000305175781,106.4000015258789,86877553
2026-07-09,105.16008758544922,105.80000305175781,107.0,105.44999694824219,106.3499984741211,51733962
2026-07-10,105.16008758544922,105.80000305175781,105.80000305175781,105.80000305175781,105.80000305175781,0
2026-07-13,105.35887145996094,106.0,107.55000305175781,105.69999694824219,107.0,65558453
2026-07-14,103.76854705810547,104.4000015258789,105.5,102.25,105.5,225466504
2026-07-15,105.65705871582031,106.30000305175781,106.44999694824219,104.6500015258789,105.30000305175781,106147811
2026-07-16,105.75645446777344,106.4000015258789,106.75,104.55000305175781,105.3499984741211,68042614
2026-07-17,99.54425811767578,100.1500015258789,103.05000305175781,100.0,102.9000015258789,443467989
2026-07-20,98.5999984741211,99.19999694824219,100.5999984741211,98.30000305175781,100.19999694824219,335645366
2026-07-21,102.5,102.5,102.5,99.8499984741211,100.0,91004977
2026-07-22,103.8499984741211,103.8499984741211,104.80000305175781,103.30000305175781,104.5,103568792
2026-07-23,103.9000015258789,103.9000015258789,104.80000305175781,102.9000015258789,104.25,51221177
2026-07-24,101.69999694824219,101.69999694824219,103.05000305175781,101.30000305175781,102.55000305175781,94377095
2026-07-27,101.44999694824219,101.44999694824219,101.5999984741211,100.05000305175781,101.30000305175781,100975462
2026-07-28,97.1500015258789,97.1500015258789,98.3499984741211,96.9000015258789,98.3499984741211,403103877
2026-07-29,93.69999694824219,93.69999694824219,97.0,91.80000305175781,96.94999694824219,481594751
2026-07-30,93.5,93.5,96.0,92.0,93.4000015258789,277813661
2026-07-31,102.8499984741211,102.8499984741211,102.8499984741211,99.80000305175781,100.0,335230300
2026-08-03,102.0,102.0,102.69999694824219,101.0,102.0,162020882
2026-08-04,100.6500015258789,100.6500015258789,102.25,99.75,100.6500015258789,114567629
2026-08-05,103.80000305175781,103.80000305175781,104.75,102.9000015258789,103.75,162326921
2026-08-06,103.30000305175781,103.30000305175781,103.69999694824219,102.55000305175781,103.25,75072269
2026-08-07,102.8499984741211,102.8499984741211,104.0,102.05000305175781,103.80000305175781,64762811
2026-08-10,104.25,104.25,104.75,103.5,103.9000015258789,77669272
2026-08-12,,,105.25,104.44999694824219,105.0,64255015
