Date,Adj Close,Close,High,Low,Open,Volume
2014-01-02,9.272774696350098,14.637499809265137,14.6875,14.587499618530273,14.675000190734863,43048292
2014-01-03,9.16191291809082,14.462499618530273,14.612500190734863,14.425000190734863,14.612500190734863,58038024
2014-01-06,9.13815975189209,14.425000190734863,14.487500190734863,14.387499809265137,14.4375,59483240
2014-01-07,9.13815975189209,14.425000190734863,14.475000381469727,14.425000190734863,14.4375,52513328
2014-01-08,9.1539945602417,14.449999809265137,14.487500190734863,14.425000190734863,14.425000190734863,30420860
2014-01-09,9.11440372467041,14.387499809265137,14.449999809265137,14.350000381469727,14.412500381469727,34284912
2014-01-10,9.11440372467041,14.387499809265137,14.412500381469727,14.375,14.375,18966496
2014-01-13,9.169832229614258,14.475000381469727,14.550000190734863,14.449999809265137,14.5,24719476
2014-01-14,9.1539945602417,14.449999809265137,14.462499618530273,14.399999618530273,14.425000190734863,17105764
2014-01-15,9.249021530151367,14.600000381469727,14.612500190734863,14.487500190734863,14.487500190734863,46703380
2014-01-16,9.272774696350098,14.637499809265137,14.6875,14.625,14.625,51086792
2014-01-17,9.288614273071289,14.662500381469727,14.675000190734863,14.574999809265137,14.649999618530273,32678336
2014-01-20,9.312369346618652,14.699999809265137,14.699999809265137,14.600000381469727,14.600000381469727,22508624
2014-01-21,9.272774696350098,14.637499809265137,14.712499618530273,14.625,14.6875,27854648
2014-01-22,9.288614273071289,14.662500381469727,14.662500381469727,14.587499618530273,14.612500190734863,27352876
2014-01-23,9.264857292175293,14.625,14.6875,14.587499618530273,14.649999618530273,27619472
2014-01-24,9.288614273071289,14.662500381469727,14.699999809265137,14.574999809265137,14.574999809265137,42824140
2014-01-27,9.122318267822266,14.399999618530273,14.550000190734863,14.362500190734863,14.524999618530273,85301372
2014-02-05,8.837247848510742,13.949999809265137,14.100000381469727,13.899999618530273,14.100000381469727,230238436
2014-02-06,8.868921279907227,14.0,14.050000190734863,13.949999809265137,13.987500190734863,51415188
2014-02-07,8.963945388793945,14.149999618530273,14.175000190734863,14.074999809265137,14.100000381469727,64110096
2014-02-10,8.963945388793945,14.149999618530273,14.225000381469727,14.149999618530273,14.225000381469727,24080716
2014-02-11,9.019378662109375,14.237500190734863,14.237500190734863,14.149999618530273,14.149999618530273,22328312
2014-02-12,9.11440372467041,14.387499809265137,14.387499809265137,14.287500381469727,14.287500381469727,74418164
2014-02-13,9.090645790100098,14.350000381469727,14.387499809265137,14.337499618530273,14.362500190734863,32942784
2014-02-14,9.177751541137695,14.487500190734863,14.550000190734863,14.425000190734863,14.425000190734863,89315428
2014-02-17,9.177751541137695,14.487500190734863,14.5625,14.487500190734863,14.524999618530273,61739836
2014-02-18,9.209426879882812,14.537500381469727,14.537500381469727,14.449999809265137,14.487500190734863,52354744
2014-02-19,9.209426879882812,14.537500381469727,14.550000190734863,14.512499809265137,14.524999618530273,53466752
2014-02-20,9.13023853302002,14.412500381469727,14.512499809265137,14.399999618530273,14.512499809265137,54949324
2014-02-21,9.217342376708984,14.550000190734863,14.612500190734863,14.550000190734863,14.600000381469727,69269712
2014-02-24,9.169832229614258,14.475000381469727,14.612500190734863,14.449999809265137,14.600000381469727,29472252
2014-02-25,9.209426879882812,14.537500381469727,14.5625,14.487500190734863,14.5625,34487972
2014-02-26,9.249021530151367,14.600000381469727,14.625,14.487500190734863,14.5,35814604
2014-02-27,9.23318099975586,14.574999809265137,14.612500190734863,14.574999809265137,14.574999809265137,14705832
2014-03-03,9.177751541137695,14.487500190734863,14.537500381469727,14.375,14.449999809265137,32083740
2014-03-04,9.13815975189209,14.425000190734863,14.5,14.425000190734863,14.475000381469727,24742744
2014-03-05,9.23318099975586,14.574999809265137,14.612500190734863,14.550000190734863,14.550000190734863,27606472
2014-03-06,9.36780071258545,14.787500381469727,14.800000190734863,14.587499618530273,14.587499618530273,104906556
2014-03-07,9.407392501831055,14.850000381469727,14.949999809265137,14.824999809265137,14.824999809265137,121579216
2014-03-10,9.351962089538574,14.762499809265137,14.850000381469727,14.737500190734863,14.824999809265137,31723268
2014-03-11,9.399474143981934,14.837499618530273,14.862500190734863,14.787500381469727,14.8125,19870876
2014-03-12,9.312369346618652,14.699999809265137,14.75,14.6875,14.712499618530273,10686956
2014-03-13,9.462821960449219,14.9375,14.949999809265137,14.8125,14.8125,102771300
2014-03-14,9.36780071258545,14.787500381469727,14.824999809265137,14.774999618530273,14.787500381469727,53798460
2014-03-17,9.351962089538574,14.762499809265137,14.800000190734863,14.725000381469727,14.787500381469727,35932728
2014-03-18,9.407392501831055,14.850000381469727,14.875,14.800000190734863,14.850000381469727,59453116
2014-03-19,9.383637428283691,14.8125,14.862500190734863,14.737500190734863,14.850000381469727,39421576
2014-03-20,9.264857292175293,14.625,14.675000190734863,14.574999809265137,14.675000190734863,73931636
2014-03-21,9.264857292175293,14.625,14.662500381469727,14.600000381469727,14.662500381469727,16571936
2014-03-24,9.288614273071289,14.662500381469727,14.662500381469727,14.5625,14.612500190734863,45385080
2014-03-25,9.36780071258545,14.787500381469727,14.787500381469727,14.625,14.625,19660108
2014-03-26,9.454904556274414,14.925000190734863,14.925000190734863,14.837499618530273,14.862500190734863,39920680
2014-03-27,9.470741271972656,14.949999809265137,14.962499618530273,14.862500190734863,14.875,45032628
2014-03-28,9.486579895019531,14.975000381469727,15.024999618530273,14.949999809265137,14.962499618530273,80659560
2014-03-31,9.518253326416016,15.024999618530273,15.037500381469727,14.975000381469727,15.012499809265137,68747604
2014-04-01,9.59743881225586,15.149999618530273,15.149999618530273,15.050000190734863,15.0625,115344888
2014-04-02,9.629115104675293,15.199999809265137,15.287500381469727,15.199999809265137,15.199999809265137,76419420
2014-04-03,9.605358123779297,15.162500381469727,15.237500190734863,15.162500381469727,15.199999809265137,50481320
2014-04-07,9.581602096557617,15.125,15.125,15.074999809265137,15.100000381469727,45521276
2014-04-08,9.629115104675293,15.199999809265137,15.225000381469727,15.112500190734863,15.112500190734863,56047548
2014-04-09,9.66079044342041,15.25,15.274999618530273,15.199999809265137,15.199999809265137,48268256
2014-04-10,9.692463874816895,15.300000190734863,15.324999809265137,15.225000381469727,15.3125,53947896
2014-04-11,9.68454360961914,15.287500381469727,15.287500381469727,15.199999809265137,15.199999809265137,60076540
2014-04-14,9.668705940246582,15.262499809265137,15.300000190734863,15.225000381469727,15.274999618530273,53588012
2014-04-15,9.716219902038574,15.337499618530273,15.362500190734863,15.300000190734863,15.300000190734863,55573664
2014-04-16,9.708303451538086,15.324999809265137,15.375,15.274999618530273,15.337499618530273,28198764
2014-04-17,9.68454360961914,15.287500381469727,15.350000381469727,15.274999618530273,15.324999809265137,14127132
2014-04-18,9.747897148132324,15.387499809265137,15.475000381469727,15.375,15.4375,28291008
2014-04-21,9.747897148132324,15.387499809265137,15.412500381469727,15.362500190734863,15.362500190734863,13622592
2014-04-22,9.77956771850586,15.4375,15.487500190734863,15.387499809265137,15.387499809265137,36551020
2014-04-23,9.763733863830566,15.412500381469727,15.512499809265137,15.375,15.462499618530273,21948456
2014-04-24,9.77956771850586,15.4375,15.449999809265137,15.399999618530273,15.425000190734863,18072820
2014-04-25,9.613280296325684,15.175000190734863,15.449999809265137,15.149999618530273,15.412500381469727,91612672
2014-04-28,9.700382232666016,15.3125,15.375,15.074999809265137,15.074999809265137,33931452
2014-04-29,9.716219902038574,15.337499618530273,15.375,15.274999618530273,15.3125,26075860
2014-04-30,9.66079044342041,15.25,15.362500190734863,15.199999809265137,15.350000381469727,22392560
2014-05-02,9.708303451538086,15.324999809265137,15.412500381469727,15.287500381469727,15.287500381469727,30587352
2014-05-05,9.692463874816895,15.300000190734863,15.399999618530273,15.25,15.387499809265137,27383572
2014-05-06,9.747897148132324,15.387499809265137,15.4375,15.274999618530273,15.375,41254052
2014-05-07,9.724138259887695,15.350000381469727,15.399999618530273,15.300000190734863,15.375,31511704
2014-05-08,9.795406341552734,15.462499618530273,15.462499618530273,15.350000381469727,15.399999618530273,15325912
2014-05-09,9.73205852508545,15.362500190734863,15.462499618530273,15.362500190734863,15.425000190734863,15729556
2014-05-12,9.68454360961914,15.287500381469727,15.375,15.274999618530273,15.375,15734644
2014-05-13,9.73205852508545,15.362500190734863,15.4375,15.337499618530273,15.399999618530273,22442856
2014-05-14,9.787489891052246,15.449999809265137,15.449999809265137,15.362500190734863,15.399999618530273,42958252
2014-05-15,9.77956771850586,15.4375,15.462499618530273,15.387499809265137,15.4375,35614296
2014-05-16,9.795406341552734,15.462499618530273,15.462499618530273,15.350000381469727,15.412500381469727,36554592
2014-05-19,9.795406341552734,15.462499618530273,15.5,15.449999809265137,15.462499618530273,28663524
2014-05-20,9.835000038146973,15.524999618530273,15.574999809265137,15.475000381469727,15.475000381469727,39787544
2014-05-21,9.787489891052246,15.449999809265137,15.550000190734863,15.4375,15.5,26096820
2014-05-22,9.922104835510254,15.662500381469727,15.662500381469727,15.487500190734863,15.5,58661756
2014-05-23,9.937944412231445,15.6875,15.725000381469727,15.662500381469727,15.712499618530273,53794872
2014-05-26,9.985456466674805,15.762499809265137,15.774999618530273,15.712499618530273,15.712499618530273,34575520
2014-05-27,9.99337387084961,15.774999618530273,15.800000190734863,15.737500190734863,15.762499809265137,32137008
2014-05-28,10.088400840759277,15.925000190734863,15.949999809265137,15.787500381469727,15.787500381469727,46588340
2014-05-29,10.040886878967285,15.850000381469727,15.925000190734863,15.850000381469727,15.925000190734863,38179360
2014-05-30,9.99337387084961,15.774999618530273,15.862500190734863,15.774999618530273,15.850000381469727,26862760
2014-06-03,10.001293182373047,15.787500381469727,15.862500190734863,15.699999809265137,15.787500381469727,20440552
2014-06-04,10.040886878967285,15.850000381469727,15.887499809265137,15.824999809265137,15.850000381469727,13560892
2014-06-05,10.040886878967285,15.850000381469727,15.850000381469727,15.774999618530273,15.824999809265137,6812636
2014-06-06,10.064643859863281,15.887499809265137,15.9375,15.850000381469727,15.912500381469727,13957396
2014-06-09,10.104235649108887,15.949999809265137,15.962499618530273,15.899999618530273,15.899999618530273,15579336
2014-06-10,10.167584419250488,16.049999237060547,16.075000762939453,15.962499618530273,15.962499618530273,27372536
2014-06-11,10.15966796875,16.037500381469727,16.0625,16.012500762939453,16.049999237060547,20154180
2014-06-12,10.13591194152832,16.0,16.024999618530273,15.975000381469727,16.0,18032364
2014-06-13,10.112154960632324,15.962499618530273,15.975000381469727,15.925000190734863,15.975000381469727,13289272
2014-06-16,10.120073318481445,15.975000381469727,16.0,15.899999618530273,15.962499618530273,10421744
2014-06-17,10.191341400146484,16.087499618530273,16.112499237060547,15.962499618530273,15.975000381469727,15414832
2014-06-18,10.215100288391113,16.125,16.200000762939453,16.075000762939453,16.100000381469727,38138276
2014-06-19,10.28636646270752,16.237499237060547,16.262500762939453,16.137500762939453,16.162500381469727,39733108
2014-06-20,10.254690170288086,16.1875,16.274999618530273,16.174999237060547,16.237499237060547,14230668
2014-06-23,10.246773719787598,16.174999237060547,16.25,16.149999618530273,16.200000762939453,55001788
2014-06-24,10.26261043548584,16.200000762939453,16.262500762939453,16.174999237060547,16.212499618530273,31853352
2014-06-25,10.238855361938477,16.162500381469727,16.200000762939453,16.149999618530273,16.162500381469727,30064760
2014-06-26,10.349717140197754,16.337499618530273,16.350000381469727,16.1875,16.1875,36832072
2014-06-27,10.349717140197754,16.337499618530273,16.337499618530273,16.125,16.337499618530273,36900676
2014-06-30,10.444740295410156,16.487499237060547,16.5,16.299999237060547,16.325000762939453,30338020
2014-07-01,10.539765357971191,16.637500762939453,16.6875,16.462499618530273,16.487499237060547,38459168
2014-07-02,10.62686824798584,16.774999618530273,16.887500762939453,16.662500381469727,16.700000762939453,46562328
2014-07-03,10.721892356872559,16.924999237060547,16.950000762939453,16.725000381469727,16.774999618530273,32460236
2014-07-04,10.721892356872559,16.924999237060547,16.975000381469727,16.837499618530273,16.950000762939453,28324140
2014-07-07,10.7060546875,16.899999618530273,16.924999237060547,16.825000762939453,16.875,22060044
2014-07-08,10.729811668395996,16.9375,16.975000381469727,16.899999618530273,16.950000762939453,22024792
2014-07-09,10.745648384094238,16.962499618530273,16.962499618530273,16.875,16.912500381469727,12519380
2014-07-10,10.824835777282715,17.087499618530273,17.112499237060547,16.950000762939453,16.950000762939453,22510148
2014-07-11,10.816919326782227,17.075000762939453,17.174999237060547,17.037500381469727,17.087499618530273,31201832
2014-07-14,10.880268096923828,17.174999237060547,17.200000762939453,17.0625,17.0625,12310112
2014-07-15,10.919858932495117,17.237499237060547,17.262500762939453,17.1875,17.237499237060547,15824528
2014-07-16,10.824835777282715,17.087499618530273,17.25,17.024999618530273,17.237499237060547,20011892
2014-07-17,10.69021987915039,16.875,17.0,16.825000762939453,16.987499237060547,32051912
2014-07-18,10.69021987915039,16.875,16.899999618530273,16.75,16.762500762939453,25500700
2014-07-21,10.69021987915039,16.875,16.987499237060547,16.875,16.9375,21237792
2014-07-22,10.78524398803711,17.024999618530273,17.049999237060547,16.875,16.924999237060547,16624504
2014-07-23,10.78524398803711,17.024999618530273,17.024999618530273,17.024999618530273,17.024999618530273,0
2014-07-24,10.832754135131836,17.100000381469727,17.100000381469727,17.024999618530273,17.075000762939453,15397320
2014-07-25,10.71397876739502,16.912500381469727,17.100000381469727,16.862499237060547,17.100000381469727,22193732
2014-07-28,10.69021987915039,16.875,16.950000762939453,16.825000762939453,16.862499237060547,11059612
2014-07-29,10.68229866027832,16.862499237060547,16.987499237060547,16.799999237060547,16.9375,28816012
2014-07-30,10.745648384094238,16.962499618530273,16.987499237060547,16.862499237060547,16.862499237060547,11201848
2014-07-31,10.57143783569336,16.6875,16.962499618530273,16.649999618530273,16.962499618530273,44525940
2014-08-01,10.492253303527832,16.5625,16.575000762939453,16.475000381469727,16.487499237060547,51327168
2014-08-04,10.547680854797363,16.649999618530273,16.674999237060547,16.524999618530273,16.549999237060547,15017540
2014-08-05,10.333879470825195,16.3125,16.600000381469727,16.274999618530273,16.600000381469727,78325536
2014-08-06,10.405144691467285,16.424999237060547,16.4375,16.262500762939453,16.325000762939453,27441640
2014-08-07,10.405144691467285,16.424999237060547,16.475000381469727,16.350000381469727,16.4375,24022376
2014-08-08,10.405144691467285,16.424999237060547,16.424999237060547,16.262500762939453,16.362499237060547,57004784
2014-08-11,10.460577011108398,16.512500762939453,16.537500381469727,16.4375,16.5,32334988
2014-08-12,10.468493461608887,16.524999618530273,16.575000762939453,16.462499618530273,16.5,17441528
2014-08-13,10.57143783569336,16.6875,16.6875,16.512500762939453,16.537500381469727,20869076
2014-08-14,10.62686824798584,16.774999618530273,16.8125,16.737499237060547,16.75,23940532
2014-08-15,10.62686824798584,16.774999618530273,16.8125,16.6875,16.774999618530273,15558608
2014-08-18,10.595192909240723,16.725000381469727,16.774999618530273,16.649999618530273,16.774999618530273,9724624
2014-08-19,10.729811668395996,16.9375,16.9375,16.75,16.825000762939453,26919036
2014-08-20,10.769405364990234,17.0,17.012500762939453,16.924999237060547,16.924999237060547,33849004
2014-08-21,10.753568649291992,16.975000381469727,17.024999618530273,16.950000762939453,17.0,12209536
2014-08-22,10.888185501098633,17.1875,17.237499237060547,17.024999618530273,17.024999618530273,30161096
2014-08-25,10.872349739074707,17.162500381469727,17.225000381469727,17.149999618530273,17.1875,11821700
2014-08-26,10.864429473876953,17.149999618530273,17.200000762939453,17.137500762939453,17.149999618530273,6936016
2014-08-27,10.967371940612793,17.3125,17.350000381469727,17.237499237060547,17.237499237060547,30456244
2014-08-28,10.983206748962402,17.337499618530273,17.362499237060547,17.299999237060547,17.3125,15581340
2014-08-29,10.959453582763672,17.299999237060547,17.325000762939453,17.212499618530273,17.262500762939453,9728664
2014-09-01,11.054479598999023,17.450000762939453,17.487499237060547,17.3125,17.3125,21095900
2014-09-02,10.888185501098633,17.1875,17.424999237060547,17.149999618530273,17.424999237060547,70966280
2014-09-03,10.967371940612793,17.3125,17.362499237060547,17.212499618530273,17.225000381469727,27633444
2014-09-04,10.927777290344238,17.25,17.287500381469727,17.200000762939453,17.25,21553352
2014-09-05,10.927777290344238,17.25,17.325000762939453,17.162500381469727,17.325000762939453,29639580
2014-09-09,10.967371940612793,17.3125,17.375,17.3125,17.350000381469727,29642132
2014-09-10,10.872349739074707,17.162500381469727,17.237499237060547,17.012500762939453,17.237499237060547,71419504
2014-09-11,10.832754135131836,17.100000381469727,17.174999237060547,17.100000381469727,17.174999237060547,34709888
2014-09-12,10.729811668395996,16.9375,17.100000381469727,16.899999618530273,17.100000381469727,78039360
2014-09-15,10.729811668395996,16.9375,16.9375,16.787500381469727,16.787500381469727,52502792
2014-09-16,10.642706871032715,16.799999237060547,16.912500381469727,16.787500381469727,16.912500381469727,72121148
2014-09-17,10.721892356872559,16.924999237060547,17.049999237060547,16.862499237060547,16.875,66063636
2014-09-18,10.745648384094238,16.962499618530273,17.012500762939453,16.899999618530273,16.924999237060547,64927364
2014-09-19,10.769405364990234,17.0,17.0625,16.962499618530273,17.049999237060547,48468104
2014-09-22,10.603113174438477,16.737499237060547,16.837499618530273,16.637500762939453,16.837499618530273,108231200
2014-09-23,10.579360008239746,16.700000762939453,16.75,16.662500381469727,16.725000381469727,59215200
2014-09-24,10.539765357971191,16.637500762939453,16.700000762939453,16.575000762939453,16.637500762939453,100792480
2014-09-25,10.444740295410156,16.487499237060547,16.712499618530273,16.424999237060547,16.674999237060547,92224128
2014-09-26,10.38930892944336,16.399999618530273,16.462499618530273,16.3125,16.375,92688036
2014-09-29,10.357634544372559,16.350000381469727,16.424999237060547,16.299999237060547,16.412500381469727,68717704
2014-09-30,10.341796875,16.325000762939453,16.412500381469727,16.162500381469727,16.325000762939453,82815552
2014-10-01,10.373469352722168,16.375,16.412500381469727,16.212499618530273,16.262500762939453,70031836
2014-10-02,10.373469352722168,16.375,16.4375,16.225000381469727,16.25,45949580
2014-10-03,10.563521385192871,16.674999237060547,16.674999237060547,16.399999618530273,16.450000762939453,64955664
2014-10-06,10.5556001663208,16.662500381469727,16.674999237060547,16.537500381469727,16.662500381469727,26631048
2014-10-07,10.468493461608887,16.524999618530273,16.5625,16.424999237060547,16.5625,45256740
2014-10-08,10.405144691467285,16.424999237060547,16.512500762939453,16.424999237060547,16.450000762939453,32425012
2014-10-09,10.452657699584961,16.5,16.612499237060547,16.424999237060547,16.524999618530273,60014640
2014-10-13,10.13591194152832,16.0,16.137500762939453,15.949999809265137,16.037500381469727,78682744
2014-10-14,10.223014831542969,16.137500762939453,16.149999618530273,16.0,16.0,51656992
2014-10-15,10.151748657226562,16.024999618530273,16.200000762939453,15.987500190734863,16.112499237060547,57649820
2014-10-16,10.13591194152832,16.0,16.087499618530273,15.8125,15.912500381469727,98880708
2014-10-17,10.032966613769531,15.837499618530273,16.100000381469727,15.837499618530273,16.0625,62958904
2014-10-20,10.230934143066406,16.149999618530273,16.149999618530273,15.975000381469727,16.0625,43534152
2014-10-21,10.183424949645996,16.075000762939453,16.137500762939453,16.049999237060547,16.100000381469727,28948044
2014-10-22,10.341796875,16.325000762939453,16.362499237060547,16.25,16.274999618530273,37369648
2014-10-23,10.302205085754395,16.262500762939453,16.325000762939453,16.25,16.325000762939453,28353020
2014-10-24,11.037450790405273,15.762499809265137,15.962499618530273,15.699999809265137,15.962499618530273,90013828
2014-10-27,11.072464942932129,15.8125,15.862500190734863,15.75,15.850000381469727,32312876
2014-10-28,11.265026092529297,16.087499618530273,16.087499618530273,16.0,16.0,44714252
2014-10-29,11.378813743591309,16.25,16.25,16.125,16.149999618530273,37614600
2014-10-30,11.343804359436035,16.200000762939453,16.237499237060547,16.137500762939453,16.212499618530273,36335032
2014-10-31,11.4313325881958,16.325000762939453,16.325000762939453,16.174999237060547,16.25,66436524
2014-11-03,11.48384952545166,16.399999618530273,16.475000381469727,16.325000762939453,16.325000762939453,42429088
2014-11-04,11.492602348327637,16.412500381469727,16.512500762939453,16.387500762939453,16.4375,44120760
2014-11-05,11.466344833374023,16.375,16.462499618530273,16.337499618530273,16.450000762939453,42159592
2014-11-06,11.396319389343262,16.274999618530273,16.424999237060547,16.237499237060547,16.387500762939453,84561328
2014-11-07,11.413824081420898,16.299999237060547,16.3125,16.174999237060547,16.25,42609524
2014-11-10,11.580131530761719,16.537500381469727,16.575000762939453,16.3125,16.350000381469727,65499040
2014-11-11,11.545119285583496,16.487499237060547,16.587499618530273,16.487499237060547,16.5625,60368036
2014-11-12,11.378813743591309,16.25,16.462499618530273,16.225000381469727,16.4375,75202640
2014-11-13,11.492602348327637,16.412500381469727,16.412500381469727,16.25,16.25,43378952
2014-11-14,11.501355171203613,16.424999237060547,16.450000762939453,16.325000762939453,16.325000762939453,44239136
2014-11-17,11.396319389343262,16.274999618530273,16.524999618530273,16.200000762939453,16.512500762939453,69847752
2014-11-18,11.361308097839355,16.225000381469727,16.399999618530273,16.200000762939453,16.325000762939453,39762432
2014-11-19,11.52761459350586,16.462499618530273,16.524999618530273,16.287500381469727,16.287500381469727,73940996
2014-11-20,11.658906936645508,16.649999618530273,16.674999237060547,16.512500762939453,16.512500762939453,83051088
2014-11-21,11.667659759521484,16.662500381469727,16.700000762939453,16.612499237060547,16.649999618530273,47790932
2014-11-24,11.693920135498047,16.700000762939453,16.799999237060547,16.6875,16.725000381469727,52791784
2014-11-25,11.702672004699707,16.712499618530273,16.762500762939453,16.612499237060547,16.662500381469727,52769520
2014-11-26,11.702672004699707,16.712499618530273,16.725000381469727,16.662500381469727,16.6875,35637820
2014-11-27,11.816461563110352,16.875,16.962499618530273,16.787500381469727,16.787500381469727,66114548
2014-11-28,11.816461563110352,16.875,16.924999237060547,16.837499618530273,16.887500762939453,37528188
2014-12-01,11.693920135498047,16.700000762939453,16.862499237060547,16.537500381469727,16.575000762939453,85131784
2014-12-02,11.518860816955566,16.450000762939453,16.625,16.412500381469727,16.587499618530273,78958344
2014-12-03,11.702672004699707,16.712499618530273,16.75,16.424999237060547,16.450000762939453,47463516
2014-12-04,11.74643611907959,16.774999618530273,16.862499237060547,16.774999618530273,16.8125,45464460
2014-12-05,11.702672004699707,16.712499618530273,16.774999618530273,16.6875,16.774999618530273,17272076
2014-12-08,11.615144729614258,16.587499618530273,16.762500762939453,16.587499618530273,16.762500762939453,30532132
2014-12-09,11.588885307312012,16.549999237060547,16.575000762939453,16.5,16.5625,18483124
2014-12-10,11.4313325881958,16.325000762939453,16.537500381469727,16.287500381469727,16.487499237060547,51407196
2014-12-11,11.422579765319824,16.3125,16.337499618530273,16.174999237060547,16.262500762939453,27680612
2014-12-12,11.4313325881958,16.325000762939453,16.375,16.287500381469727,16.3125,17910008
2014-12-15,11.396319389343262,16.274999618530273,16.274999618530273,16.125,16.1875,42249924
2014-12-16,11.30003833770752,16.137500762939453,16.25,16.137500762939453,16.200000762939453,50844120
2014-12-17,11.124979019165039,15.887499809265137,16.137500762939453,15.850000381469727,16.137500762939453,78301628
2014-12-18,11.151238441467285,15.925000190734863,16.024999618530273,15.912500381469727,15.987500190734863,34374168
2014-12-19,11.413824081420898,16.299999237060547,16.325000762939453,16.149999618530273,16.174999237060547,68770432
2014-12-22,11.553871154785156,16.5,16.5,16.325000762939453,16.337499618530273,29775832
2014-12-23,11.518860816955566,16.450000762939453,16.575000762939453,16.4375,16.537500381469727,20968028
2014-12-24,11.606392860412598,16.575000762939453,16.600000381469727,16.462499618530273,16.475000381469727,27829716
2014-12-25,11.606392860412598,16.575000762939453,16.600000381469727,16.537500381469727,16.587499618530273,17671056
2014-12-26,11.632647514343262,16.612499237060547,16.625,16.549999237060547,16.587499618530273,85253588
2014-12-29,11.763943672180176,16.799999237060547,16.825000762939453,16.637500762939453,16.649999618530273,44405508
2014-12-30,11.702672004699707,16.712499618530273,16.862499237060547,16.712499618530273,16.787500381469727,34335628
2014-12-31,11.702672004699707,16.712499618530273,16.75,16.649999618530273,16.700000762939453,29675536
2015-01-05,11.650155067443848,16.637500762939453,16.6875,16.5,16.600000381469727,25182448
2015-01-06,11.361308097839355,16.225000381469727,16.4375,16.1875,16.4375,78007304
2015-01-07,11.378813743591309,16.25,16.3125,16.174999237060547,16.174999237060547,27966168
2015-01-08,11.641400337219238,16.625,16.649999618530273,16.375,16.375,52614100
2015-01-09,11.580131530761719,16.537500381469727,16.737499237060547,16.512500762939453,16.725000381469727,23567924
2015-01-12,11.51010799407959,16.4375,16.537500381469727,16.412500381469727,16.450000762939453,36241316
2015-01-13,11.545119285583496,16.487499237060547,16.600000381469727,16.350000381469727,16.399999618530273,24606508
2015-01-14,11.48384952545166,16.399999618530273,16.512500762939453,16.350000381469727,16.5,28820956
2015-01-15,11.518860816955566,16.450000762939453,16.487499237060547,16.337499618530273,16.412500381469727,14102160
2015-01-16,11.466344833374023,16.375,16.600000381469727,16.337499618530273,16.5625,37270636
2015-01-19,11.597637176513672,16.5625,16.6875,16.512500762939453,16.575000762939453,70365356
2015-01-20,11.685166358947754,16.6875,16.725000381469727,16.587499618530273,16.625,40390900
2015-01-21,11.772693634033203,16.8125,16.825000762939453,16.75,16.799999237060547,70224444
2015-01-22,11.833968162536621,16.899999618530273,16.975000381469727,16.862499237060547,16.875,64500140
2015-01-23,12.026530265808105,17.174999237060547,17.174999237060547,17.0625,17.0625,143438740
2015-01-26,12.026530265808105,17.174999237060547,17.212499618530273,17.112499237060547,17.137500762939453,81841336
2015-01-27,12.105307579040527,17.287500381469727,17.3125,17.200000762939453,17.25,144869392
2015-01-28,12.105307579040527,17.287500381469727,17.299999237060547,17.200000762939453,17.200000762939453,143974480
2015-01-29,11.956507682800293,17.075000762939453,17.262500762939453,17.037500381469727,17.262500762939453,79161816
2015-01-30,11.903990745544434,17.0,17.149999618530273,17.0,17.149999618530273,17057896
2015-02-02,11.93025016784668,17.037500381469727,17.087499618530273,16.975000381469727,17.049999237060547,23243836
2015-02-03,12.017777442932129,17.162500381469727,17.212499618530273,17.024999618530273,17.087499618530273,66582092
2015-02-04,12.149073600769043,17.350000381469727,17.375,17.262500762939453,17.299999237060547,81430672
2015-02-05,12.09655475616455,17.274999618530273,17.3125,17.200000762939453,17.262500762939453,19134272
2015-02-06,12.035284042358398,17.1875,17.299999237060547,17.162500381469727,17.274999618530273,16431592
2015-02-09,11.991518020629883,17.125,17.1875,17.0625,17.1875,14049076
2015-02-10,11.947754859924316,17.0625,17.125,17.049999237060547,17.112499237060547,32092364
2015-02-11,12.079048156738281,17.25,17.3125,17.174999237060547,17.174999237060547,28797600
2015-02-12,12.079048156738281,17.25,17.299999237060547,17.200000762939453,17.25,37241548
2015-02-13,12.157825469970703,17.362499237060547,17.412500381469727,17.337499618530273,17.337499618530273,30399688
2015-02-24,12.297873497009277,17.5625,17.612499237060547,17.487499237060547,17.487499237060547,58198800
2015-02-25,12.39415454864502,17.700000762939453,17.725000381469727,17.637500762939453,17.674999237060547,93015684
2015-02-26,12.306626319885254,17.575000762939453,17.662500381469727,17.512500762939453,17.637500762939453,34754532
2015-03-02,12.254110336303711,17.5,17.637500762939453,17.4375,17.575000762939453,26357504
2015-03-03,12.236601829528809,17.475000381469727,17.524999618530273,17.375,17.512500762939453,20271732
2015-03-04,12.245353698730469,17.487499237060547,17.512500762939453,17.375,17.387500762939453,25658840
2015-03-05,12.201589584350586,17.424999237060547,17.5,17.337499618530273,17.487499237060547,15047544
2015-03-06,12.219098091125488,17.450000762939453,17.475000381469727,17.325000762939453,17.387500762939453,12269192
2015-03-09,12.09655475616455,17.274999618530273,17.375,17.225000381469727,17.362499237060547,29859988
2015-03-10,12.070294380187988,17.237499237060547,17.262500762939453,17.149999618530273,17.25,27833500
2015-03-11,12.087800979614258,17.262500762939453,17.287500381469727,17.075000762939453,17.087499618530273,40156992
2015-03-12,12.192838668823242,17.412500381469727,17.412500381469727,17.200000762939453,17.212499618530273,22841224
2015-03-13,12.157825469970703,17.362499237060547,17.4375,17.362499237060547,17.412500381469727,18110704
2015-03-16,12.061541557312012,17.225000381469727,17.337499618530273,17.212499618530273,17.337499618530273,24319908
2015-03-17,12.105307579040527,17.287500381469727,17.4375,17.25,17.299999237060547,28385376
2015-03-18,12.236601829528809,17.475000381469727,17.537500381469727,17.299999237060547,17.299999237060547,74484372
2015-03-19,12.367894172668457,17.662500381469727,17.725000381469727,17.5625,17.625,49954352
2015-03-20,12.35039234161377,17.637500762939453,17.662500381469727,17.600000381469727,17.662500381469727,17996276
2015-03-23,12.385400772094727,17.6875,17.725000381469727,17.612499237060547,17.637500762939453,30400712
2015-03-24,12.341636657714844,17.625,17.712499618530273,17.587499618530273,17.637500762939453,18018840
2015-03-25,12.297873497009277,17.5625,17.649999618530273,17.524999618530273,17.625,17835032
2015-03-26,12.149073600769043,17.350000381469727,17.424999237060547,17.287500381469727,17.350000381469727,38032500
2015-03-27,12.035284042358398,17.1875,17.350000381469727,17.162500381469727,17.350000381469727,40057776
2015-03-30,12.044037818908691,17.200000762939453,17.225000381469727,17.137500762939453,17.1875,41414268
2015-03-31,12.087800979614258,17.262500762939453,17.3125,17.200000762939453,17.25,30572136
2015-04-01,12.017777442932129,17.162500381469727,17.212499618530273,17.125,17.174999237060547,32936868
2015-04-02,12.166577339172363,17.375,17.4375,17.225000381469727,17.225000381469727,31203732
2015-04-07,12.184082984924316,17.399999618530273,17.424999237060547,17.337499618530273,17.387500762939453,13791888
2015-04-08,12.079048156738281,17.25,17.399999618530273,17.212499618530273,17.399999618530273,20279520
2015-04-09,12.09655475616455,17.274999618530273,17.462499618530273,17.237499237060547,17.25,24822068
2015-04-10,12.192838668823242,17.412500381469727,17.450000762939453,17.362499237060547,17.424999237060547,18401804
2015-04-13,12.2278470993042,17.462499618530273,17.487499237060547,17.412500381469727,17.475000381469727,16799036
2015-04-14,12.166577339172363,17.375,17.462499618530273,17.375,17.462499618530273,18250424
2015-04-15,12.017777442932129,17.162500381469727,17.375,17.100000381469727,17.3125,69067668
2015-04-16,12.201589584350586,17.424999237060547,17.424999237060547,17.225000381469727,17.237499237060547,63097896
2015-04-17,12.087800979614258,17.262500762939453,17.387500762939453,17.225000381469727,17.387500762939453,36948764
2015-04-20,12.070294380187988,17.237499237060547,17.287500381469727,17.137500762939453,17.174999237060547,38286004
2015-04-21,12.070294380187988,17.237499237060547,17.325000762939453,17.212499618530273,17.262500762939453,11457452
2015-04-22,12.192838668823242,17.412500381469727,17.450000762939453,17.3125,17.325000762939453,45247916
2015-04-23,12.516695976257324,17.875,17.875,17.537500381469727,17.549999237060547,97336372
2015-04-24,12.639238357543945,18.049999237060547,18.212499618530273,17.924999237060547,17.924999237060547,106108680
2015-04-27,12.73552131652832,18.1875,18.325000762939453,18.149999618530273,18.25,53126644
2015-04-28,12.709260940551758,18.149999618530273,18.274999618530273,18.087499618530273,18.212499618530273,65861048
2015-04-29,12.5692138671875,17.950000762939453,18.174999237060547,17.899999618530273,18.125,40298736
2015-04-30,12.50794506072998,17.862499237060547,17.950000762939453,17.787500381469727,17.899999618530273,27122128
2015-05-04,12.534199714660645,17.899999618530273,17.912500381469727,17.712499618530273,17.862499237060547,21525504
2015-05-05,12.464177131652832,17.799999237060547,17.850000381469727,17.725000381469727,17.850000381469727,27204200
2015-05-06,12.481681823730469,17.825000762939453,17.850000381469727,17.625,17.700000762939453,26413952
2015-05-07,12.332881927490234,17.612499237060547,17.700000762939453,17.537500381469727,17.700000762939453,40816896
2015-05-08,12.341636657714844,17.625,17.662500381469727,17.612499237060547,17.612499237060547,22589184
2015-05-11,12.402908325195312,17.712499618530273,17.799999237060547,17.575000762939453,17.75,44889028
2015-05-12,12.3766450881958,17.674999237060547,17.712499618530273,17.637500762939453,17.649999618530273,36256088
2015-05-13,12.446670532226562,17.774999618530273,17.799999237060547,17.674999237060547,17.674999237060547,27496332
2015-05-14,12.271613121032715,17.524999618530273,17.737499237060547,17.5,17.712499618530273,66081056
2015-05-15,12.254110336303711,17.5,17.587499618530273,17.424999237060547,17.575000762939453,46571468
2015-05-18,12.297873497009277,17.5625,17.575000762939453,17.5,17.512500762939453,12993168
2015-05-19,12.481681823730469,17.825000762939453,17.862499237060547,17.600000381469727,17.600000381469727,33833088
2015-05-20,12.39415454864502,17.700000762939453,17.8125,17.700000762939453,17.8125,30122424
2015-05-21,12.280366897583008,17.537500381469727,17.549999237060547,17.4375,17.537500381469727,46271728
2015-05-22,12.3766450881958,17.674999237060547,17.737499237060547,17.549999237060547,17.549999237060547,24611032
2015-05-25,12.3766450881958,17.674999237060547,17.737499237060547,17.575000762939453,17.612499237060547,9564232
2015-05-26,12.429166793823242,17.75,17.899999618530273,17.700000762939453,17.799999237060547,30085248
2015-05-27,12.455425262451172,17.787500381469727,17.825000762939453,17.674999237060547,17.712499618530273,23249432
2015-05-28,12.516695976257324,17.875,17.975000381469727,17.8125,17.9375,23160576
2015-05-29,12.446670532226562,17.774999618530273,17.924999237060547,17.762500762939453,17.924999237060547,19600592
2015-06-01,12.341636657714844,17.625,17.787500381469727,17.5625,17.774999618530273,31400892
2015-06-02,12.32413101196289,17.600000381469727,17.625,17.5,17.612499237060547,19469648
2015-06-03,12.245353698730469,17.487499237060547,17.600000381469727,17.475000381469727,17.575000762939453,26233216
2015-06-04,12.009026527404785,17.149999618530273,17.475000381469727,17.087499618530273,17.450000762939453,112729268
2015-06-05,11.982768058776855,17.112499237060547,17.149999618530273,17.049999237060547,17.125,60425224
2015-06-08,12.061541557312012,17.225000381469727,17.262500762939453,17.0,17.075000762939453,36376508
2015-06-09,11.965258598327637,17.087499618530273,17.149999618530273,17.0,17.125,73719804
2015-06-10,12.017777442932129,17.162500381469727,17.225000381469727,17.112499237060547,17.137500762939453,34667604
2015-06-11,12.052789688110352,17.212499618530273,17.225000381469727,17.100000381469727,17.200000762939453,29410284
2015-06-12,12.044037818908691,17.200000762939453,17.25,17.112499237060547,17.225000381469727,12703196
2015-06-15,12.017777442932129,17.162500381469727,17.25,17.125,17.200000762939453,15046464
2015-06-16,11.93900203704834,17.049999237060547,17.162500381469727,17.012500762939453,17.162500381469727,34726808
2015-06-17,11.991518020629883,17.125,17.1875,17.049999237060547,17.049999237060547,22258320
2015-06-18,11.97401237487793,17.100000381469727,17.137500762939453,17.049999237060547,17.112499237060547,42753080
2015-06-22,12.14031982421875,17.337499618530273,17.350000381469727,17.1875,17.1875,45240660
2015-06-23,12.175333023071289,17.387500762939453,17.462499618530273,17.337499618530273,17.387500762939453,21245052
2015-06-24,12.192838668823242,17.412500381469727,17.424999237060547,17.350000381469727,17.399999618530273,24508192
2015-06-25,12.332881927490234,17.612499237060547,17.662500381469727,17.5,17.5,55261700
2015-06-26,12.332881927490234,17.612499237060547,17.612499237060547,17.537500381469727,17.612499237060547,19706932
2015-06-29,12.044037818908691,17.200000762939453,17.399999618530273,17.1875,17.337499618530273,46304644
2015-06-30,12.149073600769043,17.350000381469727,17.350000381469727,17.200000762939453,17.200000762939453,16373960
2015-07-01,12.262859344482422,17.512500762939453,17.575000762939453,17.3125,17.350000381469727,24252684
2015-07-02,12.271613121032715,17.524999618530273,17.5625,17.462499618530273,17.549999237060547,17362688
2015-07-03,12.271613121032715,17.524999618530273,17.549999237060547,17.3125,17.5,31049856
2015-07-06,12.13156509399414,17.325000762939453,17.512500762939453,17.299999237060547,17.387500762939453,30338536
2015-07-07,12.184082984924316,17.399999618530273,17.524999618530273,17.362499237060547,17.412500381469727,18827676
2015-07-08,11.816461563110352,16.875,17.299999237060547,16.862499237060547,17.299999237060547,151599060
2015-07-09,11.74643611907959,16.774999618530273,16.837499618530273,16.524999618530273,16.700000762939453,132332512
2015-07-10,11.74643611907959,16.774999618530273,16.774999618530273,16.774999618530273,16.774999618530273,0
2015-07-13,11.921496391296387,17.024999618530273,17.024999618530273,16.799999237060547,17.0,63226916
2015-07-14,11.921496391296387,17.024999618530273,17.174999237060547,17.012500762939453,17.075000762939453,38474128
2015-07-15,11.947754859924316,17.0625,17.162500381469727,17.0,17.075000762939453,35462816
2015-07-16,12.009026527404785,17.149999618530273,17.237499237060547,17.049999237060547,17.149999618530273,27758332
2015-07-17,11.991518020629883,17.125,17.162500381469727,17.075000762939453,17.087499618530273,13728556
2015-07-20,11.903990745544434,17.0,17.299999237060547,16.950000762939453,17.25,31328176
2015-07-21,12.017777442932129,17.162500381469727,17.162500381469727,17.0,17.087499618530273,13454792
2015-07-22,11.86898136138916,16.950000762939453,17.075000762939453,16.924999237060547,17.049999237060547,56559756
2015-07-23,11.7551908493042,16.787500381469727,16.962499618530273,16.712499618530273,16.875,83924324
2015-07-24,11.685166358947754,16.6875,16.8125,16.625,16.762500762939453,79688192
2015-07-27,11.518860816955566,16.450000762939453,16.637500762939453,16.387500762939453,16.600000381469727,113785248
2015-07-28,11.52761459350586,16.462499618530273,16.575000762939453,16.375,16.4375,70075120
2015-07-29,11.44883918762207,16.350000381469727,16.475000381469727,16.274999618530273,16.475000381469727,73970396
2015-07-30,11.641400337219238,16.625,16.637500762939453,16.387500762939453,16.399999618530273,29895572
2015-07-31,11.580131530761719,16.537500381469727,16.637500762939453,16.450000762939453,16.625,44678108
2015-08-03,11.422579765319824,16.3125,16.475000381469727,16.225000381469727,16.475000381469727,63033688
2015-08-04,11.4313325881958,16.325000762939453,16.5,16.25,16.375,49241700
2015-08-05,11.501355171203613,16.424999237060547,16.5,16.325000762939453,16.387500762939453,39500416
2015-08-06,11.378813743591309,16.25,16.512500762939453,16.137500762939453,16.5,94483752
2015-08-07,11.326294898986816,16.174999237060547,16.25,16.049999237060547,16.125,27594688
2015-08-10,11.30003833770752,16.137500762939453,16.1875,16.0,16.149999618530273,40330104
2015-08-11,11.30003833770752,16.137500762939453,16.450000762939453,16.100000381469727,16.325000762939453,69645700
2015-08-12,11.107474327087402,15.862500190734863,16.112499237060547,15.75,16.0625,96875892
2015-08-13,11.124979019165039,15.887499809265137,15.975000381469727,15.837499618530273,15.862500190734863,64588420
2015-08-14,11.08121395111084,15.824999809265137,15.9375,15.787500381469727,15.862500190734863,33620136
2015-08-17,11.011192321777344,15.725000381469727,15.824999809265137,15.675000190734863,15.824999809265137,55411544
2015-08-18,10.949919700622559,15.637499809265137,15.824999809265137,15.612500190734863,15.75,39366724
2015-08-19,10.783613204956055,15.399999618530273,15.625,15.324999809265137,15.600000381469727,70382588
2015-08-20,10.748603820800781,15.350000381469727,15.462499618530273,15.237500190734863,15.3125,77317364
2015-08-21,10.46850872039795,14.949999809265137,15.1875,14.949999809265137,15.149999618530273,112305968
2015-08-24,10.065876007080078,14.375,14.774999618530273,13.850000381469727,14.774999618530273,245269636
2015-08-25,10.503520965576172,15.0,15.0,14.375,14.375,173951984
2015-08-26,10.56479263305664,15.087499618530273,15.125,14.662500381469727,14.824999809265137,68495612
2015-08-27,10.529778480529785,15.037500381469727,15.162500381469727,15.0,15.149999618530273,73305896
2015-08-28,10.818626403808594,15.449999809265137,15.475000381469727,15.25,15.25,74739296
2015-08-31,10.90615463256836,15.574999809265137,15.587499618530273,15.300000190734863,15.324999809265137,75831660
2015-09-01,10.8098726272583,15.4375,15.649999618530273,15.375,15.475000381469727,49362608
2015-09-02,10.871142387390137,15.524999618530273,15.574999809265137,15.237500190734863,15.274999618530273,72681908
2015-09-03,10.879898071289062,15.537500381469727,15.600000381469727,15.399999618530273,15.587499618530273,30175576
2015-09-04,10.739850997924805,15.337499618530273,15.637499809265137,15.337499618530273,15.537500381469727,63235844
2015-09-07,10.722344398498535,15.3125,15.574999809265137,15.274999618530273,15.324999809265137,40622104
2015-09-08,10.757355690002441,15.362500190734863,15.412500381469727,15.274999618530273,15.375,38568992
2015-09-09,11.230012893676758,16.037500381469727,16.037500381469727,15.662500381469727,15.662500381469727,96009052
2015-09-10,11.107474327087402,15.862500190734863,15.949999809265137,15.787500381469727,15.949999809265137,40739132
2015-09-11,11.116227149963379,15.875,15.925000190734863,15.762499809265137,15.824999809265137,31845168
2015-09-14,11.142484664916992,15.912500381469727,16.0,15.8125,15.975000381469727,17558684
2015-09-15,11.054956436157227,15.787500381469727,15.962499618530273,15.762499809265137,15.9375,23071448
2015-09-16,11.186248779296875,15.975000381469727,16.0,15.850000381469727,15.912500381469727,29691268
2015-09-17,11.378813743591309,16.25,16.287500381469727,16.125,16.125,51639404
2015-09-18,11.352556228637695,16.212499618530273,16.25,16.137500762939453,16.25,14028932
2015-09-21,11.107474327087402,15.862500190734863,16.024999618530273,15.800000190734863,16.012500762939453,39950376
2015-09-22,11.168743133544922,15.949999809265137,15.987500190734863,15.887499809265137,15.887499809265137,17323500
2015-09-23,10.91490650177002,15.587499618530273,15.800000190734863,15.550000190734863,15.800000190734863,40182412
2015-09-24,10.853638648986816,15.5,15.712499618530273,15.475000381469727,15.637499809265137,29459824
2015-09-25,10.897403717041016,15.5625,15.587499618530273,15.399999618530273,15.537500381469727,23928716
2015-09-29,10.897403717041016,15.5625,15.5625,15.5625,15.5625,0
2015-09-30,10.923663139343262,15.600000381469727,15.649999618530273,15.362500190734863,15.362500190734863,34296492
2015-10-01,11.133731842041016,15.899999618530273,15.925000190734863,15.550000190734863,15.649999618530273,47947396
2015-10-02,11.072464942932129,15.8125,15.899999618530273,15.774999618530273,15.837499618530273,30287628
2015-10-05,11.098719596862793,15.850000381469727,16.0,15.8125,15.949999809265137,21532752
2015-10-06,11.186248779296875,15.975000381469727,16.174999237060547,15.962499618530273,16.037500381469727,33202088
2015-10-07,11.352556228637695,16.212499618530273,16.212499618530273,15.975000381469727,15.975000381469727,34548176
2015-10-08,11.326294898986816,16.174999237060547,16.325000762939453,16.149999618530273,16.274999618530273,49441508
2015-10-12,11.475095748901367,16.387500762939453,16.475000381469727,16.262500762939453,16.262500762939453,69862572
2015-10-13,11.4313325881958,16.325000762939453,16.412500381469727,16.287500381469727,16.399999618530273,29959156
2015-10-14,11.387566566467285,16.262500762939453,16.325000762939453,16.237499237060547,16.325000762939453,28543832
2015-10-15,11.553871154785156,16.5,16.587499618530273,16.412500381469727,16.412500381469727,57431960
2015-10-16,11.51010799407959,16.4375,16.5,16.399999618530273,16.487499237060547,32757704
2015-10-19,11.545119285583496,16.487499237060547,16.549999237060547,16.424999237060547,16.5,29644636
2015-10-20,11.545119285583496,16.487499237060547,16.524999618530273,16.450000762939453,16.5,18107092
2015-10-21,11.466344833374023,16.375,16.537500381469727,16.350000381469727,16.524999618530273,45993828
2015-10-22,11.466344833374023,16.375,16.399999618530273,16.3125,16.325000762939453,32264944
2015-10-23,11.536368370056152,16.475000381469727,16.625,16.462499618530273,16.549999237060547,82751032
2015-10-26,11.653717994689941,16.137500762939453,16.212499618530273,16.112499237060547,16.125,48328160
2015-10-27,11.590529441833496,16.049999237060547,16.137500762939453,15.987500190734863,16.125,22892952
2015-10-28,11.509286880493164,15.9375,16.0625,15.899999618530273,16.049999237060547,20302760
2015-10-29,11.428044319152832,15.824999809265137,16.075000762939453,15.774999618530273,16.024999618530273,33655348
2015-10-30,11.409990310668945,15.800000190734863,15.862500190734863,15.699999809265137,15.824999809265137,23967300
2015-11-02,11.428044319152832,15.824999809265137,15.850000381469727,15.649999618530273,15.774999618530273,19325108
2015-11-03,11.608582496643066,16.075000762939453,16.100000381469727,15.949999809265137,15.949999809265137,37172988
2015-11-04,11.83425521850586,16.387500762939453,16.399999618530273,16.174999237060547,16.1875,66205444
2015-11-05,11.807174682617188,16.350000381469727,16.412500381469727,16.3125,16.412500381469727,23609368
2015-11-06,11.572474479675293,16.024999618530273,16.350000381469727,15.912500381469727,16.350000381469727,47662236
2015-11-09,11.491232872009277,15.912500381469727,16.087499618530273,15.899999618530273,16.0,22131276
2015-11-10,11.355831146240234,15.725000381469727,15.850000381469727,15.712499618530273,15.824999809265137,35388764
2015-11-11,11.220426559448242,15.537500381469727,15.75,15.487500190734863,15.725000381469727,65172616
2015-11-12,11.238478660583496,15.5625,15.600000381469727,15.462499618530273,15.550000190734863,56855872
2015-11-13,11.12113094329834,15.399999618530273,15.612500190734863,15.387499809265137,15.449999809265137,81538236
2015-11-16,11.039888381958008,15.287500381469727,15.324999809265137,15.149999618530273,15.300000190734863,53719004
2015-11-17,11.256534576416016,15.587499618530273,15.649999618530273,15.5,15.5,34913792
2015-11-18,11.085022926330566,15.350000381469727,15.587499618530273,15.300000190734863,15.587499618530273,59925748
2015-11-19,11.247504234313965,15.574999809265137,15.574999809265137,15.387499809265137,15.487500190734863,40525304
2015-11-20,11.247504234313965,15.574999809265137,15.625,15.512499809265137,15.587499618530273,21686748
2015-11-23,11.301668167114258,15.649999618530273,15.6875,15.537500381469727,15.649999618530273,13851312
2015-11-24,11.184317588806152,15.487500190734863,15.662500381469727,15.462499618530273,15.625,26393992
2015-11-25,11.184317588806152,15.487500190734863,15.524999618530273,15.375,15.462499618530273,23856544
2015-11-26,11.337775230407715,15.699999809265137,15.737500190734863,15.574999809265137,15.574999809265137,34569348
2015-11-27,11.184317588806152,15.487500190734863,15.725000381469727,15.449999809265137,15.725000381469727,25162904
2015-11-30,11.048913955688477,15.300000190734863,15.300000190734863,15.112500190734863,15.225000381469727,93074088
2015-12-01,11.2655611038208,15.600000381469727,15.612500190734863,15.362500190734863,15.425000190734863,33639916
2015-12-02,11.247504234313965,15.574999809265137,15.6875,15.537500381469727,15.612500190734863,25444828
2015-12-03,11.2655611038208,15.600000381469727,15.637499809265137,15.425000190734863,15.475000381469727,24260312
2015-12-04,11.148211479187012,15.4375,15.487500190734863,15.350000381469727,15.487500190734863,60194600
2015-12-07,11.283614158630371,15.625,15.75,15.550000190734863,15.550000190734863,59257732
2015-12-08,11.103075981140137,15.375,15.574999809265137,15.300000190734863,15.5625,36803436
2015-12-09,10.967671394348145,15.1875,15.337499618530273,15.175000190734863,15.300000190734863,64357768
2015-12-10,10.93156623840332,15.137499809265137,15.1875,14.9375,15.100000381469727,66464068
2015-12-11,10.805188179016113,14.962499618530273,15.175000190734863,14.949999809265137,15.137499809265137,55343128
2015-12-14,10.723946571350098,14.850000381469727,14.912500381469727,14.75,14.8125,38114844
2015-12-15,10.732973098754883,14.862500190734863,15.012499809265137,14.837499618530273,14.925000190734863,27187368
2015-12-16,10.895456314086914,15.087499618530273,15.100000381469727,14.925000190734863,15.0,26121188
2015-12-17,11.021834373474121,15.262499809265137,15.262499809265137,15.087499618530273,15.137499809265137,30436996
2015-12-18,10.967671394348145,15.1875,15.3125,15.125,15.212499618530273,19572584
2015-12-21,10.949621200561523,15.162500381469727,15.1875,14.975000381469727,15.012499809265137,17362548
2015-12-22,10.976701736450195,15.199999809265137,15.225000381469727,15.100000381469727,15.175000190734863,20554364
2015-12-23,10.99475383758545,15.225000381469727,15.324999809265137,15.199999809265137,15.237500190734863,29054268
2015-12-24,11.048913955688477,15.300000190734863,15.412500381469727,15.300000190734863,15.337499618530273,33825888
2015-12-25,11.12113094329834,15.399999618530273,15.399999618530273,15.300000190734863,15.300000190734863,26184032
2015-12-28,11.094048500061035,15.362500190734863,15.425000190734863,15.350000381469727,15.425000190734863,13797212
2015-12-29,11.012805938720703,15.25,15.350000381469727,15.199999809265137,15.350000381469727,15866208
2015-12-30,10.93156623840332,15.137499809265137,15.287500381469727,15.112500190734863,15.287500381469727,29049864
2015-12-31,10.967671394348145,15.1875,15.237500190734863,15.125,15.137499809265137,15577916
2016-01-04,10.75102710723877,14.887499809265137,15.237500190734863,14.762499809265137,15.199999809265137,67712252
2016-01-05,10.660757064819336,14.762499809265137,14.9375,14.712499618530273,14.875,87135876
2016-01-06,10.552433967590332,14.612500190734863,14.762499809265137,14.475000381469727,14.762499809265137,115758200
2016-01-07,10.353842735290527,14.337499618530273,14.574999809265137,14.175000190734863,14.574999809265137,159849204
2016-01-08,10.371899604797363,14.362500190734863,14.425000190734863,14.212499618530273,14.25,101802936
2016-01-11,10.2094144821167,14.137499809265137,14.237500190734863,14.0,14.225000381469727,97425076
2016-01-12,10.200387001037598,14.125,14.25,14.074999809265137,14.199999809265137,70599544
2016-01-13,10.31773853302002,14.287500381469727,14.375,14.1875,14.25,47393728
2016-01-14,10.236494064331055,14.175000190734863,14.175000190734863,13.962499618530273,14.125,61949440
2016-01-15,10.236494064331055,14.175000190734863,14.375,14.0625,14.274999618530273,83391512
2016-01-18,10.308708190917969,14.274999618530273,14.324999809265137,13.949999809265137,13.975000381469727,52057360
2016-01-19,10.335790634155273,14.3125,14.3125,14.162500381469727,14.25,32443260
2016-01-20,10.092066764831543,13.975000381469727,14.212499618530273,13.899999618530273,14.212499618530273,90753472
2016-01-21,10.07400894165039,13.949999809265137,14.074999809265137,13.899999618530273,14.024999618530273,41800220
2016-01-22,10.2094144821167,14.137499809265137,14.149999618530273,14.0,14.087499618530273,55774064
2016-01-25,10.389951705932617,14.387499809265137,14.449999809265137,14.25,14.25,51092780
2016-01-26,10.290657043457031,14.25,14.287500381469727,14.175000190734863,14.25,30335480
2016-01-27,10.335790634155273,14.3125,14.362500190734863,14.237500190734863,14.350000381469727,36404484
2016-01-28,10.389951705932617,14.387499809265137,14.4375,14.25,14.287500381469727,40899440
2016-01-29,10.651732444763184,14.75,14.774999618530273,14.3125,14.375,80830444
2016-02-01,10.75102710723877,14.887499809265137,14.899999618530273,14.774999618530273,14.875,31870400
2016-02-02,10.714920997619629,14.837499618530273,14.887499809265137,14.75,14.862500190734863,18337108
2016-02-03,10.642704963684082,14.737500190734863,14.8125,14.649999618530273,14.75,27961676
2016-02-15,10.651732444763184,14.75,14.774999618530273,14.524999618530273,14.574999809265137,28885644
2016-02-16,10.877403259277344,15.0625,15.087499618530273,14.774999618530273,14.774999618530273,71289676
2016-02-17,10.823243141174316,14.987500190734863,15.125,14.987500190734863,15.100000381469727,49894088
2016-02-18,10.99475383758545,15.225000381469727,15.287500381469727,15.125,15.199999809265137,67946956
2016-02-19,10.985725402832031,15.212499618530273,15.262499809265137,15.149999618530273,15.199999809265137,45409724
2016-02-22,10.976701736450195,15.199999809265137,15.399999618530273,15.137499809265137,15.212499618530273,46457612
2016-02-23,10.985725402832031,15.212499618530273,15.287500381469727,15.175000190734863,15.25,19664720
2016-02-24,10.886430740356445,15.074999809265137,15.324999809265137,15.050000190734863,15.199999809265137,31057392
2016-02-25,11.030861854553223,15.274999618530273,15.337499618530273,15.125,15.149999618530273,67735880
2016-02-26,11.057942390441895,15.3125,15.425000190734863,15.225000381469727,15.337499618530273,58052368
2016-03-01,11.166263580322266,15.462499618530273,15.487500190734863,15.274999618530273,15.3125,68947384
2016-03-02,11.256534576416016,15.587499618530273,15.6875,15.5625,15.587499618530273,91482164
2016-03-03,11.364856719970703,15.737500190734863,15.824999809265137,15.587499618530273,15.587499618530273,130410920
2016-03-04,11.391937255859375,15.774999618530273,15.824999809265137,15.6875,15.725000381469727,96203100
2016-03-07,11.391937255859375,15.774999618530273,15.925000190734863,15.725000381469727,15.800000190734863,85990856
2016-03-08,11.382908821105957,15.762499809265137,15.774999618530273,15.625,15.75,54539440
2016-03-09,11.391937255859375,15.774999618530273,15.787500381469727,15.662500381469727,15.762499809265137,32389496
2016-03-10,11.419018745422363,15.8125,15.850000381469727,15.712499618530273,15.762499809265137,85411112
2016-03-11,11.473179817199707,15.887499809265137,15.9375,15.762499809265137,15.800000190734863,90729384
2016-03-14,11.55441951751709,16.0,16.0625,15.987500190734863,16.0,103327276
2016-03-15,11.382908821105957,15.762499809265137,16.024999618530273,15.75,16.0,75622432
2016-03-16,11.482203483581543,15.899999618530273,15.9375,15.837499618530273,15.837499618530273,145109572
2016-03-17,11.608582496643066,16.075000762939453,16.225000381469727,16.012500762939453,16.137500762939453,80125676
2016-03-18,11.680795669555664,16.174999237060547,16.212499618530273,16.075000762939453,16.100000381469727,124480816
2016-03-21,11.662742614746094,16.149999618530273,16.262500762939453,16.049999237060547,16.225000381469727,24227168
2016-03-22,11.62663745880127,16.100000381469727,16.137500762939453,15.962499618530273,16.087499618530273,32722016
2016-03-23,11.617609024047852,16.087499618530273,16.212499618530273,16.0625,16.100000381469727,47987940
2016-03-24,11.617609024047852,16.087499618530273,16.125,15.925000190734863,16.0625,34123088
2016-03-25,11.563446998596191,16.012500762939453,16.125,15.987500190734863,16.125,15258532
2016-03-28,11.572474479675293,16.024999618530273,16.100000381469727,15.949999809265137,16.012500762939453,29387992
2016-03-29,11.491232872009277,15.912500381469727,16.075000762939453,15.875,16.0,42966584
2016-03-30,11.680795669555664,16.174999237060547,16.225000381469727,16.0,16.012500762939453,116474352
2016-03-31,11.671769142150879,16.162500381469727,16.350000381469727,16.112499237060547,16.274999618530273,64187836
2016-04-01,11.536368370056152,15.975000381469727,16.087499618530273,15.899999618530273,16.0625,18617456
2016-04-06,11.2655611038208,15.600000381469727,15.824999809265137,15.587499618530273,15.824999809265137,35828700
2016-04-07,11.220426559448242,15.537500381469727,15.625,15.399999618530273,15.625,80898456
2016-04-08,11.328747749328613,15.6875,15.699999809265137,15.449999809265137,15.449999809265137,27010928
2016-04-11,11.373883247375488,15.75,15.774999618530273,15.537500381469727,15.625,21421640
2016-04-12,11.364856719970703,15.737500190734863,15.875,15.6875,15.762499809265137,11015460
2016-04-13,11.563446998596191,16.012500762939453,16.049999237060547,15.8125,15.8125,47386028
2016-04-14,11.599555969238281,16.0625,16.149999618530273,16.024999618530273,16.100000381469727,32500628
2016-04-15,11.599555969238281,16.0625,16.075000762939453,15.887499809265137,15.949999809265137,46693960
2016-04-18,11.527337074279785,15.962499618530273,16.049999237060547,15.962499618530273,16.012500762939453,8582916
2016-04-19,11.482203483581543,15.899999618530273,16.162500381469727,15.875,16.075000762939453,23364776
2016-04-20,11.310694694519043,15.662500381469727,16.024999618530273,15.637499809265137,15.875,35926052
2016-04-21,11.364856719970703,15.737500190734863,15.787500381469727,15.637499809265137,15.725000381469727,12388568
2016-04-22,11.409990310668945,15.800000190734863,15.850000381469727,15.699999809265137,15.737500190734863,10740744
2016-04-25,11.419018745422363,15.8125,15.837499618530273,15.725000381469727,15.800000190734863,11457840
2016-04-26,11.464152336120605,15.875,15.975000381469727,15.774999618530273,15.774999618530273,19579076
2016-04-27,11.446097373962402,15.850000381469727,15.899999618530273,15.75,15.800000190734863,9880480
2016-04-28,11.2655611038208,15.600000381469727,15.887499809265137,15.537500381469727,15.875,41286844
2016-04-29,11.12113094329834,15.399999618530273,15.5,15.337499618530273,15.462499618530273,29067032
2016-05-03,10.967671394348145,15.1875,15.399999618530273,15.175000190734863,15.399999618530273,38846508
2016-05-04,10.850321769714355,15.024999618530273,15.212499618530273,14.949999809265137,15.1875,58016552
2016-05-05,10.868377685546875,15.050000190734863,15.0625,14.912500381469727,15.024999618530273,58365476
2016-05-06,10.778106689453125,14.925000190734863,15.0,14.862500190734863,15.0,88018576
2016-05-09,10.778106689453125,14.925000190734863,15.0,14.850000381469727,14.975000381469727,57996284
2016-05-10,10.832269668579102,15.0,15.050000190734863,14.850000381469727,14.925000190734863,52610572
2016-05-11,10.805188179016113,14.962499618530273,15.074999809265137,14.887499809265137,15.050000190734863,76214200
2016-05-12,10.796159744262695,14.949999809265137,15.0,14.912500381469727,14.925000190734863,53589268
2016-05-13,10.678812026977539,14.787500381469727,14.887499809265137,14.75,14.887499809265137,118674476
2016-05-16,10.760054588317871,14.899999618530273,14.925000190734863,14.774999618530273,14.787500381469727,26582164
2016-05-17,10.841296195983887,15.012499809265137,15.024999618530273,14.8125,14.912500381469727,49379568
2016-05-18,10.823243141174316,14.987500190734863,15.0,14.8125,14.925000190734863,34319828
2016-05-19,10.769083023071289,14.912500381469727,15.012499809265137,14.824999809265137,15.0,32201988
2016-05-20,10.832269668579102,15.0,15.074999809265137,14.899999618530273,14.962499618530273,32504416
2016-05-23,11.193345069885254,15.5,15.5,14.962499618530273,15.024999618530273,86657260
2016-05-24,11.075996398925781,15.337499618530273,15.462499618530273,15.337499618530273,15.4375,25671360
2016-05-25,11.193345069885254,15.5,15.5625,15.4375,15.4375,103435004
2016-05-26,11.220426559448242,15.537500381469727,15.537500381469727,15.449999809265137,15.512499809265137,104179588
2016-05-27,11.301668167114258,15.649999618530273,15.662500381469727,15.550000190734863,15.600000381469727,103038856
2016-05-30,11.400965690612793,15.787500381469727,15.837499618530273,15.625,15.649999618530273,107648932
2016-05-31,11.400965690612793,15.787500381469727,15.837499618530273,15.699999809265137,15.762499809265137,34715948
2016-06-01,11.500261306762695,15.925000190734863,15.962499618530273,15.737500190734863,15.737500190734863,100006512
2016-06-02,11.500261306762695,15.925000190734863,16.012500762939453,15.850000381469727,15.925000190734863,54885488
2016-06-03,11.527337074279785,15.962499618530273,16.0,15.899999618530273,15.899999618530273,47172268
2016-06-06,11.563446998596191,16.012500762939453,16.149999618530273,15.912500381469727,16.0,51965784
2016-06-07,11.716904640197754,16.225000381469727,16.237499237060547,16.075000762939453,16.075000762939453,123350308
2016-06-08,11.780094146728516,16.3125,16.387500762939453,16.25,16.25,104258364
2016-06-13,11.509286880493164,15.9375,16.112499237060547,15.925000190734863,16.075000762939453,38080492
2016-06-14,11.581500053405762,16.037500381469727,16.049999237060547,15.875,15.875,25647780
2016-06-15,11.599555969238281,16.0625,16.100000381469727,15.899999618530273,16.037500381469727,90333460
2016-06-16,11.437070846557617,15.837499618530273,16.024999618530273,15.75,16.024999618530273,35996524
2016-06-17,11.563446998596191,16.012500762939453,16.100000381469727,15.962499618530273,15.962499618530273,23235888
2016-06-20,11.64469051361084,16.125,16.162500381469727,16.087499618530273,16.125,41230268
2016-06-21,11.689823150634766,16.1875,16.237499237060547,16.112499237060547,16.125,72453344
2016-06-22,11.725930213928223,16.237499237060547,16.237499237060547,16.137500762939453,16.1875,42227324
2016-06-23,11.698853492736816,16.200000762939453,16.212499618530273,16.137500762939453,16.200000762939453,128753308
2016-06-24,11.391937255859375,15.774999618530273,16.225000381469727,15.512499809265137,16.1875,126660260
2016-06-27,11.509286880493164,15.9375,15.9375,15.75,15.800000190734863,19725056
2016-06-28,11.55441951751709,16.0,16.012500762939453,15.762499809265137,15.774999618530273,21382312
2016-06-29,11.680795669555664,16.174999237060547,16.25,16.037500381469727,16.037500381469727,36405632
2016-06-30,11.81619930267334,16.362499237060547,16.362499237060547,16.162500381469727,16.287500381469727,101380544
2016-07-01,11.960630416870117,16.5625,16.600000381469727,16.412500381469727,16.462499618530273,122673720
2016-07-04,11.969658851623535,16.575000762939453,16.6875,16.5,16.524999618530273,39958748
2016-07-05,11.933549880981445,16.524999618530273,16.5625,16.462499618530273,16.549999237060547,23991848
2016-07-06,11.716904640197754,16.225000381469727,16.399999618530273,16.174999237060547,16.399999618530273,34922552
2016-07-07,11.861336708068848,16.424999237060547,16.4375,16.337499618530273,16.362499237060547,26350232
2016-07-08,11.861336708068848,16.424999237060547,16.424999237060547,16.424999237060547,16.424999237060547,0
2016-07-11,12.096034049987793,16.75,16.8125,16.674999237060547,16.674999237060547,88833128
2016-07-12,12.204358100891113,16.899999618530273,16.899999618530273,16.787500381469727,16.787500381469727,61589704
2016-07-13,12.21338176727295,16.912500381469727,16.975000381469727,16.774999618530273,16.962499618530273,37739664
2016-07-14,12.222410202026367,16.924999237060547,16.962499618530273,16.825000762939453,16.875,40439392
2016-07-15,12.366841316223145,17.125,17.125,16.950000762939453,16.950000762939453,62172584
2016-07-18,12.484190940856934,17.287500381469727,17.287500381469727,17.112499237060547,17.112499237060547,147391620
2016-07-19,12.502243041992188,17.3125,17.325000762939453,17.200000762939453,17.299999237060547,68182348
2016-07-20,12.493216514587402,17.299999237060547,17.325000762939453,17.200000762939453,17.25,98872448
2016-07-21,12.556407928466797,17.387500762939453,17.475000381469727,17.337499618530273,17.362499237060547,39920284
2016-07-22,12.511272430419922,17.325000762939453,17.424999237060547,17.299999237060547,17.387500762939453,13060376
2016-07-25,12.457110404968262,17.25,17.487499237060547,17.087499618530273,17.375,46705892
2016-07-26,12.529326438903809,17.350000381469727,17.350000381469727,17.212499618530273,17.25,52849320
2016-07-27,12.583483695983887,17.424999237060547,17.487499237060547,17.375,17.412500381469727,44472784
2016-07-28,12.620041847229004,17.262500762939453,17.3125,17.149999618530273,17.25,45809772
2016-07-29,12.528656959533691,17.137500762939453,17.299999237060547,17.137500762939453,17.212499618530273,77561492
2016-08-01,12.66573429107666,17.325000762939453,17.362499237060547,17.200000762939453,17.200000762939453,41629484
2016-08-02,12.66573429107666,17.325000762939453,17.350000381469727,17.274999618530273,17.3125,28467896
2016-08-03,12.565211296081543,17.1875,17.225000381469727,17.012500762939453,17.125,55204428
2016-08-04,12.592623710632324,17.225000381469727,17.237499237060547,17.087499618530273,17.212499618530273,42698796
2016-08-05,12.720561027526855,17.399999618530273,17.4375,17.225000381469727,17.274999618530273,49691456
2016-08-08,12.802807807922363,17.512500762939453,17.5625,17.424999237060547,17.5,31611788
2016-08-09,12.86677360534668,17.600000381469727,17.612499237060547,17.487499237060547,17.5,46273940
2016-08-10,12.903326034545898,17.649999618530273,17.649999618530273,17.512500762939453,17.575000762939453,25991192
2016-08-11,12.784526824951172,17.487499237060547,17.637500762939453,17.362499237060547,17.549999237060547,43613680
2016-08-12,12.830220222473145,17.549999237060547,17.625,17.512500762939453,17.537500381469727,21034824
2016-08-15,12.857635498046875,17.587499618530273,17.625,17.475000381469727,17.549999237060547,19189900
2016-08-16,12.784526824951172,17.487499237060547,17.625,17.424999237060547,17.575000762939453,17727968
2016-08-17,12.802807807922363,17.512500762939453,17.524999618530273,17.4375,17.475000381469727,35701440
2016-08-18,12.77539348602295,17.475000381469727,17.537500381469727,17.450000762939453,17.5,13100136
2016-08-19,12.647454261779785,17.299999237060547,17.612499237060547,17.299999237060547,17.475000381469727,33199204
2016-08-22,12.556072235107422,17.174999237060547,17.287500381469727,17.112499237060547,17.25,28333644
2016-08-23,12.68401050567627,17.350000381469727,17.399999618530273,17.225000381469727,17.225000381469727,28336036
2016-08-24,12.647454261779785,17.299999237060547,17.387500762939453,17.299999237060547,17.337499618530273,20285916
2016-08-25,12.793668746948242,17.5,17.537500381469727,17.325000762939453,17.325000762939453,32090272
2016-08-26,12.811944961547852,17.524999618530273,17.575000762939453,17.450000762939453,17.487499237060547,11967756
2016-08-29,12.802807807922363,17.512500762939453,17.537500381469727,17.299999237060547,17.475000381469727,14219696
2016-08-30,12.793668746948242,17.5,17.5625,17.450000762939453,17.5,15164888
2016-08-31,12.68401050567627,17.350000381469727,17.512500762939453,17.325000762939453,17.462499618530273,20824324
2016-09-01,12.620041847229004,17.262500762939453,17.325000762939453,17.149999618530273,17.325000762939453,23860716
2016-09-02,12.638317108154297,17.287500381469727,17.325000762939453,17.200000762939453,17.274999618530273,10461928
2016-09-05,12.848499298095703,17.575000762939453,17.575000762939453,17.450000762939453,17.450000762939453,34092164
2016-09-06,12.949017524719238,17.712499618530273,17.725000381469727,17.5625,17.5625,29371884
2016-09-07,13.131783485412598,17.962499618530273,17.975000381469727,17.737499237060547,17.737499237060547,38747108
2016-09-08,13.08609676361084,17.899999618530273,17.950000762939453,17.850000381469727,17.950000762939453,18697316
2016-09-09,12.86677360534668,17.600000381469727,17.725000381469727,17.587499618530273,17.725000381469727,20921496
2016-09-12,12.58348560333252,17.212499618530273,17.337499618530273,17.174999237060547,17.337499618530273,28945744
2016-09-13,12.58348560333252,17.212499618530273,17.299999237060547,17.049999237060547,17.274999618530273,28493144
2016-09-14,12.510380744934082,17.112499237060547,17.262500762939453,17.112499237060547,17.125,22496644
2016-09-19,12.976434707641602,17.75,17.75,17.350000381469727,17.350000381469727,39551620
2016-09-20,12.958160400390625,17.725000381469727,17.75,17.649999618530273,17.725000381469727,11180720
2016-09-21,13.022126197814941,17.8125,17.837499618530273,17.637500762939453,17.6875,48624876
2016-09-22,13.049546241760254,17.850000381469727,18.0,17.8125,17.975000381469727,19717528
2016-09-23,13.140924453735352,17.975000381469727,17.975000381469727,17.850000381469727,17.875,16862952
2016-09-26,12.976434707641602,17.75,17.875,17.75,17.875,14946312
2016-09-27,12.976434707641602,17.75,17.75,17.75,17.75,0
2016-09-28,12.976434707641602,17.75,17.75,17.75,17.75,0
2016-09-29,13.140924453735352,17.975000381469727,18.037500381469727,17.850000381469727,17.962499618530273,38497932
2016-09-30,12.967293739318848,17.737499237060547,17.837499618530273,17.700000762939453,17.787500381469727,23375756
2016-10-03,13.058676719665527,17.862499237060547,17.899999618530273,17.774999618530273,17.799999237060547,15552136
2016-10-04,13.113511085510254,17.9375,17.9375,17.825000762939453,17.862499237060547,20679396
2016-10-05,13.067817687988281,17.875,17.962499618530273,17.862499237060547,17.899999618530273,11353240
2016-10-06,13.104369163513184,17.924999237060547,17.9375,17.862499237060547,17.924999237060547,8287072
2016-10-07,13.095230102539062,17.912500381469727,17.950000762939453,17.899999618530273,17.899999618530273,12213700
2016-10-11,13.058676719665527,17.862499237060547,18.112499237060547,17.799999237060547,18.087499618530273,27783292
2016-10-12,13.204890251159668,18.0625,18.075000762939453,17.837499618530273,17.875,24228792
2016-10-13,13.104369163513184,17.924999237060547,18.075000762939453,17.862499237060547,18.049999237060547,21819768
2016-10-14,13.058676719665527,17.862499237060547,17.975000381469727,17.825000762939453,17.825000762939453,14532872
2016-10-17,13.058676719665527,17.862499237060547,17.899999618530273,17.649999618530273,17.862499237060547,17688392
2016-10-18,13.15006160736084,17.987499237060547,17.987499237060547,17.825000762939453,17.875,14479784
2016-10-19,13.223169326782227,18.087499618530273,18.149999618530273,18.0,18.0,86301328
2016-10-20,13.277998924255371,18.162500381469727,18.1875,18.087499618530273,18.087499618530273,19344128
2016-10-21,13.268861770629883,18.149999618530273,18.262500762939453,18.137500762939453,18.162500381469727,16938960
2016-10-24,13.287137985229492,18.174999237060547,18.237499237060547,18.149999618530273,18.212499618530273,13060488
2016-10-25,13.415072441101074,18.350000381469727,18.375,18.212499618530273,18.212499618530273,14863092
2016-10-26,13.34196662902832,18.25,18.287500381469727,18.225000381469727,18.25,11473816
2016-10-27,13.268861770629883,18.149999618530273,18.287500381469727,18.100000381469727,18.25,12681616
2016-10-28,13.268861770629883,18.149999618530273,18.1875,18.112499237060547,18.149999618530273,17100148
2016-10-31,13.268861770629883,18.149999618530273,18.174999237060547,17.924999237060547,18.0625,21856584
2016-11-01,13.268861770629883,18.149999618530273,18.149999618530273,18.024999618530273,18.0625,8097348
2016-11-02,13.113511085510254,17.9375,18.0,17.899999618530273,17.987499237060547,22009916
2016-11-03,13.012986183166504,17.799999237060547,17.899999618530273,17.774999618530273,17.862499237060547,18218928
2016-11-04,12.976434707641602,17.75,17.799999237060547,17.712499618530273,17.75,17385484
2016-11-07,13.15920352935791,18.0,18.0,17.862499237060547,17.950000762939453,12941500
2016-11-08,13.223169326782227,18.087499618530273,18.100000381469727,18.0,18.037500381469727,10776436
2016-11-09,12.793668746948242,17.5,18.262500762939453,17.5,18.212499618530273,79746700
2016-11-10,13.15920352935791,18.0,18.024999618530273,17.9375,17.950000762939453,26798796
2016-11-11,12.802807807922363,17.512500762939453,17.674999237060547,17.487499237060547,17.587499618530273,33503324
2016-11-14,12.811944961547852,17.524999618530273,17.575000762939453,17.362499237060547,17.487499237060547,28468604
2016-11-15,12.77539348602295,17.475000381469727,17.524999618530273,17.4375,17.450000762939453,16062736
2016-11-16,12.793668746948242,17.5,17.625,17.487499237060547,17.549999237060547,98998440
2016-11-17,12.830220222473145,17.549999237060547,17.549999237060547,17.4375,17.5,13253944
2016-11-18,12.86677360534668,17.600000381469727,17.600000381469727,17.475000381469727,17.524999618530273,8478156
2016-11-21,12.885050773620605,17.625,17.625,17.524999618530273,17.575000762939453,10599960
2016-11-22,13.058676719665527,17.862499237060547,17.912500381469727,17.6875,17.6875,21175128
2016-11-23,13.122649192810059,17.950000762939453,17.975000381469727,17.862499237060547,17.875,7630868
2016-11-24,13.049546241760254,17.850000381469727,17.899999618530273,17.799999237060547,17.899999618530273,9213640
2016-11-25,13.04040241241455,17.837499618530273,17.912500381469727,17.8125,17.837499618530273,10597000
2016-11-28,13.113511085510254,17.9375,18.0,17.837499618530273,17.837499618530273,10584196
2016-11-29,13.095230102539062,17.912500381469727,18.0,17.912500381469727,17.975000381469727,5671484
2016-11-30,13.104369163513184,17.924999237060547,17.975000381469727,17.875,17.924999237060547,7673300
2016-12-01,13.15920352935791,18.0,18.024999618530273,17.899999618530273,17.899999618530273,7823268
2016-12-02,13.012986183166504,17.799999237060547,17.799999237060547,17.725000381469727,17.799999237060547,13230792
2016-12-05,12.994710922241211,17.774999618530273,17.799999237060547,17.700000762939453,17.799999237060547,5552676
2016-12-06,13.15920352935791,18.0,18.049999237060547,17.9375,17.950000762939453,9743816
2016-12-07,13.15920352935791,18.0,18.087499618530273,17.975000381469727,18.049999237060547,5869508
2016-12-08,13.323692321777344,18.225000381469727,18.25,18.075000762939453,18.075000762939453,24342380
2016-12-09,13.369380950927734,18.287500381469727,18.299999237060547,18.237499237060547,18.262500762939453,21673124
2016-12-12,13.314553260803223,18.212499618530273,18.387500762939453,18.1875,18.325000762939453,12834224
2016-12-13,13.3328275680542,18.237499237060547,18.25,18.162500381469727,18.212499618530273,10194560
2016-12-14,13.360244750976562,18.274999618530273,18.325000762939453,18.225000381469727,18.299999237060547,11311920
2016-12-15,13.34196662902832,18.25,18.25,18.100000381469727,18.137500762939453,12071144
2016-12-16,13.214032173156738,18.075000762939453,18.200000762939453,18.075000762939453,18.200000762939453,8593712
2016-12-19,13.131783485412598,17.962499618530273,18.075000762939453,17.962499618530273,18.0625,10723840
2016-12-20,13.113511085510254,17.9375,17.987499237060547,17.887500762939453,17.987499237060547,8119164
2016-12-21,13.104369163513184,17.924999237060547,17.962499618530273,17.875,17.9375,37284788
2016-12-22,12.939881324768066,17.700000762939453,17.887500762939453,17.700000762939453,17.887500762939453,19886148
2016-12-23,12.894190788269043,17.637500762939453,17.712499618530273,17.587499618530273,17.649999618530273,20503824
2016-12-26,12.939881324768066,17.700000762939453,17.700000762939453,17.637500762939453,17.662500381469727,8419716
2016-12-27,12.930743217468262,17.6875,17.725000381469727,17.662500381469727,17.700000762939453,9977116
2016-12-28,13.08609676361084,17.899999618530273,17.899999618530273,17.712499618530273,17.712499618530273,14744040
2016-12-29,13.022126197814941,17.8125,17.862499237060547,17.799999237060547,17.862499237060547,7644424
2016-12-30,13.122649192810059,17.950000762939453,18.0,17.887500762939453,17.912500381469727,10905812
2017-01-03,13.140924453735352,17.975000381469727,17.975000381469727,17.875,17.924999237060547,9325724
2017-01-04,13.131783485412598,17.962499618530273,18.024999618530273,17.9375,18.0,17136780
2017-01-05,13.250585556030273,18.125,18.125,17.950000762939453,17.962499618530273,18294400
2017-01-06,13.277998924255371,18.162500381469727,18.1875,18.112499237060547,18.112499237060547,15011992
2017-01-09,13.241443634033203,18.112499237060547,18.237499237060547,18.075000762939453,18.1875,20153160
2017-01-10,13.232308387756348,18.100000381469727,18.149999618530273,18.100000381469727,18.112499237060547,7431412
2017-01-11,13.232308387756348,18.100000381469727,18.212499618530273,18.100000381469727,18.200000762939453,7592212
2017-01-12,13.369380950927734,18.287500381469727,18.325000762939453,18.149999618530273,18.149999618530273,19429836
2017-01-13,13.268861770629883,18.149999618530273,18.200000762939453,18.149999618530273,18.200000762939453,15639440
2017-01-16,13.15920352935791,18.0,18.100000381469727,17.950000762939453,18.100000381469727,9673756
2017-01-17,13.214032173156738,18.075000762939453,18.100000381469727,18.0,18.0,6290964
2017-01-18,13.186615943908691,18.037500381469727,18.049999237060547,18.012500762939453,18.049999237060547,15351272
2017-01-19,13.15006160736084,17.987499237060547,18.024999618530273,17.899999618530273,17.962499618530273,16262236
2017-01-20,13.186615943908691,18.037500381469727,18.0625,17.987499237060547,17.987499237060547,9688696
2017-01-23,13.296277046203613,18.1875,18.25,18.137500762939453,18.137500762939453,23860356
2017-01-24,13.396798133850098,18.325000762939453,18.325000762939453,18.225000381469727,18.25,18300416
2017-02-02,13.323692321777344,18.225000381469727,18.412500381469727,18.1875,18.375,27996588
2017-02-03,13.314553260803223,18.212499618530273,18.287500381469727,18.162500381469727,18.237499237060547,11236776
2017-02-06,13.38765811920166,18.3125,18.350000381469727,18.237499237060547,18.25,11788984
2017-02-07,13.396798133850098,18.325000762939453,18.362499237060547,18.274999618530273,18.274999618530273,17220928
2017-02-08,13.4248628616333,17.9375,17.975000381469727,17.837499618530273,17.975000381469727,17735756
2017-02-09,13.471640586853027,18.0,18.049999237060547,17.912500381469727,17.9375,14193680
2017-02-10,13.621326446533203,18.200000762939453,18.237499237060547,18.024999618530273,18.024999618530273,19479148
2017-02-13,13.649392127990723,18.237499237060547,18.274999618530273,18.200000762939453,18.200000762939453,13320588
2017-02-14,13.6961669921875,18.299999237060547,18.375,18.274999618530273,18.350000381469727,24286672
2017-02-15,13.82714557647705,18.475000381469727,18.475000381469727,18.299999237060547,18.325000762939453,37628016
2017-02-16,13.742940902709961,18.362499237060547,18.549999237060547,18.337499618530273,18.5,21866524
2017-02-17,13.724233627319336,18.337499618530273,18.424999237060547,18.337499618530273,18.412500381469727,20771092
2017-02-20,13.677458763122559,18.274999618530273,18.412500381469727,18.274999618530273,18.387500762939453,11210424
2017-02-21,13.705523490905762,18.3125,18.350000381469727,18.262500762939453,18.299999237060547,13349556
2017-02-22,13.714877128601074,18.325000762939453,18.424999237060547,18.287500381469727,18.399999618530273,11753588
2017-02-23,13.677458763122559,18.274999618530273,18.387500762939453,18.274999618530273,18.3125,9329768
2017-02-24,13.686814308166504,18.287500381469727,18.325000762939453,18.212499618530273,18.262500762939453,7379160
2017-03-01,13.537128448486328,18.087499618530273,18.274999618530273,18.087499618530273,18.274999618530273,12429400
2017-03-02,13.57455062866211,18.137500762939453,18.3125,18.0625,18.237499237060547,28231488
2017-03-03,13.490350723266602,18.024999618530273,18.087499618530273,18.0,18.075000762939453,17640904
2017-03-06,13.499706268310547,18.037500381469727,18.0625,18.0,18.012500762939453,8709452
2017-03-07,13.555835723876953,18.112499237060547,18.149999618530273,18.0625,18.0625,8109184
2017-03-08,13.630681037902832,18.212499618530273,18.212499618530273,18.112499237060547,18.162500381469727,8728588
2017-03-09,13.480995178222656,18.012500762939453,18.149999618530273,17.987499237060547,18.149999618530273,13525580
2017-03-10,13.471640586853027,18.0,18.012500762939453,17.887500762939453,17.987499237060547,21693140
2017-03-13,13.565194129943848,18.125,18.125,18.037500381469727,18.037500381469727,10061528
2017-03-14,13.658746719360352,18.25,18.274999618530273,18.149999618530273,18.149999618530273,15793412
2017-03-15,13.630681037902832,18.212499618530273,18.25,18.149999618530273,18.200000762939453,13961488
2017-03-16,13.808432579040527,18.450000762939453,18.462499618530273,18.325000762939453,18.325000762939453,30180596
2017-03-17,13.84585189819336,18.5,18.524999618530273,18.4375,18.462499618530273,21063500
2017-03-20,13.836496353149414,18.487499237060547,18.537500381469727,18.462499618530273,18.487499237060547,20292744
2017-03-21,14.014246940612793,18.725000381469727,18.725000381469727,18.575000762939453,18.575000762939453,34045080
2017-03-22,13.883275032043457,18.549999237060547,18.5625,18.5,18.5625,19759900
2017-03-23,13.91133975982666,18.587499618530273,18.662500381469727,18.537500381469727,18.649999618530273,16423820
2017-03-24,13.892629623413086,18.5625,18.600000381469727,18.524999618530273,18.587499618530273,13232480
2017-03-27,13.883275032043457,18.549999237060547,18.600000381469727,18.462499618530273,18.5,9897360
2017-03-28,13.892629623413086,18.5625,18.649999618530273,18.487499237060547,18.637500762939453,22262136
2017-03-29,13.84585189819336,18.5,18.625,18.5,18.612499237060547,9856772
2017-03-30,13.82714557647705,18.475000381469727,18.5625,18.475000381469727,18.5,8725832
2017-03-31,13.789717674255371,18.424999237060547,18.524999618530273,18.424999237060547,18.487499237060547,8035548
2017-04-05,13.9674711227417,18.662500381469727,18.700000762939453,18.487499237060547,18.487499237060547,14377472
2017-04-06,13.920695304870605,18.600000381469727,18.700000762939453,18.575000762939453,18.700000762939453,11244600
2017-04-07,13.86456298828125,18.524999618530273,18.575000762939453,18.350000381469727,18.575000762939453,7556660
2017-04-10,13.883275032043457,18.549999237060547,18.5625,18.5,18.524999618530273,4243156
2017-04-11,13.82714557647705,18.475000381469727,18.600000381469727,18.4375,18.524999618530273,5067836
2017-04-12,13.855209350585938,18.512500762939453,18.524999618530273,18.412500381469727,18.475000381469727,7760588
2017-04-13,13.920695304870605,18.600000381469727,18.612499237060547,18.475000381469727,18.475000381469727,24018700
2017-04-14,13.761655807495117,18.387500762939453,18.475000381469727,18.375,18.475000381469727,10697120
2017-04-17,13.771008491516113,18.399999618530273,18.450000762939453,18.337499618530273,18.387500762939453,21357960
2017-04-18,13.771008491516113,18.399999618530273,18.5,18.375,18.462499618530273,16399696
2017-04-19,13.621326446533203,18.200000762939453,18.3125,18.162500381469727,18.274999618530273,36741784
2017-04-20,13.621326446533203,18.200000762939453,18.225000381469727,18.125,18.137500762939453,12569024
2017-04-21,13.752298355102539,18.375,18.375,18.274999618530273,18.3125,12988852
2017-04-24,13.780363082885742,18.412500381469727,18.487499237060547,18.362499237060547,18.475000381469727,17237856
2017-04-25,13.91133975982666,18.587499618530273,18.600000381469727,18.424999237060547,18.462499618530273,22792244
2017-04-26,13.948761940002441,18.637500762939453,18.674999237060547,18.600000381469727,18.674999237060547,16471812
2017-04-27,13.939404487609863,18.625,18.625,18.537500381469727,18.587499618530273,14741160
2017-04-28,13.948761940002441,18.637500762939453,18.649999618530273,18.575000762939453,18.625,17692400
2017-05-02,14.070378303527832,18.799999237060547,18.850000381469727,18.75,18.75,62913456
2017-05-03,14.13586711883545,18.887500762939453,18.912500381469727,18.825000762939453,18.825000762939453,18847812
2017-05-04,14.154579162597656,18.912500381469727,18.912500381469727,18.837499618530273,18.887500762939453,15987300
2017-05-05,14.061028480529785,18.787500381469727,18.862499237060547,18.774999618530273,18.862499237060547,21151260
2017-05-08,14.163931846618652,18.924999237060547,18.924999237060547,18.8125,18.887500762939453,16333496
2017-05-09,14.210707664489746,18.987499237060547,19.125,18.924999237060547,18.924999237060547,16760944
2017-05-10,14.266840934753418,19.0625,19.087499618530273,19.0,19.037500381469727,7052140
2017-05-11,14.313621520996094,19.125,19.125,19.0,19.024999618530273,8073252
2017-05-12,14.276196479797363,19.075000762939453,19.125,19.037500381469727,19.0625,11243956
2017-05-15,14.313621520996094,19.125,19.137500762939453,19.049999237060547,19.075000762939453,5142880
2017-05-16,14.313621520996094,19.125,19.149999618530273,19.0625,19.125,6393328
2017-05-17,14.276196479797363,19.075000762939453,19.100000381469727,19.012500762939453,19.075000762939453,5326112
2017-05-18,14.201356887817383,18.975000381469727,18.975000381469727,18.825000762939453,18.912500381469727,17087712
2017-05-19,14.191995620727539,18.962499618530273,18.975000381469727,18.912500381469727,18.912500381469727,4651388
2017-05-22,14.229418754577637,19.012500762939453,19.037500381469727,18.9375,18.987499237060547,10304548
2017-05-23,14.285552024841309,19.087499618530273,19.112499237060547,19.0,19.012500762939453,15377404
2017-05-24,14.276196479797363,19.075000762939453,19.112499237060547,19.0625,19.087499618530273,11545072
2017-05-25,14.407170295715332,19.25,19.25,19.112499237060547,19.174999237060547,18727908
2017-05-26,14.397814750671387,19.237499237060547,19.287500381469727,19.1875,19.25,16073316
2017-05-31,14.313621520996094,19.125,19.375,19.100000381469727,19.237499237060547,10805204
2017-06-01,14.38846492767334,19.225000381469727,19.225000381469727,19.125,19.125,8886768
2017-06-02,14.444587707519531,19.299999237060547,19.325000762939453,19.262500762939453,19.325000762939453,14163736
2017-06-05,14.594277381896973,19.5,19.5,19.3125,19.337499618530273,13127008
2017-06-06,14.584922790527344,19.487499237060547,19.487499237060547,19.424999237060547,19.487499237060547,4812028
2017-06-07,14.584922790527344,19.487499237060547,19.524999618530273,19.424999237060547,19.475000381469727,7379160
2017-06-08,14.641054153442383,19.5625,19.5625,19.450000762939453,19.487499237060547,7547444
2017-06-09,14.594277381896973,19.5,19.587499618530273,19.487499237060547,19.512500762939453,12041656
2017-06-12,14.435236930847168,19.287500381469727,19.375,19.262500762939453,19.287500381469727,13203260
2017-06-13,14.453946113586426,19.3125,19.325000762939453,19.25,19.287500381469727,6463920
2017-06-14,14.379106521606445,19.212499618530273,19.350000381469727,19.125,19.350000381469727,13522368
2017-06-15,14.38846492767334,19.225000381469727,19.225000381469727,19.149999618530273,19.200000762939453,6029904
2017-06-16,14.5381441116333,19.424999237060547,19.424999237060547,19.212499618530273,19.225000381469727,16932372
2017-06-19,14.697186470031738,19.637500762939453,19.637500762939453,19.424999237060547,19.424999237060547,20579340
2017-06-20,14.865579605102539,19.862499237060547,19.912500381469727,19.649999618530273,19.649999618530273,16187336
2017-06-21,14.884293556213379,19.887500762939453,19.975000381469727,19.712499618530273,19.799999237060547,54451816
2017-06-22,14.921709060668945,19.9375,19.962499618530273,19.887500762939453,19.899999618530273,24451200
2017-06-23,14.912354469299316,19.924999237060547,20.012500762939453,19.912500381469727,19.9375,34068356
2017-06-26,15.230438232421875,20.350000381469727,20.375,19.950000762939453,19.950000762939453,57017924
2017-06-27,15.211730003356934,20.325000762939453,20.375,20.25,20.350000381469727,12104808
2017-06-28,15.071401596069336,20.137500762939453,20.262500762939453,20.075000762939453,20.225000381469727,25147648
2017-06-29,15.090110778808594,20.162500381469727,20.262500762939453,20.125,20.25,5709020
2017-06-30,15.0433349609375,20.100000381469727,20.100000381469727,19.950000762939453,20.024999618530273,12282612
2017-07-03,15.052687644958496,20.112499237060547,20.149999618530273,20.049999237060547,20.100000381469727,6204184
2017-07-04,14.968488693237305,20.0,20.149999618530273,20.0,20.112499237060547,4948796
2017-07-05,15.108818054199219,20.1875,20.1875,19.9375,20.024999618530273,9097248
2017-07-06,15.0433349609375,20.100000381469727,20.1875,20.049999237060547,20.1875,9969676
2017-07-07,14.959136009216309,19.987499237060547,20.0625,19.950000762939453,20.0625,14279240
2017-07-10,15.033979415893555,20.087499618530273,20.112499237060547,20.0,20.0,14199716
2017-07-11,15.258503913879395,20.387500762939453,20.387500762939453,20.137500762939453,20.174999237060547,16555084
2017-07-12,15.258503913879395,20.387500762939453,20.450000762939453,20.325000762939453,20.375,15792908
2017-07-13,15.380122184753418,20.549999237060547,20.600000381469727,20.4375,20.487499237060547,15970496
2017-07-14,15.352054595947266,20.512500762939453,20.537500381469727,20.450000762939453,20.5,9126536
2017-07-17,15.380122184753418,20.549999237060547,20.637500762939453,20.5,20.625,10750572
2017-07-18,15.41754150390625,20.600000381469727,20.600000381469727,20.462499618530273,20.549999237060547,13110824
2017-07-19,15.473671913146973,20.674999237060547,20.75,20.587499618530273,20.587499618530273,29070760
2017-07-20,15.464324951171875,20.662500381469727,20.725000381469727,20.637500762939453,20.712499618530273,8082744
2017-07-21,15.361409187316895,20.524999618530273,20.649999618530273,20.512500762939453,20.649999618530273,17863648
2017-07-24,15.398835182189941,20.575000762939453,20.575000762939453,20.4375,20.487499237060547,9457268
2017-07-25,15.426899909973145,20.612499237060547,20.625,20.524999618530273,20.575000762939453,8506584
2017-07-26,15.370766639709473,20.537500381469727,20.6875,20.512500762939453,20.637500762939453,9429780
2017-07-27,15.529809951782227,20.75,20.75,20.549999237060547,20.549999237060547,8854880
2017-07-28,15.361409187316895,20.524999618530273,20.612499237060547,20.487499237060547,20.600000381469727,17606404
2017-07-31,15.351978302001953,20.337499618530273,20.375,20.262500762939453,20.362499237060547,11226396
2017-08-01,15.436898231506348,20.450000762939453,20.537500381469727,20.387500762939453,20.537500381469727,10569560
2017-08-02,15.569001197814941,20.625,20.662500381469727,20.5,20.5,20181832
2017-08-03,15.512384414672852,20.549999237060547,20.587499618530273,20.424999237060547,20.462499618530273,16116432
2017-08-04,15.540693283081055,20.587499618530273,20.587499618530273,20.512500762939453,20.537500381469727,4575992
2017-08-07,15.65392017364502,20.737499237060547,20.75,20.612499237060547,20.612499237060547,16435276
2017-08-08,15.644484519958496,20.725000381469727,20.8125,20.637500762939453,20.762500762939453,11942984
2017-08-09,15.502951622009277,20.537500381469727,20.649999618530273,20.512500762939453,20.637500762939453,12488912
2017-08-10,15.399154663085938,20.399999618530273,20.612499237060547,20.337499618530273,20.587499618530273,12675976
2017-08-11,15.333106994628906,20.3125,20.337499618530273,20.1875,20.212499618530273,10989160
2017-08-14,15.238744735717773,20.1875,20.399999618530273,20.1875,20.362499237060547,8981648
2017-08-15,15.34253978729248,20.325000762939453,20.375,20.237499237060547,20.325000762939453,10835444
2017-08-16,15.28592586517334,20.25,20.3125,20.149999618530273,20.287500381469727,25131344
2017-08-17,15.408589363098145,20.412500381469727,20.424999237060547,20.287500381469727,20.3125,7875208
2017-08-18,15.31423568725586,20.287500381469727,20.287500381469727,20.162500381469727,20.25,9262572
2017-08-21,15.295360565185547,20.262500762939453,20.299999237060547,20.1875,20.262500762939453,8201116
2017-08-22,15.446332931518555,20.462499618530273,20.475000381469727,20.362499237060547,20.362499237060547,15946580
2017-08-23,15.427464485168457,20.4375,20.5625,20.4375,20.5,22018028
2017-08-24,15.578434944152832,20.637500762939453,20.637500762939453,20.462499618530273,20.462499618530273,13951484
2017-08-25,15.606741905212402,20.674999237060547,20.6875,20.600000381469727,20.662500381469727,10459032
2017-08-28,15.578434944152832,20.637500762939453,20.700000762939453,20.600000381469727,20.674999237060547,11092904
2017-08-29,15.531254768371582,20.575000762939453,20.600000381469727,20.487499237060547,20.5625,4914728
2017-08-30,15.606741905212402,20.674999237060547,20.725000381469727,20.649999618530273,20.662500381469727,16479772
2017-08-31,15.65392017364502,20.737499237060547,20.787500381469727,20.674999237060547,20.787500381469727,13137268
2017-09-01,15.663362503051758,20.75,20.799999237060547,20.662500381469727,20.737499237060547,17717428
2017-09-04,15.635047912597656,20.712499618530273,20.762500762939453,20.674999237060547,20.725000381469727,10383840
2017-09-05,15.65392017364502,20.737499237060547,20.75,20.662500381469727,20.725000381469727,10256056
2017-09-06,15.587871551513672,20.649999618530273,20.725000381469727,20.587499618530273,20.674999237060547,11565836
2017-09-07,15.521819114685059,20.5625,20.712499618530273,20.549999237060547,20.700000762939453,5475400
2017-09-08,15.606741905212402,20.674999237060547,20.725000381469727,20.600000381469727,20.600000381469727,11367228
2017-09-11,15.578434944152832,20.637500762939453,20.837499618530273,20.625,20.8125,6510960
2017-09-12,15.635047912597656,20.712499618530273,20.762500762939453,20.662500381469727,20.737499237060547,5577004
2017-09-13,15.531254768371582,20.575000762939453,20.75,20.5625,20.725000381469727,8701656
2017-09-14,15.540693283081055,20.587499618530273,20.637500762939453,20.537500381469727,20.575000762939453,6998744
2017-09-15,15.540693283081055,20.587499618530273,20.625,20.524999618530273,20.587499618530273,7284024
2017-09-18,15.691664695739746,20.787500381469727,20.787500381469727,20.649999618530273,20.712499618530273,10771272
2017-09-19,15.616177558898926,20.6875,20.825000762939453,20.662500381469727,20.799999237060547,5825792
2017-09-20,15.512384414672852,20.549999237060547,20.662500381469727,20.524999618530273,20.625,39854696
2017-09-21,15.606741905212402,20.674999237060547,20.700000762939453,20.487499237060547,20.512500762939453,7320912
2017-09-22,15.399154663085938,20.399999618530273,20.649999618530273,20.387500762939453,20.649999618530273,22423144
2017-09-25,15.276485443115234,20.237499237060547,20.387500762939453,20.1875,20.387500762939453,28284184
2017-09-26,15.153828620910645,20.075000762939453,20.262500762939453,20.075000762939453,20.200000762939453,47009200
2017-09-27,15.229314804077148,20.174999237060547,20.225000381469727,20.137500762939453,20.149999618530273,24971608
2017-09-28,15.172697067260742,20.100000381469727,20.200000762939453,20.075000762939453,20.1875,27597268
2017-09-29,15.219876289367676,20.162500381469727,20.162500381469727,20.075000762939453,20.112499237060547,13775460
2017-10-02,15.380282402038574,20.375,20.399999618530273,20.3125,20.3125,13040768
2017-10-03,15.380282402038574,20.375,20.424999237060547,20.325000762939453,20.387500762939453,6312412
2017-10-05,15.446332931518555,20.462499618530273,20.524999618530273,20.375,20.375,25628312
2017-10-06,15.493511199951172,20.524999618530273,20.549999237060547,20.487499237060547,20.524999618530273,16507124
2017-10-11,15.738840103149414,20.850000381469727,20.850000381469727,20.612499237060547,20.612499237060547,63901824
2017-10-12,15.889811515808105,21.049999237060547,21.049999237060547,20.887500762939453,20.887500762939453,35080176
2017-10-13,15.861509323120117,21.012500762939453,21.012500762939453,20.9375,20.987499237060547,14384064
2017-10-16,15.946430206298828,21.125,21.125,21.012500762939453,21.012500762939453,16182852
2017-10-17,15.908689498901367,21.075000762939453,21.174999237060547,21.075000762939453,21.137500762939453,12935588
2017-10-18,15.965302467346191,21.149999618530273,21.25,21.075000762939453,21.200000762939453,17890512
2017-10-19,16.02191925048828,21.225000381469727,21.299999237060547,21.174999237060547,21.174999237060547,9789764
2017-10-20,15.955866813659668,21.137500762939453,21.212499618530273,21.100000381469727,21.100000381469727,6902248
2017-10-23,15.946430206298828,21.125,21.237499237060547,21.112499237060547,21.174999237060547,7087432
2017-10-24,15.927556037902832,21.100000381469727,21.125,21.049999237060547,21.125,4288612
2017-10-25,15.918120384216309,21.087499618530273,21.149999618530273,21.049999237060547,21.075000762939453,9666564
2017-10-26,15.899252891540527,21.0625,21.100000381469727,21.0,21.037500381469727,12905928
2017-10-27,15.908689498901367,21.075000762939453,21.1875,21.049999237060547,21.075000762939453,8564552
2017-10-30,16.031349182128906,21.237499237060547,21.337499618530273,21.200000762939453,21.274999618530273,13431968
2017-10-31,16.078529357910156,21.299999237060547,21.337499618530273,21.200000762939453,21.25,8525736
2017-11-01,16.05965805053711,21.274999618530273,21.350000381469727,21.237499237060547,21.337499618530273,5254992
2017-11-02,16.00304412841797,21.200000762939453,21.262500762939453,21.174999237060547,21.237499237060547,6250148
2017-11-03,15.984169960021973,21.174999237060547,21.262500762939453,21.149999618530273,21.237499237060547,5823476
2017-11-06,16.012479782104492,21.212499618530273,21.325000762939453,21.149999618530273,21.299999237060547,6293204
2017-11-07,16.097396850585938,21.325000762939453,21.325000762939453,21.212499618530273,21.25,8845884
2017-11-08,16.031349182128906,21.237499237060547,21.299999237060547,21.237499237060547,21.299999237060547,3239520
2017-11-09,15.927556037902832,21.100000381469727,21.262500762939453,21.100000381469727,21.237499237060547,5033196
2017-11-10,15.955866813659668,21.137500762939453,21.137500762939453,20.987499237060547,21.075000762939453,3692824
2017-11-13,15.908689498901367,21.075000762939453,21.100000381469727,21.049999237060547,21.0625,3917128
2017-11-14,15.880377769470215,21.037500381469727,21.075000762939453,20.987499237060547,21.075000762939453,4063196
2017-11-15,15.719971656799316,20.825000762939453,20.962499618530273,20.787500381469727,20.950000762939453,24280764
2017-11-16,15.776586532592773,20.899999618530273,20.9375,20.799999237060547,20.825000762939453,8707248
2017-11-17,15.918120384216309,21.087499618530273,21.112499237060547,21.037500381469727,21.075000762939453,28784476
2017-11-20,15.852071762084961,21.0,21.112499237060547,20.975000381469727,21.100000381469727,9204096
2017-11-21,15.993608474731445,21.1875,21.200000762939453,20.975000381469727,20.975000381469727,17878752
2017-11-22,16.069091796875,21.287500381469727,21.399999618530273,21.225000381469727,21.287500381469727,19654892
2017-11-23,16.078529357910156,21.299999237060547,21.337499618530273,21.237499237060547,21.287500381469727,6208204
2017-11-24,16.069091796875,21.287500381469727,21.325000762939453,21.237499237060547,21.3125,4274136
2017-11-27,15.880377769470215,21.037500381469727,21.287500381469727,21.024999618530273,21.287500381469727,8509216
2017-11-28,15.776586532592773,20.899999618530273,21.0,20.875,20.987499237060547,8028492
2017-11-29,15.795458793640137,20.924999237060547,20.987499237060547,20.887500762939453,20.912500381469727,5527436
2017-11-30,15.521819114685059,20.5625,20.75,20.5625,20.75,32153968
2017-12-01,15.587871551513672,20.649999618530273,20.725000381469727,20.412500381469727,20.537500381469727,22481288
2017-12-04,15.644484519958496,20.725000381469727,20.737499237060547,20.587499618530273,20.662500381469727,6014996
2017-12-05,15.521819114685059,20.5625,20.662500381469727,20.549999237060547,20.637500762939453,7520528
2017-12-06,15.257617950439453,20.212499618530273,20.524999618530273,20.212499618530273,20.524999618530273,52941612
2017-12-07,15.26705551147461,20.225000381469727,20.3125,20.112499237060547,20.299999237060547,29236120
2017-12-08,15.26705551147461,20.225000381469727,20.375,20.162500381469727,20.375,25120068
2017-12-11,15.380282402038574,20.375,20.412500381469727,20.299999237060547,20.299999237060547,10955980
2017-12-12,15.276485443115234,20.237499237060547,20.375,20.137500762939453,20.350000381469727,15762584
2017-12-13,15.28592586517334,20.25,20.299999237060547,20.225000381469727,20.274999618530273,6707996
2017-12-14,15.427464485168457,20.4375,20.5,20.337499618530273,20.387500762939453,8985120
2017-12-15,15.30479621887207,20.274999618530273,20.412500381469727,20.162500381469727,20.412500381469727,16308644
2017-12-18,15.323667526245117,20.299999237060547,20.3125,20.212499618530273,20.299999237060547,15370456
2017-12-19,15.248185157775879,20.200000762939453,20.350000381469727,20.174999237060547,20.299999237060547,16380392
2017-12-20,15.295360565185547,20.262500762939453,20.274999618530273,20.1875,20.200000762939453,18609096
2017-12-21,15.28592586517334,20.25,20.337499618530273,20.25,20.274999618530273,4963292
2017-12-22,15.34253978729248,20.325000762939453,20.337499618530273,20.174999237060547,20.200000762939453,6579364
2017-12-25,15.370849609375,20.362499237060547,20.387500762939453,20.325000762939453,20.325000762939453,4011732
2017-12-26,15.219876289367676,20.162500381469727,20.362499237060547,20.125,20.362499237060547,10312784
2017-12-27,15.26705551147461,20.225000381469727,20.225000381469727,20.137500762939453,20.149999618530273,14400572
2017-12-28,15.4180269241333,20.424999237060547,20.4375,20.3125,20.3125,12379264
2017-12-29,15.502951622009277,20.537500381469727,20.549999237060547,20.4375,20.4375,18761184
2018-01-02,15.587871551513672,20.649999618530273,20.649999618530273,20.537500381469727,20.537500381469727,14452796
2018-01-03,15.72940731048584,20.837499618530273,20.862499237060547,20.737499237060547,20.737499237060547,28785748
2018-01-04,15.75771713256836,20.875,20.912500381469727,20.799999237060547,20.875,22510260
2018-01-05,15.804891586303711,20.9375,20.950000762939453,20.825000762939453,20.875,30467184
2018-01-08,15.870941162109375,21.024999618530273,21.037500381469727,20.924999237060547,20.950000762939453,20758444
2018-01-09,15.880377769470215,21.037500381469727,21.0625,20.975000381469727,21.024999618530273,14658864
2018-01-10,15.804891586303711,20.9375,21.0625,20.887500762939453,21.024999618530273,22998388
2018-01-11,15.738840103149414,20.850000381469727,20.924999237060547,20.774999618530273,20.912500381469727,10316900
2018-01-12,15.870941162109375,21.024999618530273,21.049999237060547,20.875,20.887500762939453,11484772
2018-01-15,15.97473430633545,21.162500381469727,21.174999237060547,21.100000381469727,21.137500762939453,11279408
2018-01-16,16.040786743164062,21.25,21.25,21.125,21.162500381469727,15823364
2018-01-17,16.069091796875,21.287500381469727,21.362499237060547,21.162500381469727,21.162500381469727,22793072
2018-01-18,16.286113739013672,21.575000762939453,21.637500762939453,21.375,21.375,27595212
2018-01-19,16.446521759033203,21.787500381469727,21.787500381469727,21.587499618530273,21.587499618530273,21208288
2018-01-22,16.597497940063477,21.987499237060547,21.987499237060547,21.787500381469727,21.787500381469727,17764244
2018-01-23,16.66354751586914,22.075000762939453,22.100000381469727,21.975000381469727,22.012500762939453,23199728
2018-01-24,16.45595932006836,21.799999237060547,22.0,21.712499618530273,22.0,20413716
2018-01-25,16.503137588500977,21.862499237060547,22.075000762939453,21.787500381469727,21.8125,19934736
2018-01-26,16.512577056884766,21.875,21.899999618530273,21.712499618530273,21.862499237060547,31098692
2018-01-29,16.56096839904785,21.387500762939453,21.537500381469727,21.299999237060547,21.375,25783188
2018-01-30,16.367387771606445,21.137500762939453,21.337499618530273,21.125,21.299999237060547,19865044
2018-01-31,16.386743545532227,21.162500381469727,21.25,21.037500381469727,21.100000381469727,17006956
2018-02-01,16.502899169921875,21.3125,21.375,21.1875,21.1875,11658156
2018-02-02,16.435142517089844,21.225000381469727,21.287500381469727,21.087499618530273,21.212499618530273,12326368
2018-02-05,16.183486938476562,20.899999618530273,20.9375,20.725000381469727,20.799999237060547,28303608
2018-02-06,15.418834686279297,19.912500381469727,20.274999618530273,19.700000762939453,20.212499618530273,128890380
2018-02-07,15.612414360046387,20.162500381469727,20.350000381469727,20.149999618530273,20.337499618530273,40727628
2018-02-08,15.602736473083496,20.149999618530273,20.237499237060547,20.075000762939453,20.162500381469727,18058764
2018-02-09,15.302684783935547,19.762500762939453,19.799999237060547,19.5,19.649999618530273,64844948
2018-02-12,15.428513526916504,19.924999237060547,19.975000381469727,19.850000381469727,19.887500762939453,33775180
2018-02-21,15.776962280273438,20.375,20.424999237060547,20.274999618530273,20.350000381469727,46584340
2018-02-22,15.680168151855469,20.25,20.375,20.1875,20.375,14999640
2018-02-23,15.873757362365723,20.5,20.524999618530273,20.350000381469727,20.350000381469727,14317264
2018-02-26,15.951188087463379,20.600000381469727,20.700000762939453,20.587499618530273,20.637500762939453,13156828
2018-02-27,15.941509246826172,20.587499618530273,20.799999237060547,20.587499618530273,20.774999618530273,30654984
2018-03-01,15.825359344482422,20.4375,20.487499237060547,20.287500381469727,20.387500762939453,17376880
2018-03-02,15.709210395812988,20.287500381469727,20.299999237060547,20.112499237060547,20.212499618530273,25049444
2018-03-05,15.6317720413208,20.1875,20.375,20.162500381469727,20.274999618530273,14895028
2018-03-06,15.902791976928711,20.537500381469727,20.537500381469727,20.399999618530273,20.412500381469727,22128816
2018-03-07,15.83503532409668,20.450000762939453,20.612499237060547,20.424999237060547,20.4375,10476644
2018-03-08,16.018938064575195,20.6875,20.700000762939453,20.537500381469727,20.537500381469727,12930332
2018-03-09,16.038297653198242,20.712499618530273,20.75,20.674999237060547,20.725000381469727,11328256
2018-03-12,16.289955139160156,21.037500381469727,21.0625,20.887500762939453,20.899999618530273,35009296
2018-03-13,16.444822311401367,21.237499237060547,21.237499237060547,21.075000762939453,21.087499618530273,39349740
2018-03-14,16.318998336791992,21.075000762939453,21.112499237060547,21.0,21.087499618530273,13663712
2018-03-15,16.309316635131836,21.0625,21.075000762939453,20.975000381469727,21.0,14027592
2018-03-16,16.241558074951172,20.975000381469727,21.049999237060547,20.774999618530273,21.0,22042684
2018-03-19,16.23188018798828,20.962499618530273,21.024999618530273,20.862499237060547,20.912500381469727,8142136
2018-03-20,16.222200393676758,20.950000762939453,20.950000762939453,20.799999237060547,20.799999237060547,11581400
2018-03-21,16.23188018798828,20.962499618530273,21.024999618530273,20.899999618530273,20.950000762939453,19566108
2018-03-22,16.173803329467773,20.887500762939453,21.149999618530273,20.862499237060547,21.0,13719700
2018-03-23,15.893111228942871,20.524999618530273,20.600000381469727,20.450000762939453,20.462499618530273,32238952
2018-03-26,15.912471771240234,20.549999237060547,20.549999237060547,20.399999618530273,20.462499618530273,17476488
2018-03-27,16.144771575927734,20.850000381469727,20.850000381469727,20.737499237060547,20.75,13110272
2018-03-28,15.922150611877441,20.5625,20.725000381469727,20.549999237060547,20.725000381469727,16644768
2018-03-29,15.893111228942871,20.524999618530273,20.587499618530273,20.450000762939453,20.5625,16399420
2018-03-30,16.038297653198242,20.712499618530273,20.762500762939453,20.662500381469727,20.662500381469727,19976360
2018-04-02,15.922150611877441,20.5625,20.737499237060547,20.537500381469727,20.712499618530273,14949196
2018-04-03,15.776962280273438,20.375,20.387500762939453,20.299999237060547,20.375,24750092
2018-04-09,15.912471771240234,20.549999237060547,20.575000762939453,20.399999618530273,20.537500381469727,13605720
2018-04-10,15.97054386138916,20.625,20.712499618530273,20.4375,20.524999618530273,15441988
2018-04-11,16.038297653198242,20.712499618530273,20.774999618530273,20.6875,20.725000381469727,10414612
2018-04-12,15.97054386138916,20.625,20.787500381469727,20.5625,20.762500762939453,14366292
2018-04-13,15.97054386138916,20.625,20.700000762939453,20.575000762939453,20.674999237060547,11930928
2018-04-16,15.931827545166016,20.575000762939453,20.662500381469727,20.5,20.662500381469727,7236792
2018-04-17,15.75760269165039,20.350000381469727,20.600000381469727,20.337499618530273,20.600000381469727,17300160
2018-04-18,15.796318054199219,20.399999618530273,20.524999618530273,20.337499618530273,20.399999618530273,14959348
2018-04-19,15.999580383300781,20.662500381469727,20.662500381469727,20.475000381469727,20.475000381469727,17845076
2018-04-20,15.6317720413208,20.1875,20.274999618530273,20.125,20.25,36070860
2018-04-23,15.476907730102539,19.987499237060547,20.112499237060547,19.975000381469727,20.0625,42499120
2018-04-24,15.399481773376465,19.887500762939453,19.987499237060547,19.762500762939453,19.975000381469727,67471148
2018-04-25,15.351078987121582,19.825000762939453,19.825000762939453,19.700000762939453,19.8125,65843988
2018-04-26,15.302684783935547,19.762500762939453,19.924999237060547,19.700000762939453,19.924999237060547,65943112
2018-04-27,15.3317232131958,19.799999237060547,19.912500381469727,19.700000762939453,19.899999618530273,49582444
2018-04-30,15.486587524414062,20.0,20.037500381469727,19.762500762939453,19.912500381469727,26067932
2018-05-02,15.370436668395996,19.850000381469727,20.037500381469727,19.850000381469727,20.012500762939453,22053992
2018-05-03,15.20589542388916,19.637500762939453,19.762500762939453,19.587499618530273,19.762500762939453,35293736
2018-05-04,15.283327102661133,19.737499237060547,19.75,19.600000381469727,19.637500762939453,13901692
2018-05-07,15.389792442321777,19.875,19.887500762939453,19.700000762939453,19.875,15433528
2018-05-08,15.486587524414062,20.0,20.012500762939453,19.837499618530273,19.850000381469727,21408464
2018-05-09,15.573698043823242,20.112499237060547,20.137500762939453,20.0,20.0,13436088
2018-05-10,15.612414360046387,20.162500381469727,20.174999237060547,20.112499237060547,20.174999237060547,23909216
2018-05-11,15.796318054199219,20.399999618530273,20.424999237060547,20.262500762939453,20.274999618530273,70617188
2018-05-14,15.97054386138916,20.625,20.649999618530273,20.475000381469727,20.5,68790744
2018-05-15,15.80599594116211,20.412500381469727,20.600000381469727,20.412500381469727,20.587499618530273,28889928
2018-05-16,15.825359344482422,20.4375,20.450000762939453,20.350000381469727,20.362499237060547,33174404
2018-05-17,15.71888542175293,20.299999237060547,20.5,20.299999237060547,20.487499237060547,7763112
2018-05-18,15.670487403869629,20.237499237060547,20.375,20.212499618530273,20.299999237060547,9442848
2018-05-21,15.883430480957031,20.512500762939453,20.524999618530273,20.299999237060547,20.299999237060547,15558644
2018-05-22,15.825359344482422,20.4375,20.575000762939453,20.4375,20.450000762939453,7349796
2018-05-23,15.747926712036133,20.337499618530273,20.5,20.325000762939453,20.475000381469727,8497492
2018-05-24,15.786641120910645,20.387500762939453,20.424999237060547,20.3125,20.337499618530273,4541296
2018-05-25,15.84471607208252,20.462499618530273,20.512500762939453,20.350000381469727,20.387500762939453,12462992
2018-05-28,15.912471771240234,20.549999237060547,20.5625,20.5,20.512500762939453,11761532
2018-05-29,15.84471607208252,20.462499618530273,20.549999237060547,20.375,20.549999237060547,5554160
2018-05-30,15.564022064208984,20.100000381469727,20.350000381469727,20.075000762939453,20.350000381469727,24711276
2018-05-31,15.6317720413208,20.1875,20.237499237060547,20.137500762939453,20.200000762939453,6423688
2018-06-01,15.747926712036133,20.337499618530273,20.362499237060547,20.200000762939453,20.200000762939453,7394776
2018-06-04,15.989903450012207,20.649999618530273,20.649999618530273,20.450000762939453,20.450000762939453,28324256
2018-06-05,15.97054386138916,20.625,20.674999237060547,20.5625,20.674999237060547,10783684
2018-06-06,16.12541389465332,20.825000762939453,20.837499618530273,20.662500381469727,20.662500381469727,25593288
2018-06-07,16.154443740844727,20.862499237060547,20.899999618530273,20.75,20.875,26817272
2018-06-08,15.980217933654785,20.637500762939453,20.825000762939453,20.625,20.825000762939453,13878156
2018-06-11,15.999580383300781,20.662500381469727,20.737499237060547,20.600000381469727,20.700000762939453,13057500
2018-06-12,15.97054386138916,20.625,20.625,20.487499237060547,20.5625,8972896
2018-06-13,16.067337036132812,20.75,20.774999618530273,20.587499618530273,20.612499237060547,18672580
2018-06-14,15.825359344482422,20.4375,20.637500762939453,20.4375,20.625,14257072
2018-06-15,15.8640718460083,20.487499237060547,20.487499237060547,20.299999237060547,20.399999618530273,15448488
2018-06-19,15.602736473083496,20.149999618530273,20.299999237060547,20.149999618530273,20.274999618530273,19976952
2018-06-20,15.776962280273438,20.375,20.424999237060547,20.075000762939453,20.162500381469727,31467980
2018-06-21,15.728567123413086,20.3125,20.399999618530273,20.299999237060547,20.375,8539404
2018-06-22,15.709210395812988,20.287500381469727,20.299999237060547,20.087499618530273,20.200000762939453,25929844
2018-06-25,15.660810470581055,20.225000381469727,20.262500762939453,20.174999237060547,20.212499618530273,31972724
2018-06-26,15.62209701538086,20.174999237060547,20.174999237060547,20.0,20.174999237060547,65736564
2018-06-27,15.564022064208984,20.100000381469727,20.225000381469727,20.075000762939453,20.1875,33232196
2018-06-28,15.496267318725586,20.012500762939453,20.100000381469727,19.950000762939453,20.012500762939453,48256080
2018-06-29,15.767285346984863,20.362499237060547,20.387500762939453,20.049999237060547,20.075000762939453,26336852
2018-07-02,15.689848899841309,20.262500762939453,20.475000381469727,20.25,20.375,16702512
2018-07-03,15.709210395812988,20.287500381469727,20.487499237060547,20.149999618530273,20.325000762939453,20094748
2018-07-04,15.75760269165039,20.350000381469727,20.399999618530273,20.274999618530273,20.287500381469727,6985796
2018-07-05,15.6317720413208,20.1875,20.362499237060547,20.149999618530273,20.362499237060547,12476328
2018-07-06,15.670487403869629,20.237499237060547,20.287500381469727,20.049999237060547,20.274999618530273,21405968
2018-07-09,15.922150611877441,20.5625,20.612499237060547,20.387500762939453,20.4375,36155112
2018-07-10,15.96086311340332,20.612499237060547,20.700000762939453,20.587499618530273,20.662500381469727,19655208
2018-07-11,15.815678596496582,20.424999237060547,20.475000381469727,20.325000762939453,20.424999237060547,15596276
2018-07-12,15.999580383300781,20.662500381469727,20.662500381469727,20.375,20.399999618530273,27531384
2018-07-13,16.135089874267578,20.837499618530273,20.850000381469727,20.700000762939453,20.75,54647116
2018-07-16,16.067337036132812,20.75,20.862499237060547,20.75,20.825000762939453,21321728
2018-07-17,15.980217933654785,20.637500762939453,20.712499618530273,20.600000381469727,20.712499618530273,11971004
2018-07-18,16.07701301574707,20.762500762939453,20.875,20.737499237060547,20.787500381469727,52697820
2018-07-19,16.12541389465332,20.825000762939453,20.950000762939453,20.762500762939453,20.774999618530273,52870644
2018-07-20,16.386743545532227,21.162500381469727,21.174999237060547,21.0,21.0,73613480
2018-07-23,16.503864288330078,21.137500762939453,21.1875,20.962499618530273,21.075000762939453,34017888
2018-07-24,16.533140182495117,21.174999237060547,21.174999237060547,21.037500381469727,21.112499237060547,20467256
2018-07-25,16.54290771484375,21.1875,21.212499618530273,21.012500762939453,21.012500762939453,25408804
2018-07-26,16.591703414916992,21.25,21.3125,21.1875,21.1875,33884680
2018-07-27,16.728336334228516,21.424999237060547,21.4375,21.274999618530273,21.274999618530273,23788472
2018-07-30,16.699060440063477,21.387500762939453,21.475000381469727,21.350000381469727,21.412500381469727,12921640
2018-07-31,16.699060440063477,21.387500762939453,21.424999237060547,21.262500762939453,21.337499618530273,10958652
2018-08-01,16.816179275512695,21.537500381469727,21.549999237060547,21.450000762939453,21.450000762939453,16050028
2018-08-02,16.562423706054688,21.212499618530273,21.537500381469727,21.212499618530273,21.524999618530273,19099800
2018-08-03,16.699060440063477,21.387500762939453,21.424999237060547,21.337499618530273,21.350000381469727,4900664
2018-08-06,16.728336334228516,21.424999237060547,21.524999618530273,21.337499618530273,21.387500762939453,9698684
2018-08-07,16.689300537109375,21.375,21.450000762939453,21.350000381469727,21.424999237060547,4797124
2018-08-08,16.816179275512695,21.537500381469727,21.600000381469727,21.450000762939453,21.450000762939453,16299936
2018-08-09,16.816179275512695,21.537500381469727,21.5625,21.424999237060547,21.524999618530273,6527156
2018-08-10,16.728336334228516,21.424999237060547,21.537500381469727,21.412500381469727,21.424999237060547,5119668
2018-08-13,16.386747360229492,20.987499237060547,21.262500762939453,20.912500381469727,21.262500762939453,29139736
2018-08-14,16.503864288330078,21.137500762939453,21.149999618530273,21.012500762939453,21.100000381469727,8972820
2018-08-15,16.347705841064453,20.9375,21.125,20.862499237060547,21.125,17118684
2018-08-16,16.357465744018555,20.950000762939453,21.024999618530273,20.762500762939453,20.8125,18130168
2018-08-17,16.32818603515625,20.912500381469727,21.037500381469727,20.899999618530273,20.987499237060547,18560156
2018-08-20,16.386747360229492,20.987499237060547,21.024999618530273,20.924999237060547,20.975000381469727,12591984
2018-08-21,16.503864288330078,21.137500762939453,21.162500381469727,20.975000381469727,20.975000381469727,20092232
2018-08-22,16.52338218688965,21.162500381469727,21.212499618530273,21.087499618530273,21.174999237060547,14183072
2018-08-23,16.601463317871094,21.262500762939453,21.299999237060547,21.149999618530273,21.200000762939453,15476944
2018-08-24,16.55266571044922,21.200000762939453,21.274999618530273,21.112499237060547,21.25,10196696
2018-08-27,16.699060440063477,21.387500762939453,21.387500762939453,21.25,21.25,20073816
2018-08-28,16.8356990814209,21.5625,21.600000381469727,21.487499237060547,21.487499237060547,33152312
2018-08-29,17.030895233154297,21.8125,21.837499618530273,21.612499237060547,21.612499237060547,53535384
2018-08-30,17.08945655822754,21.887500762939453,22.087499618530273,21.862499237060547,21.950000762939453,39576708
2018-08-31,16.972335815429688,21.737499237060547,21.75,21.612499237060547,21.75,16982440
2018-09-03,16.874736785888672,21.612499237060547,21.799999237060547,21.600000381469727,21.737499237060547,14668308
2018-09-04,16.982099533081055,21.75,21.75,21.612499237060547,21.700000762939453,9430900
2018-09-05,16.982099533081055,21.75,21.825000762939453,21.674999237060547,21.75,9985232
2018-09-06,16.88449478149414,21.625,21.725000381469727,21.549999237060547,21.725000381469727,7783556
2018-09-07,16.864978790283203,21.600000381469727,21.612499237060547,21.5,21.549999237060547,10023632
2018-09-10,16.78689956665039,21.5,21.649999618530273,21.412500381469727,21.649999618530273,21205124
2018-09-11,16.71858024597168,21.412500381469727,21.5,21.350000381469727,21.487499237060547,78101616
2018-09-12,16.699060440063477,21.387500762939453,21.475000381469727,21.3125,21.462499618530273,74335892
2018-09-13,16.58194351196289,21.237499237060547,21.450000762939453,21.225000381469727,21.450000762939453,83984800
2018-09-14,16.88449478149414,21.625,21.625,21.399999618530273,21.4375,34465500
2018-09-17,16.757619857788086,21.462499618530273,21.625,21.424999237060547,21.625,35955840
2018-09-18,16.669782638549805,21.350000381469727,21.424999237060547,21.299999237060547,21.399999618530273,24562284
2018-09-19,16.816179275512695,21.537500381469727,21.575000762939453,21.424999237060547,21.450000762939453,27526508
2018-09-20,16.767379760742188,21.475000381469727,21.637500762939453,21.450000762939453,21.612499237060547,16639104
2018-09-21,16.95281410217285,21.712499618530273,21.712499618530273,21.475000381469727,21.5625,29481756
2018-09-25,17.001617431640625,21.774999618530273,21.787500381469727,21.649999618530273,21.662500381469727,30025008
2018-09-26,16.962575912475586,21.725000381469727,21.75,21.6875,21.725000381469727,32146012
2018-09-27,17.0504150390625,21.837499618530273,21.862499237060547,21.649999618530273,21.649999618530273,111200144
2018-09-28,16.962575912475586,21.725000381469727,21.912500381469727,21.649999618530273,21.837499618530273,52809484
2018-10-01,17.0504150390625,21.837499618530273,21.850000381469727,21.725000381469727,21.725000381469727,23648936
2018-10-02,16.796661376953125,21.512500762939453,21.8125,21.5,21.8125,21737328
2018-10-03,16.77713394165039,21.487499237060547,21.575000762939453,21.450000762939453,21.512500762939453,17478760
2018-10-04,16.572185516357422,21.225000381469727,21.424999237060547,21.200000762939453,21.424999237060547,38947872
2018-10-05,16.289142608642578,20.862499237060547,21.125,20.75,21.125,106976384
2018-10-08,16.201313018798828,20.75,20.850000381469727,20.625,20.737499237060547,186048816
2018-10-09,16.25010871887207,20.8125,20.850000381469727,20.700000762939453,20.762500762939453,82123588
2018-10-11,15.108209609985352,19.350000381469727,20.037500381469727,19.337499618530273,20.037500381469727,274206496
2018-10-12,15.625480651855469,20.012500762939453,20.012500762939453,19.375,19.424999237060547,92733128
2018-10-15,15.459564208984375,19.799999237060547,19.875,19.662500381469727,19.875,196954632
2018-10-16,15.479081153869629,19.825000762939453,19.875,19.649999618530273,19.75,66706580
2018-10-17,15.498600959777832,19.850000381469727,20.125,19.837499618530273,20.112499237060547,81220148
2018-10-18,15.449801445007324,19.787500381469727,19.9375,19.737499237060547,19.875,31893128
2018-10-19,15.479081153869629,19.825000762939453,19.825000762939453,19.5,19.549999237060547,48256144
2018-10-22,15.459564208984375,19.799999237060547,19.887500762939453,19.5,19.587499618530273,49813812
2018-10-23,15.176529884338379,19.4375,19.649999618530273,19.424999237060547,19.524999618530273,99593568
2018-10-24,15.108209609985352,19.350000381469727,19.487499237060547,19.174999237060547,19.450000762939453,52010000
2018-10-25,14.737337112426758,18.875,19.049999237060547,18.825000762939453,18.875,115743544
2018-10-26,14.717816352844238,18.850000381469727,19.112499237060547,18.625,19.0625,71135124
2018-10-29,14.786133766174316,18.9375,19.024999618530273,18.837499618530273,18.962499618530273,39533040
2018-10-30,14.825173377990723,18.987499237060547,19.0625,18.875,18.950000762939453,24460200
2018-10-31,15.137491226196289,19.387500762939453,19.387500762939453,19.149999618530273,19.149999618530273,39552896
2018-11-01,15.303403854370117,19.600000381469727,19.612499237060547,19.387500762939453,19.462499618530273,27189176
2018-11-02,15.352201461791992,19.662500381469727,19.700000762939453,19.5,19.600000381469727,26829316
2018-11-05,15.274129867553711,19.5625,19.5625,19.399999618530273,19.524999618530273,18483000
2018-11-06,15.225329399108887,19.5,19.625,19.4375,19.612499237060547,24737928
2018-11-07,15.303403854370117,19.600000381469727,19.637500762939453,19.512500762939453,19.549999237060547,24743000
2018-11-08,15.391242980957031,19.712499618530273,19.850000381469727,19.625,19.787500381469727,41055940
2018-11-09,15.186288833618164,19.450000762939453,19.625,19.412500381469727,19.625,147344044
2018-11-12,15.225329399108887,19.5,19.575000762939453,19.387500762939453,19.4375,24513040
2018-11-13,15.049651145935059,19.274999618530273,19.3125,18.924999237060547,19.037500381469727,42823476
2018-11-14,15.098445892333984,19.337499618530273,19.350000381469727,19.25,19.3125,25145500
2018-11-15,15.147249221801758,19.399999618530273,19.412500381469727,19.1875,19.375,22737472
2018-11-16,15.02037239074707,19.237499237060547,19.487499237060547,19.212499618530273,19.487499237060547,35511616
2018-11-19,14.971570014953613,19.174999237060547,19.287500381469727,19.149999618530273,19.262500762939453,28221480
2018-11-20,14.83493423461914,19.0,19.125,18.9375,19.100000381469727,34404492
2018-11-21,14.83493423461914,19.0,19.012500762939453,18.712499618530273,18.825000762939453,60492172
2018-11-22,14.756855010986328,18.899999618530273,19.0625,18.899999618530273,19.024999618530273,23731212
2018-11-23,14.708059310913086,18.837499618530273,18.962499618530273,18.762500762939453,18.924999237060547,16128860
2018-11-26,14.864212989807129,19.037500381469727,19.237499237060547,18.9375,18.975000381469727,25285068
2018-11-27,14.844695091247559,19.012500762939453,19.012500762939453,18.799999237060547,18.987499237060547,30455732
2018-11-28,15.01060962677002,19.225000381469727,19.237499237060547,18.9375,19.037500381469727,30123040
2018-11-29,15.039891242980957,19.262500762939453,19.487499237060547,19.262500762939453,19.424999237060547,35502348
2018-11-30,14.981332778930664,19.1875,19.337499618530273,19.1875,19.299999237060547,16836844
2018-12-03,15.381485939025879,19.700000762939453,19.75,19.450000762939453,19.462499618530273,55367944
2018-12-04,15.274129867553711,19.5625,19.625,19.524999618530273,19.625,16317136
2018-12-05,14.961816787719727,19.162500381469727,19.299999237060547,19.162500381469727,19.274999618530273,38529464
2018-12-06,14.659258842468262,18.774999618530273,18.962499618530273,18.712499618530273,18.962499618530273,81301684
2018-12-07,14.72757339477539,18.862499237060547,18.9375,18.825000762939453,18.899999618530273,27108032
2018-12-10,14.532379150390625,18.612499237060547,18.725000381469727,18.612499237060547,18.625,52041136
2018-12-11,14.649499893188477,18.762500762939453,18.774999618530273,18.612499237060547,18.625,21232912
2018-12-12,14.873971939086914,19.049999237060547,19.0625,18.850000381469727,18.912500381469727,34658780
2018-12-13,14.893494606018066,19.075000762939453,19.125,18.987499237060547,19.049999237060547,24950320
2018-12-14,14.708059310913086,18.837499618530273,18.950000762939453,18.737499237060547,18.950000762939453,35047356
2018-12-17,14.825173377990723,18.987499237060547,19.012500762939453,18.787500381469727,18.837499618530273,22553732
2018-12-18,14.698298454284668,18.825000762939453,18.887500762939453,18.762500762939453,18.875,30620004
2018-12-19,14.815413475036621,18.975000381469727,18.987499237060547,18.837499618530273,18.875,17973840
2018-12-20,14.649499893188477,18.762500762939453,18.887500762939453,18.75,18.75,38230852
2018-12-21,14.6787748336792,18.799999237060547,18.8125,18.612499237060547,18.737499237060547,33860572
2018-12-24,14.581178665161133,18.674999237060547,18.75,18.637500762939453,18.712499618530273,23809316
2018-12-25,14.395737648010254,18.4375,18.537500381469727,18.325000762939453,18.537500381469727,48285016
2018-12-26,14.356701850891113,18.387500762939453,18.575000762939453,18.375,18.5,35679876
2018-12-27,14.649499893188477,18.762500762939453,18.787500381469727,18.625,18.700000762939453,38461436
2018-12-28,14.737337112426758,18.875,18.875,18.712499618530273,18.774999618530273,18519500
2019-01-02,14.454301834106445,18.512500762939453,18.975000381469727,18.487499237060547,18.962499618530273,34128292
2019-01-03,14.317663192749023,18.337499618530273,18.5,18.3125,18.450000762939453,53388588
2019-01-04,14.093186378479004,18.049999237060547,18.200000762939453,18.0,18.200000762939453,85169860
2019-01-07,14.43478012084961,18.487499237060547,18.512500762939453,18.3125,18.387500762939453,58422552
2019-01-08,14.376221656799316,18.412500381469727,18.537500381469727,18.387500762939453,18.537500381469727,44026800
2019-01-09,14.63973617553711,18.75,18.787500381469727,18.487499237060547,18.487499237060547,45722092
2019-01-10,14.600702285766602,18.700000762939453,18.725000381469727,18.625,18.700000762939453,11293132
2019-01-11,14.737337112426758,18.875,18.9375,18.787500381469727,18.825000762939453,41451660
2019-01-14,14.63973617553711,18.75,18.862499237060547,18.6875,18.862499237060547,21193620
2019-01-15,14.766613006591797,18.912500381469727,18.950000762939453,18.762500762939453,18.762500762939453,47345800
2019-01-16,14.747096061706543,18.887500762939453,18.924999237060547,18.837499618530273,18.912500381469727,61370012
2019-01-17,14.747096061706543,18.887500762939453,18.975000381469727,18.787500381469727,18.899999618530273,40082956
2019-01-18,14.825173377990723,18.987499237060547,19.024999618530273,18.850000381469727,18.9375,33173964
2019-01-21,14.932530403137207,19.125,19.174999237060547,19.0625,19.087499618530273,41019024
2019-01-22,14.90234661102295,18.512500762939453,18.600000381469727,18.450000762939453,18.600000381469727,35355724
2019-01-23,14.831907272338867,18.424999237060547,18.5,18.412500381469727,18.5,25629768
2019-01-24,14.90234661102295,18.512500762939453,18.537500381469727,18.4375,18.487499237060547,14002024
2019-01-25,15.093527793884277,18.75,18.774999618530273,18.637500762939453,18.649999618530273,29283112
2019-01-28,15.123716354370117,18.787500381469727,18.862499237060547,18.762500762939453,18.787500381469727,15300572
2019-01-29,14.992907524108887,18.625,18.637500762939453,18.549999237060547,18.625,17679160
2019-01-30,14.962719917297363,18.587499618530273,18.662500381469727,18.549999237060547,18.625,21020916
2019-02-11,15.123716354370117,18.787500381469727,18.912500381469727,18.712499618530273,18.837499618530273,26459600
2019-02-12,15.224337577819824,18.912500381469727,18.9375,18.837499618530273,18.837499618530273,24656600
2019-02-13,15.194154739379883,18.875,18.987499237060547,18.850000381469727,18.987499237060547,16630800
2019-02-14,15.143839836120605,18.8125,18.9375,18.8125,18.875,14566168
2019-02-15,15.103593826293945,18.762500762939453,18.899999618530273,18.725000381469727,18.825000762939453,14064444
2019-02-18,15.224337577819824,18.912500381469727,18.975000381469727,18.875,18.875,26384652
2019-02-19,15.194154739379883,18.875,18.924999237060547,18.875,18.924999237060547,11448276
2019-02-20,15.365213394165039,19.087499618530273,19.125,18.975000381469727,18.975000381469727,137231412
2019-02-21,15.51615047454834,19.274999618530273,19.274999618530273,19.100000381469727,19.100000381469727,74659260
2019-02-22,15.485965728759766,19.237499237060547,19.237499237060547,19.125,19.237499237060547,39524068
2019-02-25,15.596647262573242,19.375,19.4375,19.325000762939453,19.337499618530273,77461416
2019-02-26,15.636895179748535,19.424999237060547,19.450000762939453,19.325000762939453,19.412500381469727,63612204
2019-02-27,15.626838684082031,19.412500381469727,19.424999237060547,19.337499618530273,19.424999237060547,51629956
2019-03-04,15.485965728759766,19.237499237060547,19.387500762939453,19.174999237060547,19.387500762939453,33878280
2019-03-05,15.445712089538574,19.1875,19.225000381469727,19.112499237060547,19.149999618530273,37601972
2019-03-06,15.485965728759766,19.237499237060547,19.262500762939453,19.1875,19.212499618530273,78319168
2019-03-07,15.425593376159668,19.162500381469727,19.262500762939453,19.149999618530273,19.225000381469727,72959080
2019-03-08,15.29477596282959,19.0,19.087499618530273,18.950000762939453,19.049999237060547,39900800
2019-03-11,15.324962615966797,19.037500381469727,19.037500381469727,18.924999237060547,18.962499618530273,18569560
2019-03-12,15.54633617401123,19.3125,19.362499237060547,19.200000762939453,19.212499618530273,55429872
2019-03-13,15.51615047454834,19.274999618530273,19.299999237060547,19.200000762939453,19.262500762939453,40594116
2019-03-14,15.506084442138672,19.262500762939453,19.350000381469727,19.237499237060547,19.325000762939453,20835024
2019-03-15,15.616772651672363,19.399999618530273,19.424999237060547,19.287500381469727,19.337499618530273,45935004
2019-03-18,15.717398643493652,19.524999618530273,19.524999618530273,19.412500381469727,19.4375,48874832
2019-03-19,15.777769088745117,19.600000381469727,19.600000381469727,19.462499618530273,19.524999618530273,34417184
2019-03-20,15.797897338867188,19.625,19.637500762939453,19.549999237060547,19.587499618530273,47424108
2019-03-21,15.928703308105469,19.787500381469727,19.787500381469727,19.662500381469727,19.700000762939453,45364852
2019-03-22,15.96895694732666,19.837499618530273,19.924999237060547,19.762500762939453,19.875,27721428
2019-03-25,15.727458000183105,19.537500381469727,19.587499618530273,19.5,19.524999618530273,28083024
2019-03-26,15.828081130981445,19.662500381469727,19.674999237060547,19.600000381469727,19.625,10800360
2019-03-27,15.797897338867188,19.625,19.674999237060547,19.549999237060547,19.612499237060547,10222736
2019-03-28,15.797897338867188,19.625,19.649999618530273,19.537500381469727,19.575000762939453,13661728
2019-03-29,15.928703308105469,19.787500381469727,19.787500381469727,19.5625,19.674999237060547,22721936
2019-04-01,16.069580078125,19.962499618530273,20.100000381469727,19.899999618530273,20.0,44213620
2019-04-02,16.12994956970215,20.037500381469727,20.112499237060547,20.024999618530273,20.024999618530273,22420368
2019-04-03,16.12994956970215,20.037500381469727,20.112499237060547,19.987499237060547,20.100000381469727,27468696
2019-04-08,16.280887603759766,20.225000381469727,20.25,20.174999237060547,20.200000762939453,31963128
2019-04-09,16.381511688232422,20.350000381469727,20.350000381469727,20.212499618530273,20.237499237060547,61088188
2019-04-10,16.401636123657227,20.375,20.387500762939453,20.274999618530273,20.274999618530273,43452644
2019-04-11,16.331201553344727,20.287500381469727,20.387500762939453,20.225000381469727,20.337499618530273,33089720
2019-04-12,16.321138381958008,20.274999618530273,20.325000762939453,20.25,20.287500381469727,29993636
2019-04-15,16.47207260131836,20.462499618530273,20.5,20.387500762939453,20.412500381469727,30726216
2019-04-16,16.522382736206055,20.524999618530273,20.537500381469727,20.450000762939453,20.462499618530273,31071724
2019-04-17,16.653194427490234,20.6875,20.725000381469727,20.575000762939453,20.575000762939453,92419348
2019-04-18,16.64313316345215,20.674999237060547,20.837499618530273,20.612499237060547,20.725000381469727,82761460
2019-04-19,16.663257598876953,20.700000762939453,20.875,20.674999237060547,20.8125,50062636
2019-04-22,16.64313316345215,20.674999237060547,20.774999618530273,20.662500381469727,20.75,11497248
2019-04-23,16.71356964111328,20.762500762939453,20.799999237060547,20.637500762939453,20.674999237060547,24048124
2019-04-24,16.74375343322754,20.799999237060547,20.887500762939453,20.725000381469727,20.850000381469727,12434224
2019-04-25,16.78400421142578,20.850000381469727,20.862499237060547,20.75,20.774999618530273,14116156
2019-04-26,16.592819213867188,20.612499237060547,20.700000762939453,20.549999237060547,20.700000762939453,15260360
2019-04-29,16.663257598876953,20.700000762939453,20.737499237060547,20.625,20.649999618530273,12647828
2019-04-30,16.663257598876953,20.700000762939453,20.725000381469727,20.600000381469727,20.700000762939453,12991564
2019-05-02,16.703510284423828,20.75,20.862499237060547,20.725000381469727,20.737499237060547,24622252
2019-05-03,16.854440689086914,20.9375,20.950000762939453,20.774999618530273,20.774999618530273,121297864
2019-05-06,16.562633514404297,20.575000762939453,20.649999618530273,20.512500762939453,20.649999618530273,29854448
2019-05-07,16.73369598388672,20.787500381469727,20.825000762939453,20.662500381469727,20.662500381469727,56045768
2019-05-08,16.612945556640625,20.637500762939453,20.712499618530273,20.5625,20.600000381469727,54292568
2019-05-09,16.41170310974121,20.387500762939453,20.549999237060547,20.3125,20.537500381469727,27694692
2019-05-10,16.401636123657227,20.375,20.537500381469727,20.225000381469727,20.387500762939453,47176540
2019-05-13,16.12994956970215,20.037500381469727,20.274999618530273,20.024999618530273,20.274999618530273,74712424
2019-05-14,16.029327392578125,19.912500381469727,20.012500762939453,19.725000381469727,19.899999618530273,81118520
2019-05-15,16.049453735351562,19.9375,20.0,19.862499237060547,19.912500381469727,69047356
2019-05-16,15.90857982635498,19.762500762939453,19.899999618530273,19.75,19.875,68399896
2019-05-17,15.74758529663086,19.5625,19.887500762939453,19.5625,19.875,94295304
2019-05-20,15.737517356872559,19.549999237060547,19.700000762939453,19.537500381469727,19.625,57219052
2019-05-21,15.777769088745117,19.600000381469727,19.612499237060547,19.424999237060547,19.5,79259372
2019-05-22,15.777769088745117,19.600000381469727,19.662500381469727,19.524999618530273,19.549999237060547,42231964
2019-05-23,15.485965728759766,19.237499237060547,19.462499618530273,19.212499618530273,19.462499618530273,102730308
2019-05-24,15.566458702087402,19.337499618530273,19.375,19.25,19.262500762939453,24117696
2019-05-27,15.52621078491211,19.287500381469727,19.375,19.212499618530273,19.375,46164288
2019-05-28,15.51615047454834,19.274999618530273,19.3125,19.212499618530273,19.3125,39249240
2019-05-29,15.445712089538574,19.1875,19.200000762939453,19.075000762939453,19.125,38638076
2019-05-30,15.576523780822754,19.350000381469727,19.375,19.1875,19.1875,30634636
2019-05-31,15.787832260131836,19.612499237060547,19.612499237060547,19.325000762939453,19.337499618530273,30265240
2019-06-03,15.80795669555664,19.637500762939453,19.662500381469727,19.412500381469727,19.549999237060547,24070776
2019-06-04,15.7073335647583,19.512500762939453,19.649999618530273,19.5,19.612499237060547,28915316
2019-06-05,15.757645606994629,19.575000762939453,19.737499237060547,19.5625,19.712499618530273,28207576
2019-06-06,15.636895179748535,19.424999237060547,19.462499618530273,19.362499237060547,19.424999237060547,29824812
2019-06-10,15.90857982635498,19.762500762939453,19.762500762939453,19.587499618530273,19.662500381469727,30667052
2019-06-11,15.97901725769043,19.850000381469727,19.950000762939453,19.762500762939453,19.799999237060547,42495944
2019-06-12,16.039390563964844,19.924999237060547,19.950000762939453,19.8125,19.850000381469727,37033184
2019-06-13,15.90857982635498,19.762500762939453,19.887500762939453,19.737499237060547,19.850000381469727,23659764
2019-06-14,15.878396034240723,19.725000381469727,19.787500381469727,19.700000762939453,19.75,12656348
2019-06-17,15.838143348693848,19.674999237060547,19.737499237060547,19.524999618530273,19.612499237060547,24564512
2019-06-18,15.878396034240723,19.725000381469727,19.75,19.649999618530273,19.700000762939453,11561508
2019-06-19,16.25069808959961,20.1875,20.200000762939453,19.987499237060547,20.0,87330036
2019-06-20,16.270824432373047,20.212499618530273,20.25,20.162500381469727,20.1875,46327976
2019-06-21,16.270824432373047,20.212499618530273,20.299999237060547,20.200000762939453,20.274999618530273,61374128
2019-06-24,16.341259002685547,20.299999237060547,20.375,20.174999237060547,20.200000762939453,66402988
2019-06-25,16.25069808959961,20.1875,20.350000381469727,20.149999618530273,20.287500381469727,31764512
2019-06-26,16.170202255249023,20.087499618530273,20.149999618530273,20.0625,20.149999618530273,23653408
2019-06-27,16.401636123657227,20.375,20.399999618530273,20.137500762939453,20.137500762939453,61405316
2019-06-28,16.280887603759766,20.225000381469727,20.387500762939453,20.212499618530273,20.362499237060547,15762744
2019-07-01,16.633068084716797,20.662500381469727,20.700000762939453,20.512500762939453,20.512500762939453,55085580
2019-07-02,16.592819213867188,20.612499237060547,20.674999237060547,20.600000381469727,20.662500381469727,20837160
2019-07-03,16.401636123657227,20.375,20.587499618530273,20.337499618530273,20.587499618530273,34461696
2019-07-04,16.50226402282715,20.5,20.549999237060547,20.450000762939453,20.450000762939453,23110224
2019-07-05,16.482131958007812,20.475000381469727,20.587499618530273,20.450000762939453,20.524999618530273,6451732
2019-07-08,16.421756744384766,20.399999618530273,20.5,20.350000381469727,20.450000762939453,15436232
2019-07-09,16.401636123657227,20.375,20.4375,20.350000381469727,20.4375,16332620
2019-07-10,16.542509078979492,20.549999237060547,20.5625,20.462499618530273,20.487499237060547,17710920
2019-07-11,16.673320770263672,20.712499618530273,20.762500762939453,20.625,20.662500381469727,41519092
2019-07-12,16.653194427490234,20.6875,20.75,20.674999237060547,20.712499618530273,11890020
2019-07-15,16.74375343322754,20.799999237060547,20.837499618530273,20.5625,20.712499618530273,37344172
2019-07-16,16.773944854736328,20.837499618530273,20.862499237060547,20.787500381469727,20.799999237060547,22012980
2019-07-17,16.663257598876953,20.700000762939453,20.8125,20.700000762939453,20.8125,42394120
2019-07-18,16.64313316345215,20.674999237060547,20.737499237060547,20.649999618530273,20.649999618530273,30164104
2019-07-19,16.846101760864258,20.75,20.862499237060547,20.75,20.75,39123688
2019-07-22,16.927284240722656,20.850000381469727,20.875,20.774999618530273,20.774999618530273,33474176
2019-07-23,16.967878341674805,20.899999618530273,20.975000381469727,20.875,20.899999618530273,23596464
2019-07-24,16.95772933959961,20.887500762939453,20.975000381469727,20.887500762939453,20.9375,13457344
2019-07-25,17.00847053527832,20.950000762939453,20.950000762939453,20.850000381469727,20.887500762939453,19726636
2019-07-26,16.89683723449707,20.8125,20.850000381469727,20.799999237060547,20.850000381469727,12518748
2019-07-29,16.93743133544922,20.862499237060547,20.862499237060547,20.762500762939453,20.774999618530273,12168984
2019-07-30,16.886688232421875,20.799999237060547,20.924999237060547,20.799999237060547,20.899999618530273,8333496
2019-07-31,16.805505752563477,20.700000762939453,20.787500381469727,20.612499237060547,20.787500381469727,12477048
2019-08-01,16.704021453857422,20.575000762939453,20.637500762939453,20.524999618530273,20.549999237060547,20171772
2019-08-02,16.430017471313477,20.237499237060547,20.299999237060547,20.149999618530273,20.262500762939453,67385608
2019-08-05,16.267648696899414,20.037500381469727,20.212499618530273,19.975000381469727,20.174999237060547,82638024
2019-08-06,16.257497787475586,20.024999618530273,20.112499237060547,19.625,19.662500381469727,99607384
2019-08-07,16.176311492919922,19.924999237060547,20.049999237060547,19.887500762939453,20.037500381469727,67424016
2019-08-08,16.36912727355957,20.162500381469727,20.200000762939453,20.0,20.012500762939453,20144484
2019-08-12,16.358983993530273,20.149999618530273,20.212499618530273,20.037500381469727,20.162500381469727,12672120
2019-08-13,16.176311492919922,19.924999237060547,20.037500381469727,19.887500762939453,20.037500381469727,29726076
2019-08-14,16.298095703125,20.075000762939453,20.200000762939453,20.075000762939453,20.174999237060547,29528552
2019-08-15,16.11542510986328,19.850000381469727,19.899999618530273,19.774999618530273,19.799999237060547,63888356
2019-08-16,16.30824089050293,20.087499618530273,20.087499618530273,19.8125,19.862499237060547,24634992
2019-08-19,16.399574279785156,20.200000762939453,20.225000381469727,20.075000762939453,20.1875,25901408
2019-08-20,16.440166473388672,20.25,20.274999618530273,20.200000762939453,20.212499618530273,16716788
2019-08-21,16.46046257019043,20.274999618530273,20.287500381469727,20.225000381469727,20.237499237060547,24371584
2019-08-22,16.419872283935547,20.225000381469727,20.412500381469727,20.200000762939453,20.325000762939453,37517592
2019-08-23,16.440166473388672,20.25,20.274999618530273,20.1875,20.225000381469727,12844144
2019-08-26,16.166166305541992,19.912500381469727,20.024999618530273,19.899999618530273,19.950000762939453,49169240
2019-08-27,16.20676040649414,19.962499618530273,20.049999237060547,19.9375,20.037500381469727,10143456
2019-08-28,16.318391799926758,20.100000381469727,20.137500762939453,20.024999618530273,20.024999618530273,13272752
2019-08-29,16.348834991455078,20.137500762939453,20.149999618530273,20.0,20.112499237060547,12934596
2019-08-30,16.612689971923828,20.462499618530273,20.475000381469727,20.287500381469727,20.287500381469727,77483576
2019-09-02,16.62283706665039,20.475000381469727,20.5,20.412500381469727,20.450000762939453,25831480
2019-09-03,16.480758666992188,20.299999237060547,20.5,20.299999237060547,20.462499618530273,20211700
2019-09-04,16.673580169677734,20.537500381469727,20.549999237060547,20.350000381469727,20.362499237060547,42995084
2019-09-05,16.846101760864258,20.75,20.799999237060547,20.637500762939453,20.637500762939453,101717560
2019-09-06,16.947580337524414,20.875,20.887500762939453,20.8125,20.8125,68905212
2019-09-10,16.927284240722656,20.850000381469727,20.987499237060547,20.799999237060547,20.987499237060547,20687388
2019-09-11,16.93743133544922,20.862499237060547,20.975000381469727,20.825000762939453,20.9375,18984800
2019-09-12,17.028766632080078,20.975000381469727,21.0625,20.9375,21.024999618530273,37124488
2019-09-16,17.130247116088867,21.100000381469727,21.112499237060547,20.987499237060547,21.0,43719168
2019-09-17,17.09980583190918,21.0625,21.112499237060547,21.049999237060547,21.100000381469727,19867120
2019-09-18,17.241880416870117,21.237499237060547,21.25,21.087499618530273,21.100000381469727,67997944
2019-09-19,17.140396118164062,21.112499237060547,21.287500381469727,21.100000381469727,21.237499237060547,31109456
2019-09-20,17.191137313842773,21.174999237060547,21.225000381469727,21.162500381469727,21.162500381469727,32926796
2019-09-23,17.150545120239258,21.125,21.212499618530273,21.125,21.162500381469727,17479356
2019-09-24,17.18099021911621,21.162500381469727,21.212499618530273,21.087499618530273,21.125,19408048
2019-09-25,17.069358825683594,21.024999618530273,21.087499618530273,20.975000381469727,21.087499618530273,15710696
2019-09-26,17.109952926635742,21.075000762939453,21.174999237060547,21.037500381469727,21.112499237060547,20778748
2019-09-27,17.17084312438965,21.149999618530273,21.299999237060547,21.125,21.225000381469727,35538780
2019-10-01,17.444841384887695,21.487499237060547,21.5,21.200000762939453,21.200000762939453,36467632
2019-10-02,17.383955001831055,21.412500381469727,21.475000381469727,21.399999618530273,21.399999618530273,22614632
2019-10-03,17.211437225341797,21.200000762939453,21.274999618530273,21.075000762939453,21.100000381469727,19472948
2019-10-04,17.282472610473633,21.287500381469727,21.350000381469727,21.1875,21.299999237060547,14987948
2019-10-07,17.34336280822754,21.362499237060547,21.412500381469727,21.299999237060547,21.350000381469727,16562988
2019-10-08,17.556476593017578,21.625,21.649999618530273,21.462499618530273,21.462499618530273,48781740
2019-10-09,17.41440200805664,21.450000762939453,21.549999237060547,21.450000762939453,21.537500381469727,27667316
2019-10-14,17.769588470458984,21.887500762939453,21.887500762939453,21.75,21.75,37965192
2019-10-15,17.800037384033203,21.924999237060547,21.962499618530273,21.825000762939453,21.887500762939453,17510440
2019-10-16,17.8812198638916,22.024999618530273,22.037500381469727,21.962499618530273,22.0,15934688
2019-10-17,17.891368865966797,22.037500381469727,22.037500381469727,21.950000762939453,22.012500762939453,10163532
2019-10-18,17.85077476501465,21.987499237060547,22.162500381469727,21.975000381469727,22.037500381469727,11263192
2019-10-21,17.830476760864258,21.962499618530273,22.0,21.9375,21.987499237060547,4310608
2019-10-22,18.00299835205078,22.174999237060547,22.200000762939453,22.049999237060547,22.049999237060547,13025596
2019-10-23,17.95225715637207,22.112499237060547,22.200000762939453,22.075000762939453,22.174999237060547,10322624
2019-10-24,18.02329444885254,22.200000762939453,22.200000762939453,22.125,22.174999237060547,10318236
2019-10-25,18.02329444885254,22.200000762939453,22.299999237060547,22.149999618530273,22.299999237060547,31884760
2019-10-28,18.104482650756836,22.299999237060547,22.325000762939453,22.25,22.3125,20039096
2019-10-29,18.15522003173828,22.362499237060547,22.412500381469727,22.337499618530273,22.375,29643940
2019-10-30,18.236408233642578,22.462499618530273,22.462499618530273,22.325000762939453,22.362499237060547,21537080
2019-10-31,18.28714942932129,22.524999618530273,22.649999618530273,22.475000381469727,22.475000381469727,37832656
2019-11-01,18.28714942932129,22.524999618530273,22.549999237060547,22.4375,22.5,11227112
2019-11-04,18.713375091552734,23.049999237060547,23.0625,22.637500762939453,22.637500762939453,26922724
2019-11-05,18.855449676513672,23.225000381469727,23.225000381469727,23.087499618530273,23.100000381469727,15865116
2019-11-06,18.9467830657959,23.337499618530273,23.337499618530273,23.1875,23.237499237060547,17977276
2019-11-07,18.84530258178711,23.212499618530273,23.299999237060547,23.087499618530273,23.299999237060547,12200472
2019-11-08,18.784414291381836,23.137500762939453,23.262500762939453,23.100000381469727,23.25,11562144
2019-11-11,18.500263214111328,22.787500381469727,23.112499237060547,22.762500762939453,23.100000381469727,23437376
2019-11-12,18.67278289794922,23.0,23.0,22.887500762939453,22.887500762939453,9705188
2019-11-13,18.5611515045166,22.862499237060547,22.912500381469727,22.762500762939453,22.887500762939453,7742180
2019-11-14,18.551006317138672,22.850000381469727,22.950000762939453,22.799999237060547,22.899999618530273,8697124
2019-11-15,18.733673095703125,23.075000762939453,23.125,23.0,23.0,10043516
2019-11-18,18.855449676513672,23.225000381469727,23.225000381469727,23.100000381469727,23.125,8350452
2019-11-19,18.99752426147461,23.399999618530273,23.399999618530273,23.162500381469727,23.225000381469727,11286496
2019-11-20,18.926490783691406,23.3125,23.399999618530273,23.274999618530273,23.399999618530273,31818476
2019-11-21,18.774263381958008,23.125,23.137500762939453,22.950000762939453,23.075000762939453,13135352
2019-11-22,18.784414291381836,23.137500762939453,23.1875,23.100000381469727,23.137500762939453,6026176
2019-11-25,18.7945613861084,23.149999618530273,23.274999618530273,23.137500762939453,23.25,10082776
2019-11-26,18.84530258178711,23.212499618530273,23.325000762939453,23.200000762939453,23.237499237060547,15309920
2019-11-27,18.916339874267578,23.299999237060547,23.299999237060547,23.1875,23.212499618530273,7830704
2019-11-28,18.865596771240234,23.237499237060547,23.3125,23.200000762939453,23.3125,5410880
2019-11-29,18.571298599243164,22.875,23.212499618530273,22.862499237060547,23.212499618530273,21376832
2019-12-02,18.68292999267578,23.012500762939453,23.037500381469727,22.9375,22.987499237060547,8273364
2019-12-03,18.68292999267578,23.012500762939453,23.049999237060547,22.899999618530273,22.924999237060547,5643176
2019-12-04,18.611894607543945,22.924999237060547,22.975000381469727,22.850000381469727,22.962499618530273,9242032
2019-12-05,18.855449676513672,23.225000381469727,23.25,23.049999237060547,23.087499618530273,13764200
2019-12-06,18.885896682739258,23.262500762939453,23.375,23.1875,23.325000762939453,13577732
2019-12-09,19.00767707824707,23.412500381469727,23.450000762939453,23.299999237060547,23.299999237060547,11648776
2019-12-10,18.875747680664062,23.25,23.350000381469727,23.200000762939453,23.350000381469727,21181724
2019-12-11,19.027973175048828,23.4375,23.4375,23.237499237060547,23.25,7747088
2019-12-12,19.45419692993164,23.962499618530273,24.024999618530273,23.587499618530273,23.587499618530273,33680444
2019-12-13,19.667312622070312,24.225000381469727,24.350000381469727,24.174999237060547,24.1875,23520544
2019-12-16,19.657163619995117,24.212499618530273,24.262500762939453,24.162500381469727,24.237499237060547,281792
2019-12-17,19.9210147857666,24.537500381469727,24.537500381469727,24.174999237060547,24.1875,18812892
2019-12-18,19.931163787841797,24.549999237060547,24.575000762939453,24.450000762939453,24.5,15049420
2019-12-19,19.819536209106445,24.412500381469727,24.549999237060547,24.387500762939453,24.537500381469727,9084028
2019-12-20,19.677459716796875,24.237499237060547,24.387500762939453,24.174999237060547,24.387500762939453,13413940
2019-12-23,19.718055725097656,24.287500381469727,24.325000762939453,24.237499237060547,24.25,13666916
2019-12-24,19.728200912475586,24.299999237060547,24.362499237060547,24.299999237060547,24.325000762939453,5638912
2019-12-25,19.75864601135254,24.337499618530273,24.362499237060547,24.262500762939453,24.299999237060547,7156668
2019-12-26,19.75864601135254,24.337499618530273,24.387500762939453,24.274999618530273,24.387500762939453,12383876
2019-12-27,19.89057159423828,24.5,24.537500381469727,24.399999618530273,24.399999618530273,11912188
2019-12-30,19.8499813079834,24.450000762939453,24.5625,24.399999618530273,24.5,12555048
2019-12-31,19.677459716796875,24.237499237060547,24.299999237060547,24.237499237060547,24.274999618530273,17215788
2020-01-02,19.819536209106445,24.412500381469727,24.5,24.262500762939453,24.262500762939453,19528060
2020-01-03,19.819536209106445,24.412500381469727,24.674999237060547,24.25,24.575000762939453,27254188
2020-01-06,19.565826416015625,24.100000381469727,24.274999618530273,24.100000381469727,24.262500762939453,37287072
2020-01-07,19.504934310913086,24.024999618530273,24.174999237060547,23.850000381469727,24.112499237060547,25314408
2020-01-08,19.413604736328125,23.912500381469727,24.049999237060547,23.762500762939453,23.799999237060547,34067980
2020-01-09,19.677459716796875,24.237499237060547,24.274999618530273,24.075000762939453,24.075000762939453,28655772
2020-01-10,19.748497009277344,24.325000762939453,24.450000762939453,24.237499237060547,24.375,36287700
2020-01-13,19.89057159423828,24.5,24.524999618530273,24.375,24.462499618530273,26603592
2020-01-14,20.01235008239746,24.649999618530273,24.712499618530273,24.600000381469727,24.625,46179824
2020-01-15,19.809385299682617,24.399999618530273,24.674999237060547,24.362499237060547,24.674999237060547,41037416
2020-01-16,19.748497009277344,24.325000762939453,24.375,24.25,24.287500381469727,34745996
2020-01-17,19.748497009277344,24.325000762939453,24.4375,24.274999618530273,24.424999237060547,32484536
2020-01-20,19.829679489135742,24.424999237060547,24.5,24.387500762939453,24.387500762939453,27879780
2020-01-30,18.70322608947754,23.037500381469727,23.75,23.037500381469727,23.75,129051496
2020-01-31,18.84992027282715,22.487499237060547,22.662500381469727,22.412500381469727,22.662500381469727,89991068
2020-02-03,18.661314010620117,22.262500762939453,22.287500381469727,21.899999618530273,22.125,63294372
2020-02-04,18.98613166809082,22.649999618530273,24.237499237060547,22.649999618530273,24.237499237060547,35617884
2020-02-05,19.038522720336914,22.712499618530273,22.825000762939453,22.575000762939453,22.75,26806032
2020-02-06,19.342382431030273,23.075000762939453,23.075000762939453,22.837499618530273,22.912500381469727,42785908
2020-02-07,19.111867904663086,22.799999237060547,22.912500381469727,22.737499237060547,22.912500381469727,38219312
2020-02-10,19.069957733154297,22.75,22.799999237060547,22.399999618530273,22.5,29235632
2020-02-11,19.227127075195312,22.9375,22.987499237060547,22.837499618530273,22.837499618530273,20461608
2020-02-12,19.41573143005371,23.162500381469727,23.225000381469727,23.0,23.0,22560468
2020-02-13,19.447162628173828,23.200000762939453,23.3125,23.174999237060547,23.25,23017268
2020-02-14,19.478601455688477,23.237499237060547,23.3125,23.137500762939453,23.200000762939453,19952660
2020-02-17,19.342382431030273,23.075000762939453,23.137500762939453,22.987499237060547,23.075000762939453,25064844
2020-02-18,19.080432891845703,22.762500762939453,22.899999618530273,22.75,22.850000381469727,50117424
2020-02-19,19.300474166870117,23.024999618530273,23.0625,22.762500762939453,22.787500381469727,31788044
2020-02-20,19.21664810180664,22.924999237060547,23.125,22.837499618530273,23.087499618530273,26153344
2020-02-21,19.12234878540039,22.8125,22.987499237060547,22.737499237060547,22.912500381469727,21604752
2020-02-24,18.8813533782959,22.524999618530273,22.600000381469727,22.424999237060547,22.5625,54287744
2020-02-25,18.933740615844727,22.587499618530273,22.625,22.362499237060547,22.375,35360416
2020-02-26,18.745140075683594,22.362499237060547,22.4375,22.225000381469727,22.287500381469727,60324012
2020-02-27,18.577489852905273,22.162500381469727,22.375,22.087499618530273,22.337499618530273,98752216
2020-03-02,18.305065155029297,21.837499618530273,22.0625,21.712499618530273,21.875,111578564
2020-03-03,18.567014694213867,22.149999618530273,22.237499237060547,22.0625,22.212499618530273,44287600
2020-03-04,18.6927490234375,22.299999237060547,22.299999237060547,22.100000381469727,22.200000762939453,33749660
2020-03-05,18.902307510375977,22.549999237060547,22.5625,22.4375,22.450000762939453,39141932
2020-03-06,18.514625549316406,22.087499618530273,22.412500381469727,22.075000762939453,22.412500381469727,68385504
2020-03-09,17.99072265625,21.462499618530273,21.700000762939453,21.399999618530273,21.700000762939453,110937704
2020-03-10,18.08502769470215,21.575000762939453,21.575000762939453,21.225000381469727,21.25,95137380
2020-03-11,17.87546730041504,21.325000762939453,21.637500762939453,21.262500762939453,21.612499237060547,61226280
2020-03-12,17.215351104736328,20.537500381469727,21.125,20.287500381469727,21.125,179640984
2020-03-13,16.97435760498047,20.25,20.350000381469727,18.987499237060547,19.5,214819440
2020-03-16,16.19898796081543,19.325000762939453,20.100000381469727,19.237499237060547,20.0,135255804
2020-03-17,15.685566902160645,18.712499618530273,19.174999237060547,18.575000762939453,18.575000762939453,204583328
2020-03-18,15.255965232849121,18.200000762939453,18.8125,18.200000762939453,18.737499237060547,187162012
2020-03-19,14.365333557128906,17.137500762939453,17.75,16.8125,17.75,272153360
2020-03-20,15.507433891296387,18.5,18.5,17.725000381469727,17.75,163642132
2020-03-23,14.836845397949219,17.700000762939453,18.024999618530273,17.387500762939453,17.75,89860468
2020-03-24,15.559825897216797,18.5625,18.825000762939453,18.424999237060547,18.462499618530273,107027372
2020-03-25,16.104684829711914,19.212499618530273,19.362499237060547,19.024999618530273,19.200000762939453,130751280
2020-03-26,16.17803192138672,19.299999237060547,19.362499237060547,19.0,19.350000381469727,76862752
2020-03-27,16.05229377746582,19.149999618530273,19.674999237060547,19.112499237060547,19.575000762939453,87815604
2020-03-30,15.895126342773438,18.962499618530273,19.037500381469727,18.512500762939453,18.674999237060547,54423532
2020-03-31,15.957995414733887,19.037500381469727,19.299999237060547,18.899999618530273,19.200000762939453,39056000
2020-04-01,15.905607223510742,18.975000381469727,19.162500381469727,18.962499618530273,19.125,39792068
2020-04-06,16.146595001220703,19.262500762939453,19.274999618530273,18.9375,19.237499237060547,48830504
2020-04-07,16.450456619262695,19.625,19.725000381469727,19.512500762939453,19.625,61208152
2020-04-08,16.680973052978516,19.899999618530273,19.924999237060547,19.587499618530273,19.625,60922792
2020-04-09,16.607627868652344,19.8125,20.024999618530273,19.712499618530273,19.962499618530273,62600420
2020-04-10,16.618106842041016,19.825000762939453,19.837499618530273,19.674999237060547,19.75,23299116
2020-04-13,16.513322830200195,19.700000762939453,19.850000381469727,19.637500762939453,19.75,29723656
2020-04-14,16.963878631591797,20.237499237060547,20.237499237060547,19.762500762939453,19.762500762939453,52487168
2020-04-15,17.01626968383789,20.299999237060547,20.375,20.25,20.3125,69444464
2020-04-16,16.932443618774414,20.200000762939453,20.274999618530273,20.012500762939453,20.049999237060547,49638100
2020-04-17,17.44586753845215,20.8125,21.0,20.674999237060547,20.75,138128152
2020-04-20,17.393478393554688,20.75,20.875,20.700000762939453,20.8125,49345664
2020-04-21,16.890531539916992,20.149999618530273,20.662500381469727,20.125,20.662500381469727,84329816
2020-04-22,16.890531539916992,20.149999618530273,20.149999618530273,19.875,20.0,43584604
2020-04-23,16.95340347290039,20.225000381469727,20.5,20.075000762939453,20.287500381469727,53195792
2020-04-24,16.95340347290039,20.225000381469727,20.25,20.112499237060547,20.200000762939453,23059008
2020-04-27,17.299175262451172,20.637500762939453,20.649999618530273,20.412500381469727,20.537500381469727,55670896
2020-04-28,17.299175262451172,20.637500762939453,20.725000381469727,20.5,20.725000381469727,30226644
2020-04-29,17.540172576904297,20.924999237060547,20.975000381469727,20.737499237060547,20.762500762939453,47496316
2020-04-30,17.917377471923828,21.375,21.375,21.100000381469727,21.112499237060547,75140624
2020-05-04,17.393478393554688,20.75,20.825000762939453,20.549999237060547,20.600000381469727,62593520
2020-05-05,17.4773006439209,20.850000381469727,20.950000762939453,20.75,20.875,31242544
2020-05-06,17.498260498046875,20.875,20.9375,20.649999618530273,20.825000762939453,24570372
2020-05-07,17.57159996032715,20.962499618530273,21.037500381469727,20.825000762939453,20.875,24563980
2020-05-08,17.6763858795166,21.087499618530273,21.1875,21.0,21.149999618530273,24136052
2020-05-11,17.823078155517578,21.262500762939453,21.350000381469727,21.174999237060547,21.25,26621688
2020-05-12,17.613515853881836,21.012500762939453,21.149999618530273,20.912500381469727,21.149999618530273,46197460
2020-05-13,17.665910720825195,21.075000762939453,21.100000381469727,20.899999618530273,20.924999237060547,19868660
2020-05-14,17.456348419189453,20.825000762939453,20.962499618530273,20.799999237060547,20.950000762939453,34973072
2020-05-15,17.57159996032715,20.962499618530273,21.0625,20.762500762939453,21.012500762939453,24763124
2020-05-18,17.424911499023438,20.787500381469727,20.862499237060547,20.700000762939453,20.762500762939453,33086812
2020-05-19,17.58208465576172,20.975000381469727,21.125,20.912500381469727,21.100000381469727,21911100
2020-05-20,17.561126708984375,20.950000762939453,21.049999237060547,20.875,21.0,39576564
2020-05-21,17.70781707763672,21.125,21.200000762939453,21.024999618530273,21.037500381469727,30272188
2020-05-22,17.382999420166016,20.737499237060547,20.975000381469727,20.725000381469727,20.950000762939453,53416584
2020-05-25,17.498260498046875,20.875,20.875,20.537500381469727,20.787500381469727,21002176
2020-05-26,17.69734001159668,21.112499237060547,21.162500381469727,20.962499618530273,21.0625,61819796
2020-05-27,17.6763858795166,21.087499618530273,21.212499618530273,21.012500762939453,21.174999237060547,18359068
2020-05-28,17.57159996032715,20.962499618530273,21.225000381469727,20.887500762939453,21.225000381469727,29907636
2020-05-29,17.69734001159668,21.112499237060547,21.112499237060547,20.75,20.850000381469727,21282760
2020-06-01,17.791643142700195,21.225000381469727,21.287500381469727,21.100000381469727,21.112499237060547,33461284
2020-06-02,17.87546730041504,21.325000762939453,21.375,21.25,21.25,47788240
2020-06-03,18.18980598449707,21.700000762939453,21.725000381469727,21.524999618530273,21.537500381469727,72468976
2020-06-04,18.357452392578125,21.899999618530273,21.9375,21.787500381469727,21.875,60146212
2020-06-05,18.514625549316406,22.087499618530273,22.087499618530273,21.924999237060547,21.924999237060547,39666328
2020-06-08,18.755619049072266,22.375,22.450000762939453,22.200000762939453,22.225000381469727,62198168
2020-06-09,18.776573181152344,22.399999618530273,22.450000762939453,22.237499237060547,22.399999618530273,45426316
2020-06-10,18.95469856262207,22.612499237060547,22.674999237060547,22.387500762939453,22.412500381469727,43995588
2020-06-11,18.661314010620117,22.262500762939453,22.712499618530273,22.25,22.612499237060547,56716768
2020-06-12,18.493667602539062,22.0625,22.125,21.774999618530273,21.8125,86253484
2020-06-15,18.23171615600586,21.75,22.075000762939453,21.725000381469727,22.024999618530273,38294800
2020-06-16,18.6298828125,22.225000381469727,22.299999237060547,22.037500381469727,22.037500381469727,43364188
2020-06-17,18.650836944580078,22.25,22.299999237060547,22.075000762939453,22.299999237060547,46040944
2020-06-18,18.6298828125,22.225000381469727,22.325000762939453,22.087499618530273,22.262500762939453,20143004
2020-06-19,18.61940574645996,22.212499618530273,22.287500381469727,22.162500381469727,22.25,9335940
2020-06-22,18.661314010620117,22.262500762939453,22.424999237060547,22.212499618530273,22.212499618530273,42317824
2020-06-23,18.745140075683594,22.362499237060547,22.512500762939453,22.200000762939453,22.399999618530273,34659556
2020-06-24,18.860397338867188,22.5,22.625,22.450000762939453,22.450000762939453,40247616
2020-06-29,18.671794891357422,22.274999618530273,22.399999618530273,22.162500381469727,22.3125,39140028
2020-06-30,18.839439392089844,22.475000381469727,22.487499237060547,22.350000381469727,22.387500762939453,32140548
2020-07-01,18.96517562866211,22.625,22.725000381469727,22.487499237060547,22.487499237060547,39917000
2020-07-02,19.17473602294922,22.875,22.875,22.649999618530273,22.662500381469727,30405896
2020-07-03,19.394777297973633,23.137500762939453,23.1875,23.024999618530273,23.024999618530273,59932652
2020-07-06,19.730072021484375,23.537500381469727,23.575000762939453,23.299999237060547,23.299999237060547,57877356
2020-07-07,19.803415298461914,23.625,23.875,23.524999618530273,23.75,55711092
2020-07-08,19.939632415771484,23.787500381469727,23.850000381469727,23.600000381469727,23.625,44581472
2020-07-09,20.002498626708984,23.862499237060547,23.962499618530273,23.787500381469727,23.924999237060547,28966628
2020-07-10,19.834854125976562,23.662500381469727,23.924999237060547,23.649999618530273,23.887500762939453,46010216
2020-07-13,20.128232955932617,24.012500762939453,24.024999618530273,23.8125,23.850000381469727,48218048
2020-07-14,20.25397300720215,24.162500381469727,24.162500381469727,23.924999237060547,23.950000762939453,53922656
2020-07-15,20.337797164916992,24.262500762939453,24.487499237060547,24.174999237060547,24.325000762939453,85262896
2020-07-16,20.138708114624023,24.024999618530273,24.25,23.962499618530273,24.25,30528516
2020-07-17,20.36922836303711,24.299999237060547,24.424999237060547,24.174999237060547,24.262500762939453,72041880
2020-07-20,20.337797164916992,24.262500762939453,24.337499618530273,24.0625,24.299999237060547,37945628
2020-07-21,20.83383560180664,24.674999237060547,24.774999618530273,24.274999618530273,24.287500381469727,98963900
2020-07-22,20.886611938476562,24.737499237060547,24.8125,24.587499618530273,24.637500762939453,28975572
2020-07-23,20.865501403808594,24.712499618530273,24.725000381469727,24.524999618530273,24.712499618530273,24035888
2020-07-24,20.791622161865234,24.625,25.024999618530273,24.5625,24.75,69510488
2020-07-27,21.80481719970703,25.825000762939453,25.887500762939453,25.450000762939453,25.450000762939453,91496696
2020-07-28,21.86814308166504,25.899999618530273,27.174999237060547,25.825000762939453,26.8125,89691044
2020-07-29,21.646507263183594,25.637500762939453,25.950000762939453,25.524999618530273,25.700000762939453,38546660
2020-07-30,21.963130950927734,26.012500762939453,26.25,25.825000762939453,26.049999237060547,26348340
2020-07-31,21.910358428955078,25.950000762939453,26.075000762939453,25.862499237060547,25.975000381469727,21256084
2020-08-03,21.530410766601562,25.5,25.875,25.5,25.862499237060547,29035656
2020-08-04,21.80481719970703,25.825000762939453,25.837499618530273,25.637500762939453,25.637500762939453,19192588
2020-08-05,22.01590347290039,26.075000762939453,26.125,25.9375,26.024999618530273,20425524
2020-08-06,22.248092651367188,26.350000381469727,26.487499237060547,26.212499618530273,26.362499237060547,29720380
2020-08-07,22.08977699279785,26.162500381469727,26.387500762939453,26.075000762939453,26.387500762939453,27214920
2020-08-10,22.29030990600586,26.399999618530273,26.462499618530273,26.024999618530273,26.024999618530273,23623008
2020-08-11,22.121440887451172,26.200000762939453,26.412500381469727,26.1875,26.350000381469727,12796564
2020-08-12,21.79426383972168,25.8125,26.0,25.75,26.0,23666892
2020-08-13,22.005346298217773,26.0625,26.225000381469727,26.012500762939453,26.174999237060547,21845004
2020-08-14,22.058116912841797,26.125,26.125,25.875,25.950000762939453,15119800
2020-08-17,22.29030990600586,26.399999618530273,26.424999237060547,26.0625,26.125,22566640
2020-08-18,22.163654327392578,26.25,26.475000381469727,26.162500381469727,26.424999237060547,14982444
2020-08-19,22.005346298217773,26.0625,26.362499237060547,26.024999618530273,26.25,24173256
2020-08-20,21.234893798828125,25.149999618530273,25.950000762939453,24.674999237060547,25.950000762939453,74952860
2020-08-21,21.69927978515625,25.700000762939453,25.75,25.424999237060547,25.537500381469727,32530852
2020-08-24,21.76259994506836,25.774999618530273,25.887500762939453,25.575000762939453,25.712499618530273,14874236
2020-08-25,21.931467056274414,25.975000381469727,26.087499618530273,25.837499618530273,25.862499237060547,14439236
2020-08-26,22.01590347290039,26.075000762939453,26.087499618530273,25.899999618530273,26.0,10662080
2020-08-27,22.06867218017578,26.137500762939453,26.424999237060547,26.112499237060547,26.274999618530273,22824424
2020-08-28,21.84703826904297,25.875,26.0625,25.75,25.962499618530273,15653196
2020-08-31,21.48819351196289,25.450000762939453,26.0625,25.450000762939453,26.024999618530273,23039732
2020-09-01,21.815370559692383,25.837499618530273,25.837499618530273,25.462499618530273,25.612499237060547,22942548
2020-09-02,21.741497039794922,25.75,26.012500762939453,25.575000762939453,25.912500381469727,16532332
2020-09-03,21.80481719970703,25.825000762939453,26.075000762939453,25.799999237060547,25.924999237060547,20516792
2020-09-04,21.646507263183594,25.637500762939453,25.674999237060547,25.475000381469727,25.5,23664048
2020-09-07,21.614843368530273,25.600000381469727,25.762500762939453,25.475000381469727,25.637500762939453,21998628
2020-09-08,21.741497039794922,25.75,25.774999618530273,25.612499237060547,25.6875,18017812
2020-09-09,21.593740463256836,25.575000762939453,25.587499618530273,25.287500381469727,25.4375,25096132
2020-09-10,21.783710479736328,25.799999237060547,25.837499618530273,25.649999618530273,25.700000762939453,14325348
2020-09-11,21.79426383972168,25.8125,25.837499618530273,25.700000762939453,25.799999237060547,11621164
2020-09-14,22.06867218017578,26.137500762939453,26.137500762939453,25.8125,25.875,23013896
2020-09-15,22.153104782104492,26.237499237060547,26.299999237060547,26.0625,26.112499237060547,21755072
2020-09-16,22.490835189819336,26.637500762939453,26.75,26.587499618530273,26.637500762939453,59421060
2020-09-17,22.248092651367188,26.350000381469727,26.587499618530273,26.274999618530273,26.512500762939453,34995384
2020-09-18,22.22698211669922,26.325000762939453,26.424999237060547,26.212499618530273,26.350000381469727,19806876
2020-09-21,22.047561645507812,26.112499237060547,26.475000381469727,26.087499618530273,26.299999237060547,22838940
2020-09-22,21.76259994506836,25.774999618530273,26.075000762939453,25.737499237060547,26.075000762939453,26544220
2020-09-23,21.730937957763672,25.737499237060547,25.875,25.600000381469727,25.875,21448400
2020-09-24,21.20323371887207,25.112499237060547,25.450000762939453,25.0625,25.387500762939453,63139092
2020-09-25,21.245447158813477,25.162500381469727,25.362499237060547,25.012500762939453,25.1875,37995720
2020-09-28,21.593740463256836,25.575000762939453,25.575000762939453,25.25,25.337499618530273,24107520
2020-09-29,21.646507263183594,25.637500762939453,25.8125,25.537500381469727,25.6875,15037048
2020-09-30,21.741497039794922,25.75,25.862499237060547,25.649999618530273,25.6875,14181940
2020-10-05,21.752042770385742,25.762500762939453,26.012500762939453,25.75,25.862499237060547,23650396
2020-10-06,22.005346298217773,26.0625,26.087499618530273,25.962499618530273,26.0,27501040
2020-10-07,22.121440887451172,26.200000762939453,26.25,25.875,26.0,16044556
2020-10-08,22.416955947875977,26.549999237060547,26.587499618530273,26.325000762939453,26.362499237060547,53883596
2020-10-12,22.596378326416016,26.762500762939453,26.924999237060547,26.674999237060547,26.674999237060547,39351996
2020-10-13,22.6069278717041,26.774999618530273,26.899999618530273,26.549999237060547,26.837499618530273,21642456
2020-10-14,22.52250099182129,26.674999237060547,26.799999237060547,26.612499237060547,26.762500762939453,10251440
2020-10-15,22.31141471862793,26.424999237060547,26.625,26.274999618530273,26.625,18200616
2020-10-16,22.2164306640625,26.3125,26.575000762939453,26.274999618530273,26.424999237060547,12956020
2020-10-19,22.50139045715332,26.649999618530273,26.649999618530273,26.399999618530273,26.412500381469727,13837292
2020-10-20,22.374740600585938,26.5,26.612499237060547,26.5,26.600000381469727,5656128
2020-10-21,22.364185333251953,26.487499237060547,26.637500762939453,26.412500381469727,26.5,29197548
2020-10-22,22.39584732055664,26.524999618530273,26.524999618530273,26.375,26.424999237060547,8633040
2020-10-23,22.39584732055664,26.524999618530273,26.662500381469727,26.412500381469727,26.625,12823320
2020-10-26,22.39584732055664,26.524999618530273,26.649999618530273,26.450000762939453,26.524999618530273,11397560
2020-10-27,22.26919937133789,26.375,26.4375,26.287500381469727,26.4375,13401076
2020-10-28,22.163654327392578,26.25,26.375,26.200000762939453,26.375,18679320
2020-10-29,21.920913696289062,25.962499618530273,26.024999618530273,25.8125,26.0,27817540
2020-10-30,21.741497039794922,25.75,25.899999618530273,25.674999237060547,25.887500762939453,25728748
2020-11-02,21.825923919677734,25.850000381469727,25.862499237060547,25.575000762939453,25.787500381469727,40253256
2020-11-03,22.0792236328125,26.149999618530273,26.212499618530273,26.012500762939453,26.049999237060547,17541280
2020-11-04,22.406404495239258,26.537500381469727,26.549999237060547,26.174999237060547,26.25,20039872
2020-11-05,22.385295867919922,26.512500762939453,26.600000381469727,26.387500762939453,26.549999237060547,17073216
2020-11-06,22.52250099182129,26.674999237060547,26.762500762939453,26.575000762939453,26.587499618530273,24951576
2020-11-09,22.818012237548828,27.024999618530273,27.100000381469727,26.8125,26.9375,45122576
2020-11-10,22.6069278717041,26.774999618530273,27.0,26.700000762939453,27.0,17402444
2020-11-11,22.955219268798828,27.1875,27.1875,26.774999618530273,26.774999618530273,34070304
2020-11-12,22.96577262878418,27.200000762939453,27.350000381469727,27.174999237060547,27.25,15213688
2020-11-13,23.06075668334961,27.3125,27.325000762939453,27.112499237060547,27.149999618530273,15047188
2020-11-16,23.810102462768555,28.200000762939453,28.200000762939453,27.600000381469727,27.600000381469727,36918392
2020-11-17,23.978967666625977,28.399999618530273,28.9375,28.350000381469727,28.75,32548044
2020-11-18,24.137279510498047,28.587499618530273,28.737499237060547,28.287500381469727,28.399999618530273,78556616
2020-11-19,24.095064163208008,28.537500381469727,28.637500762939453,28.450000762939453,28.612499237060547,17636132
2020-11-20,24.063400268554688,28.5,28.537500381469727,28.337499618530273,28.537500381469727,18833544
2020-11-23,24.36946678161621,28.862499237060547,28.962499618530273,28.662500381469727,28.662500381469727,22791684
2020-11-24,24.253374099731445,28.725000381469727,28.987499237060547,28.6875,28.987499237060547,24011592
2020-11-25,24.052846908569336,28.487499237060547,28.924999237060547,28.475000381469727,28.924999237060547,16114800
2020-11-26,24.242820739746094,28.712499618530273,28.75,28.512500762939453,28.512500762939453,9998860
2020-11-27,24.200605392456055,28.662500381469727,28.712499618530273,28.524999618530273,28.625,20880260
2020-11-30,23.91564178466797,28.325000762939453,28.787500381469727,28.325000762939453,28.700000762939453,37349512
2020-12-01,24.126724243164062,28.575000762939453,28.575000762939453,28.337499618530273,28.450000762939453,19992688
2020-12-02,24.35891342163086,28.850000381469727,28.887500762939453,28.625,28.75,24192848
2020-12-03,24.35891342163086,28.850000381469727,29.024999618530273,28.75,28.862499237060547,23526348
2020-12-04,24.759973526000977,29.325000762939453,29.362499237060547,28.975000381469727,28.975000381469727,48885676
2020-12-07,24.99216651916504,29.600000381469727,29.6875,29.375,29.625,26824392
2020-12-08,25.3404483795166,30.012500762939453,30.012500762939453,29.487499237060547,29.612499237060547,25060472
2020-12-09,25.3404483795166,30.012500762939453,30.049999237060547,29.875,30.0,24530532
2020-12-10,25.034378051757812,29.649999618530273,29.787500381469727,29.512500762939453,29.787500381469727,32259652
2020-12-11,25.066041946411133,29.6875,29.787500381469727,29.3125,29.700000762939453,18466948
2020-12-14,24.96050262451172,29.5625,29.662500381469727,29.5,29.662500381469727,9507816
2020-12-15,24.707202911376953,29.262500762939453,29.5,29.1875,29.487499237060547,37529272
2020-12-16,25.17158317565918,29.8125,29.825000762939453,29.462499618530273,29.475000381469727,53189928
2020-12-17,25.034378051757812,29.649999618530273,29.787500381469727,29.5,29.787500381469727,11618644
2020-12-18,24.94994354248047,29.549999237060547,29.674999237060547,29.5,29.637500762939453,9963540
2020-12-21,25.192689895629883,29.837499618530273,29.850000381469727,29.375,29.5625,17230064
2020-12-22,24.907732009887695,29.5,29.875,29.462499618530273,29.762500762939453,22844676
2020-12-23,24.93939208984375,29.537500381469727,29.575000762939453,29.375,29.462499618530273,16682148
2020-12-24,25.076597213745117,29.700000762939453,29.712499618530273,29.549999237060547,29.600000381469727,9804560
2020-12-25,25.108257293701172,29.737499237060547,29.899999618530273,29.649999618530273,29.774999618530273,11205268
2020-12-28,25.329896926879883,30.0,30.0,29.762500762939453,29.762500762939453,13629768
2020-12-29,25.308786392211914,29.975000381469727,30.049999237060547,29.837499618530273,30.012500762939453,12375916
2020-12-30,25.667625427246094,30.399999618530273,30.399999618530273,29.975000381469727,30.0,21472816
2020-12-31,25.80483055114746,30.5625,30.600000381469727,30.424999237060547,30.537500381469727,22965352
2021-01-04,26.248098373413086,31.087499618530273,31.125,30.5,30.549999237060547,24563188
2021-01-05,26.300874710083008,31.149999618530273,31.162500381469727,30.9375,31.049999237060547,18926280
2021-01-06,26.585832595825195,31.487499237060547,31.787500381469727,31.024999618530273,31.524999618530273,42348292
2021-01-07,27.20852279663086,32.224998474121094,32.25,31.637500762939453,31.637500762939453,26764652
2021-01-08,27.69401741027832,32.79999923706055,32.8125,32.38750076293945,32.650001525878906,51960980
2021-01-11,27.926210403442383,33.07500076293945,33.07500076293945,32.625,32.79999923706055,40583424
2021-01-12,27.883991241455078,33.025001525878906,33.287498474121094,32.900001525878906,33.07500076293945,43497448
2021-01-13,28.559457778930664,33.82500076293945,33.86249923706055,33.17499923706055,33.1875,42755604
2021-01-14,28.29560089111328,33.51250076293945,33.76250076293945,33.337501525878906,33.75,48001796
2021-01-15,28.39059066772461,33.625,34.5,33.599998474121094,34.287498474121094,86095908
2021-01-18,28.36948013305664,33.599998474121094,33.73749923706055,33.025001525878906,33.650001525878906,56811080
2021-01-19,29.11882209777832,34.48749923706055,34.525001525878906,33.79999923706055,33.79999923706055,48277244
2021-01-20,29.171592712402344,34.54999923706055,34.875,34.412498474121094,34.525001525878906,119861744
2021-01-21,30.184791564941406,35.75,35.8125,34.587501525878906,34.599998474121094,54689548
2021-01-22,29.645580291748047,34.36249923706055,34.75,33.75,34.54999923706055,95071252
2021-01-25,29.246572494506836,33.900001525878906,34.32500076293945,33.54999923706055,34.29999923706055,55002504
2021-01-26,28.65345001220703,33.212501525878906,34.150001525878906,32.95000076293945,33.88750076293945,57505908
2021-01-27,28.696582794189453,33.26250076293945,33.599998474121094,33.0625,33.32500076293945,31419364
2021-01-28,28.11423683166504,32.587501525878906,32.82500076293945,32.349998474121094,32.5,58015204
2021-01-29,27.6505184173584,32.04999923706055,32.962501525878906,32.04999923706055,32.900001525878906,56158664
2021-02-01,28.200511932373047,32.6875,32.73749923706055,31.887500762939453,32.04999923706055,56531932
2021-02-02,28.9985408782959,33.61249923706055,33.76250076293945,33.125,33.125,43553492
2021-02-03,28.976966857910156,33.587501525878906,33.875,33.54999923706055,33.86249923706055,28327880
2021-02-04,28.804426193237305,33.38750076293945,33.63750076293945,33.087501525878906,33.349998474121094,26233916
2021-02-05,29.074031829833984,33.70000076293945,34.07500076293945,33.54999923706055,33.70000076293945,35199004
2021-02-17,30.31420135498047,35.13750076293945,35.212501525878906,34.75,34.75,75622784
2021-02-18,30.271066665649414,35.087501525878906,35.3125,34.900001525878906,35.13750076293945,41912192
2021-02-19,29.947540283203125,34.712501525878906,34.88750076293945,34.400001525878906,34.88750076293945,35106384
2021-02-22,29.936756134033203,34.70000076293945,35.1875,34.6875,34.95000076293945,27254544
2021-02-23,29.87204933166504,34.625,34.67499923706055,34.11249923706055,34.287498474121094,30629724
2021-02-24,29.429901123046875,34.11249923706055,34.54999923706055,34.0625,34.25,41942244
2021-02-25,29.667156219482422,34.38750076293945,34.537498474121094,34.17499923706055,34.462501525878906,40729192
2021-02-26,28.77206802368164,33.349998474121094,33.79999923706055,33.32500076293945,33.662498474121094,105334836
2021-03-02,28.782852172851562,33.36249923706055,33.912498474121094,33.36249923706055,33.875,28506280
2021-03-03,29.203433990478516,33.849998474121094,33.849998474121094,33.17499923706055,33.4375,33512376
2021-03-04,28.63187599182129,33.1875,33.587501525878906,32.92499923706055,33.587501525878906,66353052
2021-03-05,28.45932960510254,32.98749923706055,33.150001525878906,32.375,32.51250076293945,56613844
2021-03-08,28.437761306762695,32.962501525878906,33.45000076293945,32.875,33.4375,48210408
2021-03-09,28.329917907714844,32.837501525878906,32.900001525878906,32.4375,32.63750076293945,53095728
2021-03-10,28.448549270629883,32.974998474121094,33.150001525878906,32.849998474121094,33.07500076293945,21353912
2021-03-11,29.052457809448242,33.67499923706055,33.73749923706055,33.01250076293945,33.01250076293945,36663172
2021-03-12,29.171083450317383,33.8125,33.912498474121094,33.625,33.8125,22112176
2021-03-15,29.09559440612793,33.724998474121094,33.8125,33.61249923706055,33.8125,14718124
2021-03-16,29.192651748657227,33.837501525878906,33.912498474121094,33.6875,33.86249923706055,26876500
2021-03-17,28.94461441040039,33.54999923706055,33.849998474121094,33.5,33.837501525878906,26582624
2021-03-18,29.09559440612793,33.724998474121094,34.01250076293945,33.70000076293945,33.775001525878906,27618816
2021-03-19,28.642663955688477,33.20000076293945,33.375,33.07500076293945,33.36249923706055,39701288
2021-03-22,28.77206802368164,33.349998474121094,33.400001525878906,32.900001525878906,33.099998474121094,21224136
2021-03-23,28.815204620361328,33.400001525878906,33.67499923706055,33.400001525878906,33.474998474121094,27467604
2021-03-24,28.36227035522461,32.875,33.11249923706055,32.82500076293945,32.95000076293945,40972516
2021-03-25,28.45932960510254,32.98749923706055,33.13750076293945,32.650001525878906,32.775001525878906,19540068
2021-03-26,28.976966857910156,33.587501525878906,33.599998474121094,33.13750076293945,33.26250076293945,31879756
2021-03-29,29.214218139648438,33.86249923706055,33.974998474121094,33.76250076293945,33.79999923706055,32263336
2021-03-30,29.311275482177734,33.974998474121094,33.98749923706055,33.79999923706055,33.95000076293945,19052992
2021-03-31,29.063241958618164,33.6875,33.95000076293945,33.650001525878906,33.95000076293945,30413248
2021-04-01,29.2789249420166,33.9375,34.01250076293945,33.79999923706055,33.92499923706055,28893264
2021-04-07,29.721073150634766,34.45000076293945,34.48749923706055,34.287498474121094,34.42499923706055,17117556
2021-04-08,29.818132400512695,34.5625,34.5625,34.162498474121094,34.337501525878906,24794268
2021-04-09,29.75342559814453,34.48749923706055,34.724998474121094,34.412498474121094,34.712501525878906,14374740
2021-04-12,29.580875396728516,34.287498474121094,34.599998474121094,34.162498474121094,34.51250076293945,23586236
2021-04-13,29.580875396728516,34.287498474121094,34.70000076293945,34.25,34.29999923706055,22351296
2021-04-14,29.74264144897461,34.474998474121094,34.474998474121094,34.01250076293945,34.337501525878906,25502040
2021-04-15,29.990676879882812,34.76250076293945,34.76250076293945,34.400001525878906,34.51250076293945,30128784
2021-04-16,30.033815383911133,34.8125,34.8125,34.599998474121094,34.724998474121094,44717424
2021-04-19,30.08773422241211,34.875,34.9375,34.662498474121094,34.8125,31997080
2021-04-20,30.033815383911133,34.8125,34.88750076293945,34.70000076293945,34.712501525878906,19005996
2021-04-21,29.76421356201172,34.5,34.73749923706055,34.5,34.73749923706055,31261660
2021-04-22,29.74264144897461,34.474998474121094,34.76250076293945,34.42499923706055,34.63750076293945,15844676
2021-04-23,30.01224136352539,34.787498474121094,34.787498474121094,34.349998474121094,34.474998474121094,23838556
2021-04-26,30.454397201538086,35.29999923706055,35.337501525878906,34.974998474121094,35.0,47495696
2021-04-27,30.465181350708008,35.3125,35.42499923706055,35.20000076293945,35.29999923706055,26350460
2021-04-28,30.281848907470703,35.099998474121094,35.3125,35.04999923706055,35.3125,11847132
2021-04-29,30.324989318847656,35.150001525878906,35.5,35.150001525878906,35.25,35394172
2021-05-03,29.818132400512695,34.5625,35.099998474121094,34.525001525878906,35.099998474121094,26886696
2021-05-04,29.559316635131836,34.26250076293945,34.587501525878906,33.75,34.5625,53149348
2021-05-05,29.2789249420166,33.9375,34.32500076293945,33.92499923706055,34.26250076293945,35123544
2021-05-06,29.53774070739746,34.23749923706055,34.375,33.875,34.07500076293945,31910052
2021-05-07,30.066160202026367,34.849998474121094,34.86249923706055,34.48749923706055,34.537498474121094,27887364
2021-05-10,29.861268997192383,34.61249923706055,34.875,34.525001525878906,34.875,17145392
2021-05-11,28.739717483520508,33.3125,33.95000076293945,33.150001525878906,33.9375,101487268
2021-05-12,27.909337997436523,32.349998474121094,33.224998474121094,30.299999237060547,33.224998474121094,153849896
2021-05-13,27.499542236328125,31.875,32.5,31.25,31.5625,108572604
2021-05-14,27.812280654907227,32.23749923706055,32.5625,31.962499618530273,32.125,60858732
2021-05-17,27.28386116027832,31.625,32.20000076293945,31.174999237060547,31.299999237060547,126414496
2021-05-18,28.534818649291992,33.07500076293945,33.07500076293945,32.0,32.087501525878906,65091716
2021-05-19,28.340702056884766,32.849998474121094,33.162498474121094,32.625,33.04999923706055,67681988
2021-05-20,28.146591186523438,32.625,32.849998474121094,32.42499923706055,32.837501525878906,38038476
2021-05-21,28.545604705810547,33.087501525878906,33.462501525878906,32.82500076293945,33.125,40364120
2021-05-24,28.50246810913086,33.037498474121094,33.162498474121094,32.787498474121094,32.88750076293945,40898176
2021-05-25,28.987749099731445,33.599998474121094,33.662498474121094,33.224998474121094,33.224998474121094,36364972
2021-05-26,29.009319305419922,33.625,33.787498474121094,33.48749923706055,33.712501525878906,20554356
2021-05-27,28.804426193237305,33.38750076293945,33.42499923706055,33.087501525878906,33.375,22624404
2021-05-28,29.28970718383789,33.95000076293945,33.974998474121094,33.57500076293945,33.724998474121094,38184028
2021-05-31,29.570091247558594,34.275001525878906,34.38750076293945,33.95000076293945,33.95000076293945,41441512
2021-06-01,29.699506759643555,34.42499923706055,34.525001525878906,34.29999923706055,34.29999923706055,22239920
2021-06-02,29.699506759643555,34.42499923706055,34.5,34.162498474121094,34.45000076293945,19776268
2021-06-03,29.677934646606445,34.400001525878906,34.61249923706055,34.375,34.48749923706055,19899456
2021-06-04,29.53774070739746,34.23749923706055,34.25,34.07500076293945,34.25,12430320
2021-06-07,29.61323356628418,34.32500076293945,34.349998474121094,33.662498474121094,34.29999923706055,42978416
2021-06-08,29.44068717956543,34.125,34.375,34.125,34.32500076293945,11574400
2021-06-09,29.225006103515625,33.875,34.07500076293945,33.76250076293945,34.07500076293945,23961704
2021-06-10,29.677934646606445,34.400001525878906,34.462501525878906,33.95000076293945,34.0,27041116
2021-06-11,29.785781860351562,34.525001525878906,34.625,34.462501525878906,34.525001525878906,13123036
2021-06-15,29.947540283203125,34.712501525878906,34.75,34.599998474121094,34.650001525878906,15841824
2021-06-16,29.915189743041992,34.67499923706055,34.73749923706055,34.537498474121094,34.67499923706055,28848448
2021-06-17,29.828914642333984,34.57500076293945,34.57500076293945,34.287498474121094,34.45000076293945,12704604
2021-06-18,29.76421356201172,34.5,34.712501525878906,34.48749923706055,34.712501525878906,8566312
2021-06-21,29.052457809448242,33.67499923706055,34.25,33.650001525878906,34.224998474121094,62771964
2021-06-22,29.08481216430664,33.712501525878906,34.01250076293945,33.625,33.900001525878906,23116784
2021-06-23,29.559316635131836,34.26250076293945,34.287498474121094,33.70000076293945,33.75,25554192
2021-06-24,29.483827590942383,34.17499923706055,34.3125,34.11249923706055,34.26250076293945,24711284
2021-06-25,29.53774070739746,34.23749923706055,34.48749923706055,34.17499923706055,34.36249923706055,25873856
2021-06-28,29.591665267944336,34.29999923706055,34.375,34.125,34.25,15924228
2021-06-29,29.677934646606445,34.400001525878906,34.67499923706055,34.32500076293945,34.474998474121094,35947620
2021-06-30,29.96910858154297,34.73749923706055,34.837501525878906,34.51250076293945,34.525001525878906,37738688
2021-07-01,29.828914642333984,34.57500076293945,34.79999923706055,34.51250076293945,34.75,18035100
2021-07-02,29.828914642333984,34.57500076293945,34.625,34.474998474121094,34.57500076293945,18841708
2021-07-05,30.109304428100586,34.900001525878906,35.0,34.6875,34.6875,30418260
2021-07-06,30.141651153564453,34.9375,35.01250076293945,34.86249923706055,34.962501525878906,25581352
2021-07-07,29.979890823364258,34.75,34.912498474121094,34.650001525878906,34.900001525878906,26349512
2021-07-08,29.947540283203125,34.712501525878906,34.875,34.54999923706055,34.787498474121094,15770840
2021-07-09,29.710290908813477,34.4375,34.474998474121094,34.23749923706055,34.474998474121094,26946384
2021-07-12,29.979890823364258,34.75,35.01250076293945,34.63750076293945,34.76250076293945,54207240
2021-07-13,30.227930068969727,35.037498474121094,35.25,34.98749923706055,35.0,54740836
2021-07-14,30.30341911315918,35.125,35.275001525878906,35.037498474121094,35.04999923706055,37822716
2021-07-15,30.58380889892578,35.45000076293945,35.462501525878906,35.20000076293945,35.23749923706055,48290328
2021-07-16,30.174007415771484,34.974998474121094,35.0,34.76250076293945,34.95000076293945,37001536
2021-07-19,29.828914642333984,34.57500076293945,34.79999923706055,34.38750076293945,34.75,41802040
2021-07-20,29.591665267944336,34.29999923706055,34.57500076293945,34.26250076293945,34.45000076293945,31443692
2021-07-21,29.559232711791992,34.17499923706055,34.5,34.025001525878906,34.5,50775656
2021-07-22,29.7646484375,34.412498474121094,34.63750076293945,34.3125,34.45000076293945,24405396
2021-07-23,29.7646484375,34.412498474121094,34.57500076293945,34.337501525878906,34.51250076293945,12374240
2021-07-26,29.505170822143555,34.11249923706055,34.51250076293945,34.0625,34.4375,46350908
2021-07-27,29.494356155395508,34.099998474121094,34.26250076293945,34.01250076293945,34.125,41265188
2021-07-28,29.029451370239258,33.5625,34.025001525878906,33.4375,34.025001525878906,120230996
2021-07-29,29.515979766845703,34.125,34.150001525878906,33.8125,33.962501525878906,42856636
2021-07-30,29.418676376342773,34.01250076293945,34.150001525878906,34.0,34.150001525878906,15472072
2021-08-02,29.818708419799805,34.474998474121094,34.5,34.01250076293945,34.25,28890076
2021-08-03,29.937641143798828,34.61249923706055,34.61249923706055,34.42499923706055,34.48749923706055,24320952
2021-08-04,30.110628128051758,34.8125,34.82500076293945,34.61249923706055,34.662498474121094,21724496
2021-08-05,30.056568145751953,34.75,34.86249923706055,34.712501525878906,34.8125,22573208
2021-08-06,30.013322830200195,34.70000076293945,34.75,34.45000076293945,34.724998474121094,15681916
2021-08-09,29.926828384399414,34.599998474121094,34.63750076293945,34.17499923706055,34.54999923706055,20148264
2021-08-10,29.7646484375,34.412498474121094,34.625,34.375,34.61249923706055,9903104
2021-08-11,29.66734504699707,34.29999923706055,34.412498474121094,34.150001525878906,34.337501525878906,14460116
2021-08-12,29.613285064697266,34.23749923706055,34.3125,34.125,34.29999923706055,8938108
2021-08-13,29.33218002319336,33.912498474121094,34.212501525878906,33.88750076293945,34.150001525878906,28719444
2021-08-16,29.26731300354004,33.837501525878906,33.9375,33.724998474121094,33.875,42835976
2021-08-17,29.051074981689453,33.587501525878906,33.875,33.57500076293945,33.849998474121094,52037948
2021-08-18,29.170005798339844,33.724998474121094,33.73749923706055,33.11249923706055,33.400001525878906,85849596
2021-08-19,28.49968147277832,32.95000076293945,33.625,32.900001525878906,33.625,105585004
2021-08-20,28.272634506225586,32.6875,33.20000076293945,32.54999923706055,33.04999923706055,62649456
2021-08-23,29.051074981689453,33.587501525878906,33.61249923706055,33.037498474121094,33.0625,23545608
2021-08-24,29.137571334838867,33.6875,33.837501525878906,33.650001525878906,33.79999923706055,19796404
2021-08-25,29.418676376342773,34.01250076293945,34.025001525878906,33.787498474121094,33.787498474121094,27403636
2021-08-26,29.624099731445312,34.25,34.5,34.087501525878906,34.36249923706055,28349696
2021-08-27,29.87276840209961,34.537498474121094,34.625,34.11249923706055,34.17499923706055,66067832
2021-08-30,30.164684295654297,34.875,34.875,34.61249923706055,34.662498474121094,85414624
2021-08-31,30.348482131958008,35.087501525878906,35.087501525878906,34.525001525878906,34.849998474121094,64500216
2021-09-01,30.48903465270996,35.25,35.32500076293945,35.01250076293945,35.037498474121094,72891272
2021-09-02,30.251178741455078,34.974998474121094,35.349998474121094,34.974998474121094,35.224998474121094,27917864
2021-09-03,30.683650970458984,35.474998474121094,35.525001525878906,35.11249923706055,35.162498474121094,44336692
2021-09-06,30.824195861816406,35.63750076293945,35.875,35.400001525878906,35.474998474121094,55343340
2021-09-07,30.683650970458984,35.474998474121094,35.70000076293945,35.36249923706055,35.70000076293945,32844564
2021-09-08,30.413352966308594,35.162498474121094,35.5,34.98749923706055,35.4375,27915944
2021-09-09,30.337677001953125,35.07500076293945,35.25,34.82500076293945,34.912498474121094,12250292
2021-09-10,30.6944580078125,35.48749923706055,35.525001525878906,35.125,35.17499923706055,11929744
2021-09-13,30.58634376525879,35.36249923706055,35.462501525878906,35.287498474121094,35.462501525878906,12939284
2021-09-14,30.6187744140625,35.400001525878906,35.54999923706055,35.337501525878906,35.462501525878906,9637564
2021-09-15,30.434978485107422,35.1875,35.36249923706055,35.099998474121094,35.32500076293945,47972592
2021-09-16,30.29442596435547,35.025001525878906,35.25,34.9375,35.20000076293945,32048512
2021-09-17,30.380922317504883,35.125,35.26250076293945,34.875,35.025001525878906,15056364
2021-09-22,29.66734504699707,34.29999923706055,34.400001525878906,34.07500076293945,34.275001525878906,95626476
2021-09-23,29.8403377532959,34.5,34.625,34.400001525878906,34.5,22950432
2021-09-24,30.19712257385254,34.912498474121094,34.912498474121094,34.67499923706055,34.70000076293945,24728896
2021-09-27,30.272808074951172,35.0,35.087501525878906,34.79999923706055,34.962501525878906,46916492
2021-09-28,30.056568145751953,34.75,34.837501525878906,34.5625,34.8125,70802024
2021-09-29,29.407869338989258,34.0,34.224998474121094,33.86249923706055,34.224998474121094,118838624
2021-09-30,29.63491439819336,34.26250076293945,34.275001525878906,33.79999923706055,34.07500076293945,66370156
2021-10-01,28.964582443237305,33.48749923706055,34.07500076293945,33.412498474121094,34.07500076293945,108369932
2021-10-04,28.791597366333008,33.287498474121094,33.70000076293945,33.212501525878906,33.67499923706055,93019620
2021-10-05,28.74835205078125,33.23749923706055,33.25,32.724998474121094,33.0,107861208
2021-10-06,28.759159088134766,33.25,33.5,33.0,33.5,88152372
2021-10-07,29.26731300354004,33.837501525878906,33.900001525878906,33.48749923706055,33.51250076293945,54266868
2021-10-08,29.01864242553711,33.54999923706055,33.912498474121094,33.48749923706055,33.912498474121094,30805556
2021-10-12,28.726730346679688,33.212501525878906,33.287498474121094,32.900001525878906,33.17499923706055,44110052
2021-10-13,28.629417419433594,33.099998474121094,33.400001525878906,33.037498474121094,33.349998474121094,21732664
2021-10-14,28.705102920532227,33.1875,33.42499923706055,33.125,33.375,13018476
2021-10-15,29.461925506591797,34.0625,34.087501525878906,33.57500076293945,33.662498474121094,53612692
2021-10-18,29.375429153442383,33.962501525878906,34.224998474121094,33.900001525878906,34.17499923706055,21166076
2021-10-19,29.613285064697266,34.23749923706055,34.3125,34.01250076293945,34.04999923706055,33879576
2021-10-20,29.537607192993164,34.150001525878906,34.32500076293945,34.11249923706055,34.26250076293945,58064224
2021-10-21,29.429494857788086,34.025001525878906,34.45000076293945,34.025001525878906,34.17499923706055,52200656
2021-10-22,29.515979766845703,34.125,34.1875,33.912498474121094,34.0625,20749424
2021-10-25,29.494356155395508,34.099998474121094,34.17499923706055,33.79999923706055,34.0,29361584
2021-10-26,29.743032455444336,34.38750076293945,34.4375,34.150001525878906,34.162498474121094,42011924
2021-10-27,29.743032455444336,34.38750076293945,34.38750076293945,34.17499923706055,34.23749923706055,29550340
2021-10-28,29.656530380249023,34.287498474121094,34.412498474121094,34.150001525878906,34.36249923706055,17775576
2021-10-29,29.3646183013916,33.95000076293945,34.26250076293945,33.837501525878906,34.26250076293945,19783344
2021-11-01,29.515979766845703,34.125,34.1875,34.04999923706055,34.04999923706055,12073852
2021-11-02,29.461925506591797,34.0625,34.412498474121094,34.037498474121094,34.20000076293945,15930308
2021-11-03,29.537607192993164,34.150001525878906,34.25,34.099998474121094,34.099998474121094,9295528
2021-11-04,29.44029998779297,34.037498474121094,34.375,34.037498474121094,34.3125,10037280
2021-11-05,29.861957550048828,34.525001525878906,34.54999923706055,34.20000076293945,34.275001525878906,44980008
2021-11-08,30.099815368652344,34.79999923706055,34.79999923706055,34.54999923706055,34.54999923706055,29547192
2021-11-09,30.424165725708008,35.17499923706055,35.29999923706055,35.025001525878906,35.037498474121094,49103720
2021-11-10,30.380922317504883,35.125,35.162498474121094,35.0,35.162498474121094,21403752
2021-11-11,30.110628128051758,34.8125,34.9375,34.70000076293945,34.775001525878906,17749988
2021-11-12,30.20792579650879,34.92499923706055,35.20000076293945,34.875,34.974998474121094,22775288
2021-11-15,30.478225708007812,35.23749923706055,35.3125,35.13750076293945,35.13750076293945,25918820
2021-11-16,30.532285690307617,35.29999923706055,35.36249923706055,35.20000076293945,35.23749923706055,22967136
2021-11-17,30.62958526611328,35.412498474121094,35.42499923706055,35.287498474121094,35.32500076293945,81202148
2021-11-18,30.802579879760742,35.61249923706055,35.63750076293945,35.412498474121094,35.4375,23376840
2021-11-19,30.878259658813477,35.70000076293945,35.88750076293945,35.662498474121094,35.875,23825376
2021-11-22,30.802579879760742,35.61249923706055,35.724998474121094,35.599998474121094,35.67499923706055,14822488
2021-11-23,30.51066017150879,35.275001525878906,35.5,35.26250076293945,35.5,17951904
2021-11-24,30.380922317504883,35.125,35.287498474121094,35.037498474121094,35.275001525878906,12176628
2021-11-25,30.37010955810547,35.11249923706055,35.224998474121094,35.0,35.125,9909604
2021-11-26,29.87276840209961,34.537498474121094,34.962501525878906,34.48749923706055,34.88750076293945,46647920
2021-11-29,29.87276840209961,34.537498474121094,34.70000076293945,34.375,34.400001525878906,44655660
2021-11-30,29.8403377532959,34.5,34.900001525878906,34.462501525878906,34.70000076293945,41102956
2021-12-01,30.337677001953125,35.07500076293945,35.125,34.51250076293945,34.525001525878906,16704276
2021-12-02,30.662023544311523,35.45000076293945,35.48749923706055,34.92499923706055,35.025001525878906,35537196
2021-12-03,30.65121078491211,35.4375,35.537498474121094,35.275001525878906,35.48749923706055,19330520
2021-12-06,30.56472396850586,35.337501525878906,35.474998474121094,35.0,35.17499923706055,15418468
2021-12-07,30.662023544311523,35.45000076293945,35.45000076293945,35.087501525878906,35.337501525878906,12050156
2021-12-08,30.78095817565918,35.587501525878906,35.900001525878906,35.57500076293945,35.775001525878906,43552320
2021-12-09,30.70526695251465,35.5,35.662498474121094,35.42499923706055,35.61249923706055,18162644
2021-12-10,30.6944580078125,35.48749923706055,35.525001525878906,35.337501525878906,35.45000076293945,13121360
2021-12-13,30.597152709960938,35.375,35.61249923706055,35.375,35.54999923706055,18437204
2021-12-14,30.29442596435547,35.025001525878906,35.17499923706055,34.98749923706055,35.087501525878906,18753476
2021-12-15,30.337677001953125,35.07500076293945,35.150001525878906,34.92499923706055,35.025001525878906,39734372
2021-12-16,30.716081619262695,35.51250076293945,35.51250076293945,35.287498474121094,35.337501525878906,22468220
2021-12-17,30.683650970458984,35.474998474121094,35.5,35.29999923706055,35.38750076293945,19549972
2021-12-20,30.413352966308594,35.162498474121094,35.462501525878906,35.07500076293945,35.45000076293945,17373652
2021-12-21,30.672832489013672,35.462501525878906,35.48749923706055,35.17499923706055,35.17499923706055,26402952
2021-12-22,30.672832489013672,35.462501525878906,35.5,35.412498474121094,35.48749923706055,16285780
2021-12-23,30.8458194732666,35.662498474121094,35.79999923706055,35.5625,35.6875,55705360
2021-12-24,30.932323455810547,35.76250076293945,35.900001525878906,35.73749923706055,35.75,50101524
2021-12-27,31.17017364501953,36.037498474121094,36.0625,35.775001525878906,35.79999923706055,26048796
2021-12-28,31.418842315673828,36.32500076293945,36.32500076293945,36.07500076293945,36.07500076293945,89823980
2021-12-29,31.55939292907715,36.48749923706055,36.537498474121094,36.26250076293945,36.36249923706055,90088896
2021-12-30,31.462087631225586,36.375,36.5,36.337501525878906,36.48749923706055,24985712
2022-01-03,31.656705856323242,36.599998474121094,36.837501525878906,36.5,36.5,27136808
2022-01-04,32.34865188598633,37.400001525878906,37.400001525878906,36.92499923706055,36.92499923706055,38537760
2022-01-05,32.283782958984375,37.32500076293945,37.63750076293945,37.275001525878906,37.525001525878906,45626404
2022-01-06,31.98105239868164,36.974998474121094,37.1875,36.75,37.07500076293945,34484932
2022-01-07,31.699949264526367,36.650001525878906,37.25,36.625,37.07500076293945,27956496
2022-01-10,31.90536880493164,36.88750076293945,36.95000076293945,36.349998474121094,36.5,62807884
2022-01-11,32.06755065917969,37.07500076293945,37.125,36.67499923706055,36.900001525878906,71021608
2022-01-12,32.33784484863281,37.38750076293945,37.400001525878906,37.17499923706055,37.337501525878906,40619208
2022-01-13,32.50001907348633,37.57500076293945,37.61249923706055,37.38750076293945,37.38750076293945,29812384
2022-01-14,32.50001907348633,37.57500076293945,37.79999923706055,37.26250076293945,37.70000076293945,40446116
2022-01-17,32.867618560791016,38.0,38.099998474121094,37.775001525878906,37.775001525878906,27711192
2022-01-18,32.50001907348633,37.57500076293945,38.0625,37.537498474121094,38.04999923706055,57660460
2022-01-19,32.11079025268555,37.125,37.412498474121094,37.0625,37.25,58657148
2022-01-20,32.24053955078125,37.275001525878906,37.29999923706055,36.900001525878906,37.125,65053388
2022-01-21,31.522356033325195,35.662498474121094,35.98749923706055,35.57500076293945,35.974998474121094,119510380
2022-01-24,31.820682525634766,36.0,36.0,35.42499923706055,35.525001525878906,52641948
2022-01-25,31.30138397216797,35.412498474121094,35.63750076293945,35.3125,35.63750076293945,96087792
2022-01-26,31.279285430908203,35.38750076293945,35.54999923706055,35.26250076293945,35.287498474121094,71003288
2022-02-07,31.445018768310547,35.57500076293945,35.70000076293945,35.29999923706055,35.650001525878906,96090320
2022-02-08,31.57760238647461,35.724998474121094,35.875,35.70000076293945,35.82500076293945,44340368
2022-02-09,31.688091278076172,35.849998474121094,35.875,35.662498474121094,35.875,32243600
2022-02-10,32.05270004272461,36.26250076293945,36.26250076293945,35.875,35.974998474121094,24016868
2022-02-11,32.030601501464844,36.23749923706055,36.26250076293945,36.01250076293945,36.17499923706055,17259684
2022-02-14,31.533405303955078,35.67499923706055,35.98749923706055,35.54999923706055,35.98749923706055,47456160
2022-02-15,31.389772415161133,35.51250076293945,35.79999923706055,35.48749923706055,35.67499923706055,29444908
2022-02-16,31.90906524658203,36.099998474121094,36.11249923706055,35.95000076293945,35.974998474121094,26800172
2022-02-17,31.931161880493164,36.125,36.25,36.0,36.099998474121094,19763216
2022-02-18,31.842777252197266,36.025001525878906,36.037498474121094,35.76250076293945,35.875,15468844
2022-02-21,31.77648162841797,35.95000076293945,35.962501525878906,35.70000076293945,35.86249923706055,18011756
2022-02-22,31.345577239990234,35.462501525878906,35.662498474121094,35.1875,35.650001525878906,74872596
2022-02-23,31.43396759033203,35.5625,35.599998474121094,35.412498474121094,35.462501525878906,17635428
2022-02-24,30.671594619750977,34.70000076293945,35.275001525878906,34.57500076293945,35.275001525878906,117813808
2022-02-25,30.60530662536621,34.625,34.79999923706055,34.462501525878906,34.76250076293945,90309080
2022-03-01,31.03620719909668,35.11249923706055,35.20000076293945,34.712501525878906,34.76250076293945,32958060
2022-03-02,30.85943031311035,34.912498474121094,35.025001525878906,34.79999923706055,35.0,24524616
2022-03-03,30.92572021484375,34.98749923706055,35.20000076293945,34.962501525878906,35.125,17755472
2022-03-04,30.594253540039062,34.61249923706055,34.712501525878906,34.48749923706055,34.625,50396708
2022-03-07,29.61090850830078,33.5,34.224998474121094,33.4375,34.224998474121094,208177676
2022-03-08,28.981122970581055,32.787498474121094,33.287498474121094,32.75,33.11249923706055,167283432
2022-03-09,29.279443740844727,33.125,33.3125,33.04999923706055,33.04999923706055,83526340
2022-03-10,30.13020133972168,34.087501525878906,34.13750076293945,33.79999923706055,33.79999923706055,57746092
2022-03-11,29.699298858642578,33.599998474121094,33.962501525878906,33.54999923706055,33.962501525878906,42419380
2022-03-14,29.699298858642578,33.599998474121094,33.837501525878906,33.5,33.75,34346608
2022-03-15,29.09161376953125,32.912498474121094,33.287498474121094,32.849998474121094,33.287498474121094,94122712
2022-03-16,29.213150024414062,33.04999923706055,33.3125,32.775001525878906,33.29999923706055,75954080
2022-03-17,30.141250610351562,34.099998474121094,34.125,33.79999923706055,33.86249923706055,56006192
2022-03-18,30.074962615966797,34.025001525878906,34.150001525878906,33.875,34.150001525878906,50581376
2022-03-21,30.273836135864258,34.25,34.412498474121094,34.20000076293945,34.20000076293945,30873588
2022-03-22,30.229644775390625,34.20000076293945,34.25,34.07500076293945,34.20000076293945,24184288
2022-03-23,30.51691246032715,34.525001525878906,34.587501525878906,34.38750076293945,34.400001525878906,41079752
2022-03-24,30.494815826416016,34.5,34.525001525878906,34.26250076293945,34.375,17108564
2022-03-25,30.539011001586914,34.54999923706055,34.625,34.474998474121094,34.599998474121094,19496792
2022-03-28,30.207550048828125,34.17499923706055,34.25,33.88750076293945,34.25,42024708
2022-03-29,30.24069595336914,34.212501525878906,34.29999923706055,34.150001525878906,34.25,25774216
2022-03-30,30.61635971069336,34.63750076293945,34.67499923706055,34.51250076293945,34.51250076293945,32665068
2022-03-31,30.51691246032715,34.525001525878906,34.662498474121094,34.525001525878906,34.63750076293945,14238552
2022-04-01,30.262786865234375,34.23749923706055,34.23749923706055,34.037498474121094,34.150001525878906,30795024
2022-04-06,30.108110427856445,34.0625,34.087501525878906,33.75,33.8125,46251656
2022-04-07,29.566713333129883,33.45000076293945,33.775001525878906,33.45000076293945,33.775001525878906,58991464
2022-04-08,29.732444763183594,33.63750076293945,33.63750076293945,33.4375,33.525001525878906,35768872
2022-04-11,29.268388748168945,33.11249923706055,33.61249923706055,33.04999923706055,33.537498474121094,66837660
2022-04-12,29.29049301147461,33.13750076293945,33.212501525878906,32.900001525878906,33.037498474121094,56875520
2022-04-13,29.84293556213379,33.76250076293945,33.79999923706055,33.29999923706055,33.349998474121094,28186852
2022-04-14,29.732444763183594,33.63750076293945,33.9375,33.63750076293945,33.9375,19791976
2022-04-15,29.224201202392578,33.0625,33.26250076293945,33.0,33.212501525878906,82769516
2022-04-18,29.06951332092285,32.88750076293945,33.0625,32.787498474121094,33.0,71848084
2022-04-19,29.16895294189453,33.0,33.23749923706055,32.962501525878906,33.0625,36238036
2022-04-20,29.312593460083008,33.162498474121094,33.17499923706055,32.912498474121094,33.04999923706055,27048540
2022-04-21,29.334684371948242,33.1875,33.400001525878906,33.162498474121094,33.3125,15936376
2022-04-22,29.080564498901367,32.900001525878906,32.9375,32.712501525878906,32.849998474121094,44801348
2022-04-25,28.561269760131836,32.3125,32.51250076293945,32.162498474121094,32.5,128851880
2022-04-26,28.561269760131836,32.3125,32.45000076293945,32.212501525878906,32.4375,37409408
2022-04-27,27.964632034301758,31.637500762939453,31.75,31.512500762939453,31.75,114986256
2022-04-28,28.086166381835938,31.774999618530273,31.850000381469727,31.487499237060547,31.837499618530273,46171364
2022-04-29,28.450780868530273,32.1875,32.375,32.0625,32.224998474121094,47537724
2022-05-03,28.24085235595703,31.950000762939453,32.17499923706055,31.862499237060547,32.13750076293945,25125076
2022-05-04,28.24085235595703,31.950000762939453,32.11249923706055,31.875,32.07500076293945,39598772
2022-05-05,28.561269760131836,32.3125,32.45000076293945,32.23749923706055,32.375,24902416
2022-05-06,27.986730575561523,31.662500381469727,31.712499618530273,31.487499237060547,31.612499237060547,68203532
2022-05-09,27.522674560546875,31.137500762939453,31.387500762939453,31.125,31.375,51720992
2022-05-10,27.401142120361328,31.0,31.024999618530273,30.387500762939453,30.537500381469727,55376572
2022-05-11,27.44533348083496,31.049999237060547,31.112499237060547,30.825000762939453,30.962499618530273,32199604
2022-05-12,26.793455123901367,30.3125,30.75,30.299999237060547,30.75,47755260
2022-05-13,27.036523818969727,30.587499618530273,30.587499618530273,30.387500762939453,30.524999618530273,28106200
2022-05-16,27.18016242980957,30.75,31.0,30.625,30.862499237060547,22904664
2022-05-17,27.478479385375977,31.087499618530273,31.125,30.787500381469727,30.787500381469727,16662204
2022-05-18,27.77680015563965,31.424999237060547,31.5,31.3125,31.337499618530273,25266444
2022-05-19,27.246456146240234,30.825000762939453,30.950000762939453,30.662500381469727,30.862499237060547,29033480
2022-05-20,27.54477310180664,31.162500381469727,31.237499237060547,30.912500381469727,30.9375,14661664
2022-05-23,27.600021362304688,31.225000381469727,31.399999618530273,31.125,31.325000762939453,10715572
2022-05-24,27.2906494140625,30.875,31.299999237060547,30.850000381469727,31.25,20276748
2022-05-25,27.500579833984375,31.112499237060547,31.174999237060547,30.862499237060547,30.924999237060547,10270292
2022-05-26,27.158063888549805,30.725000381469727,31.25,30.712499618530273,31.25,23219872
2022-05-27,27.73260498046875,31.375,31.450000762939453,31.012500762939453,31.037500381469727,46801572
2022-05-30,28.40658187866211,32.13750076293945,32.150001525878906,31.762500762939453,31.8125,58170520
2022-05-31,28.68280601501465,32.45000076293945,32.45000076293945,31.899999618530273,32.11249923706055,28102668
2022-06-01,28.539167404174805,32.287498474121094,32.51250076293945,32.25,32.32500076293945,25626728
2022-06-02,28.24085235595703,31.950000762939453,32.11249923706055,31.899999618530273,32.11249923706055,17718612
2022-06-06,28.43973159790039,32.17499923706055,32.25,31.862499237060547,32.0625,16111300
2022-06-07,28.15245819091797,31.850000381469727,31.987499237060547,31.712499618530273,31.987499237060547,19365760
2022-06-08,28.46183204650879,32.20000076293945,32.275001525878906,32.037498474121094,32.125,15916200
2022-06-09,28.373435974121094,32.099998474121094,32.125,31.912500381469727,32.04999923706055,7709100
2022-06-10,28.086166381835938,31.774999618530273,31.850000381469727,31.600000381469727,31.700000762939453,16998412
2022-06-13,27.301698684692383,30.887500762939453,31.0625,30.862499237060547,31.024999618530273,67467100
2022-06-14,27.257503509521484,30.837499618530273,30.887500762939453,30.524999618530273,30.649999618530273,47559120
2022-06-15,27.124919891357422,30.6875,30.899999618530273,30.662500381469727,30.75,35393308
2022-06-16,27.069673538208008,30.625,31.25,30.5625,31.024999618530273,51071688
2022-06-17,26.705062866210938,30.212499618530273,30.375,30.100000381469727,30.25,78686220
2022-06-20,26.46198844909668,29.9375,30.237499237060547,29.875,30.225000381469727,42257108
2022-06-21,27.003381729125977,30.549999237060547,30.549999237060547,30.087499618530273,30.237499237060547,25930500
2022-06-22,26.406742095947266,29.875,30.424999237060547,29.837499618530273,30.424999237060547,60435976
2022-06-23,26.053176879882812,29.475000381469727,29.950000762939453,29.3125,29.950000762939453,67491772
2022-06-24,26.108423233032227,29.537500381469727,29.825000762939453,29.487499237060547,29.662500381469727,43073528
2022-06-27,26.727161407470703,30.237499237060547,30.362499237060547,29.950000762939453,29.950000762939453,66723816
2022-06-28,26.47303581237793,29.950000762939453,30.200000762939453,29.8125,30.200000762939453,43233840
2022-06-29,26.252059936523438,29.700000762939453,29.887500762939453,29.625,29.674999237060547,25087984
2022-06-30,25.589130401611328,28.950000762939453,29.450000762939453,28.875,29.424999237060547,81720980
2022-07-01,24.649974822998047,27.887500762939453,28.912500381469727,27.799999237060547,28.912500381469727,138878240
2022-07-04,24.406902313232422,27.612499237060547,28.049999237060547,27.5,27.8125,105770848
2022-07-05,24.528438568115234,27.75,28.237499237060547,27.25,28.137500762939453,64857832
2022-07-06,24.05333709716797,27.212499618530273,27.762500762939453,27.112499237060547,27.75,62447924
2022-07-07,24.771514892578125,28.024999618530273,28.037500381469727,27.137500762939453,27.362499237060547,53732760
2022-07-08,25.025634765625,28.3125,28.475000381469727,28.075000762939453,28.325000762939453,40711428
2022-07-11,24.804658889770508,28.0625,28.424999237060547,27.962499618530273,28.412500381469727,30291812
2022-07-12,24.208024978637695,27.387500762939453,27.737499237060547,27.287500381469727,27.737499237060547,44533776
2022-07-13,25.06983184814453,28.362499237060547,28.412500381469727,28.149999618530273,28.25,99299588
2022-07-14,25.191368103027344,28.5,28.5625,27.950000762939453,28.174999237060547,59001712
2022-07-15,25.52283477783203,28.875,28.912500381469727,28.4375,28.649999618530273,74221248
2022-07-18,25.63507080078125,28.549999237060547,28.712499618530273,28.487499237060547,28.662500381469727,88829376
2022-07-19,25.657520294189453,28.575000762939453,28.662500381469727,28.399999618530273,28.487499237060547,53005460
2022-07-20,25.825878143310547,28.762500762939453,29.049999237060547,28.674999237060547,28.962499618530273,67345152
2022-07-21,26.117694854736328,29.087499618530273,29.087499618530273,28.75,28.850000381469727,35213080
2022-07-22,26.218706130981445,29.200000762939453,29.299999237060547,29.075000762939453,29.149999618530273,62459656
2022-07-25,26.196258544921875,29.174999237060547,29.237499237060547,29.0,29.075000762939453,42173440
2022-07-26,25.960561752319336,28.912500381469727,29.149999618530273,28.825000762939453,29.149999618530273,50495728
2022-07-27,26.196258544921875,29.174999237060547,29.174999237060547,28.787500381469727,28.875,31668200
2022-07-28,26.24115562438965,29.225000381469727,29.487499237060547,29.225000381469727,29.462499618530273,33228832
2022-07-29,26.488079071044922,29.5,29.625,29.412500381469727,29.537500381469727,32121328
2022-08-01,26.40951156616211,29.412500381469727,29.524999618530273,29.299999237060547,29.524999618530273,38018536
2022-08-02,25.988924026489258,28.887500762939453,29.137500762939453,28.774999618530273,29.137500762939453,70777800
2022-08-03,26.1463623046875,29.0625,29.0625,28.875,28.912500381469727,31360808
2022-08-04,26.213838577270508,29.137500762939453,29.200000762939453,28.799999237060547,29.087499618530273,27397668
2022-08-05,26.877336502075195,29.875,29.875,29.475000381469727,29.5,37238236
2022-08-08,26.821107864379883,29.8125,29.8125,29.575000762939453,29.75,34765628
2022-08-09,26.798616409301758,29.787500381469727,29.875,29.5,29.600000381469727,31536632
2022-08-10,26.517475128173828,29.475000381469727,29.549999237060547,29.375,29.5,28891416
2022-08-11,27.001041412353516,30.012500762939453,30.112499237060547,29.899999618530273,29.950000762939453,42912384
2022-08-12,27.169727325439453,30.200000762939453,30.25,30.075000762939453,30.137500762939453,33697348
2022-08-15,27.417133331298828,30.475000381469727,30.524999618530273,30.3125,30.362499237060547,38189448
2022-08-16,27.462114334106445,30.524999618530273,30.575000762939453,30.475000381469727,30.5,39489064
2022-08-17,27.473360061645508,30.537500381469727,30.575000762939453,30.450000762939453,30.524999618530273,55419464
2022-08-18,27.293428421020508,30.337499618530273,30.362499237060547,30.237499237060547,30.350000381469727,21088012
2022-08-19,27.338411331176758,30.387500762939453,30.5,30.225000381469727,30.3125,16104076
2022-08-22,27.001041412353516,30.012500762939453,30.0625,29.9375,30.0,20028000
2022-08-23,26.58494758605957,29.549999237060547,29.75,29.549999237060547,29.637500762939453,41302508
2022-08-24,26.517475128173828,29.475000381469727,29.737499237060547,29.412500381469727,29.700000762939453,28253912
2022-08-25,26.76487922668457,29.75,29.862499237060547,29.612499237060547,29.625,19574876
2022-08-26,26.89982795715332,29.899999618530273,30.024999618530273,29.862499237060547,29.962499618530273,39838948
2022-08-29,26.213838577270508,29.137500762939453,29.237499237060547,29.0,29.0625,63102952
2022-08-30,26.258819580078125,29.1875,29.299999237060547,29.049999237060547,29.137500762939453,48621412
2022-08-31,26.449996948242188,29.399999618530273,29.399999618530273,28.950000762939453,28.987499237060547,28183656
2022-09-01,25.898956298828125,28.787500381469727,28.899999618530273,28.6875,28.875,84246316
2022-09-02,25.617813110351562,28.475000381469727,28.774999618530273,28.462499618530273,28.774999618530273,55976232
2022-09-05,25.674039840698242,28.537500381469727,28.6875,28.424999237060547,28.524999618530273,35512716
2022-09-06,25.842727661132812,28.725000381469727,28.850000381469727,28.5625,28.700000762939453,25904464
2022-09-07,25.235456466674805,28.049999237060547,28.287500381469727,28.024999618530273,28.274999618530273,61955568
2022-09-08,25.415390014648438,28.25,28.262500762939453,28.100000381469727,28.262500762939453,28468684
2022-09-12,25.955184936523438,28.850000381469727,28.912500381469727,28.75,28.825000762939453,30181272
2022-09-13,26.090133666992188,29.0,29.100000381469727,28.9375,29.024999618530273,18161944
2022-09-14,25.561582565307617,28.412500381469727,28.487499237060547,28.200000762939453,28.262500762939453,43782264
2022-09-15,25.6065673828125,28.462499618530273,28.5625,28.299999237060547,28.375,14736400
2022-09-16,25.314180374145508,28.137500762939453,28.212499618530273,28.075000762939453,28.162500381469727,51803628
2022-09-19,25.201717376708984,28.012500762939453,28.237499237060547,27.975000381469727,28.237499237060547,28709272
2022-09-20,25.4266357421875,28.262500762939453,28.287500381469727,28.0625,28.137500762939453,23028824
2022-09-21,25.21296501159668,28.024999618530273,28.200000762939453,27.950000762939453,28.200000762939453,44046172
2022-09-22,24.909330368041992,27.6875,27.6875,27.375,27.600000381469727,59646724
2022-09-23,24.673171997070312,27.424999237060547,27.587499618530273,27.337499618530273,27.5625,58395944
2022-09-26,24.212093353271484,26.912500381469727,27.012500762939453,26.787500381469727,27.012500762939453,79683304
2022-09-27,24.17835807800293,26.875,26.987499237060547,26.75,26.950000762939453,35851112
2022-09-28,23.672298431396484,26.3125,26.912500381469727,26.3125,26.899999618530273,75593876
2022-09-29,23.593578338623047,26.225000381469727,26.612499237060547,26.149999618530273,26.612499237060547,41608432
2022-09-30,23.267452239990234,25.862499237060547,25.975000381469727,25.75,25.825000762939453,50705712
2022-10-03,22.98630714416504,25.549999237060547,25.899999618530273,25.512500762939453,25.625,43969468
2022-10-04,23.57108497619629,26.200000762939453,26.200000762939453,26.024999618530273,26.137500762939453,30114732
2022-10-05,24.122127532958984,26.8125,26.962499618530273,26.587499618530273,26.625,42787184
2022-10-06,24.290813446044922,27.0,27.0,26.875,26.950000762939453,33828044
2022-10-07,23.885967254638672,26.549999237060547,26.850000381469727,26.524999618530273,26.850000381469727,34802512
2022-10-11,22.6489315032959,25.174999237060547,25.537500381469727,25.125,25.5,125921740
2022-10-12,22.536476135253906,25.049999237060547,25.174999237060547,24.887500762939453,25.100000381469727,53397184
2022-10-13,22.266582489013672,24.75,25.137500762939453,24.75,25.137500762939453,83371040
2022-10-14,22.907590866088867,25.462499618530273,25.575000762939453,25.274999618530273,25.4375,45731032
2022-10-17,22.480247497558594,24.987499237060547,25.024999618530273,24.762500762939453,24.987499237060547,78771904
2022-10-18,22.73889923095703,25.274999618530273,25.387500762939453,24.987499237060547,25.375,25608136
2022-10-19,22.43526268005371,24.9375,25.25,24.887500762939453,25.200000762939453,62496316
2022-10-20,22.31156349182129,24.799999237060547,24.862499237060547,24.337499618530273,24.549999237060547,75939888
2022-10-21,22.24408721923828,24.725000381469727,24.962499618530273,24.674999237060547,24.825000762939453,48662404
2022-10-24,22.176612854003906,24.649999618530273,25.200000762939453,24.649999618530273,25.1875,67982140
2022-10-25,21.7492733001709,24.174999237060547,24.649999618530273,24.125,24.649999618530273,80259668
2022-10-26,21.951696395874023,24.399999618530273,24.5,24.125,24.212499618530273,43837832
2022-10-27,22.266582489013672,24.75,24.837499618530273,24.625,24.625,32068688
2022-10-28,21.985437393188477,24.4375,24.649999618530273,24.3125,24.649999618530273,45962880
2022-10-31,22.2778263092041,24.762500762939453,24.837499618530273,24.524999618530273,24.712499618530273,40352320
2022-11-01,22.40152931213379,24.899999618530273,24.987499237060547,24.700000762939453,24.712499618530273,32777216
2022-11-02,22.491497039794922,25.0,25.012500762939453,24.850000381469727,24.899999618530273,28021220
2022-11-03,22.199108123779297,24.674999237060547,24.712499618530273,24.587499618530273,24.625,54132456
2022-11-04,22.23284149169922,24.712499618530273,24.737499237060547,24.375,24.524999618530273,25730140
2022-11-07,22.615198135375977,25.137500762939453,25.212499618530273,24.887500762939453,24.950000762939453,48426144
2022-11-08,22.851356506347656,25.399999618530273,25.487499237060547,25.3125,25.362499237060547,41625688
2022-11-09,23.503610610961914,26.125,26.125,25.637500762939453,25.637500762939453,75645316
2022-11-10,23.27869987487793,25.875,25.962499618530273,25.799999237060547,25.862499237060547,58931616
2022-11-11,24.515727996826172,27.25,27.25,26.950000762939453,27.137500762939453,137249556
2022-11-14,24.740644454956055,27.5,27.600000381469727,27.350000381469727,27.450000762939453,72667064
2022-11-15,25.797740936279297,28.674999237060547,28.737499237060547,27.799999237060547,27.799999237060547,135373028
2022-11-16,25.752761840820312,28.625,28.9375,28.462499618530273,28.75,94684964
2022-11-17,25.764007568359375,28.637500762939453,28.662500381469727,28.212499618530273,28.487499237060547,53409672
2022-11-18,25.696529388427734,28.5625,28.962499618530273,28.512500762939453,28.725000381469727,42624300
2022-11-21,25.6065673828125,28.462499618530273,28.662500381469727,28.424999237060547,28.587499618530273,34742276
2022-11-22,25.82023811340332,28.700000762939453,28.75,28.262500762939453,28.350000381469727,22178072
2022-11-23,26.000165939331055,28.899999618530273,28.975000381469727,28.762500762939453,28.912500381469727,31755848
2022-11-24,26.24757194519043,29.174999237060547,29.212499618530273,28.975000381469727,29.0,60955344
2022-11-25,26.24757194519043,29.174999237060547,29.237499237060547,29.087499618530273,29.162500381469727,64081944
2022-11-28,25.719024658203125,28.587499618530273,28.825000762939453,28.475000381469727,28.649999618530273,60178952
2022-11-29,25.955184936523438,28.850000381469727,28.850000381469727,28.274999618530273,28.462499618530273,42685868
2022-11-30,26.168853759765625,29.087499618530273,29.100000381469727,28.712499618530273,28.774999618530273,37184264
2022-12-01,26.618682861328125,29.587499618530273,29.875,29.5,29.799999237060547,98737356
2022-12-02,26.382524490356445,29.325000762939453,29.487499237060547,29.25,29.325000762939453,29920608
2022-12-05,26.416259765625,29.362499237060547,29.625,29.299999237060547,29.325000762939453,47951016
2022-12-06,25.932693481445312,28.825000762939453,29.200000762939453,28.799999237060547,29.200000762939453,39880032
2022-12-07,25.775251388549805,28.649999618530273,28.962499618530273,28.549999237060547,28.625,32901556
2022-12-08,25.471616744995117,28.3125,28.524999618530273,28.112499237060547,28.512500762939453,36475576
2022-12-09,25.865215301513672,28.75,28.8125,28.487499237060547,28.5,24947356
2022-12-12,25.617813110351562,28.475000381469727,28.549999237060547,28.3125,28.549999237060547,33456200
2022-12-13,25.505353927612305,28.350000381469727,28.625,28.3125,28.625,26088568
2022-12-14,25.82023811340332,28.700000762939453,28.75,28.5,28.524999618530273,31534172
2022-12-15,25.842727661132812,28.725000381469727,28.762500762939453,28.475000381469727,28.575000762939453,31236764
2022-12-16,25.415390014648438,28.25,28.325000762939453,28.0625,28.125,47527104
2022-12-19,25.269195556640625,28.087499618530273,28.237499237060547,28.0,28.087499618530273,24526112
2022-12-20,24.80811882019043,27.575000762939453,28.125,27.512500762939453,28.037500381469727,49743932
2022-12-21,24.909330368041992,27.6875,27.850000381469727,27.575000762939453,27.700000762939453,47612612
2022-12-22,25.325424194335938,28.149999618530273,28.1875,27.9375,27.9375,20092604
2022-12-23,24.898082733154297,27.674999237060547,27.762500762939453,27.600000381469727,27.674999237060547,23941448
2022-12-26,24.988046646118164,27.774999618530273,27.799999237060547,27.674999237060547,27.700000762939453,16120680
2022-12-27,25.100507736206055,27.899999618530273,28.0625,27.850000381469727,27.850000381469727,16508700
2022-12-28,24.740644454956055,27.5,27.625,27.350000381469727,27.625,48701404
2022-12-29,24.62818717956543,27.375,27.399999618530273,27.100000381469727,27.299999237060547,55414224
2022-12-30,24.78562355041504,27.549999237060547,27.6875,27.549999237060547,27.649999618530273,34572648
2023-01-03,24.909330368041992,27.6875,27.725000381469727,27.112499237060547,27.399999618530273,59242536
2023-01-04,24.85310173034668,27.625,27.700000762939453,27.524999618530273,27.575000762939453,55019412
2023-01-05,25.033035278320312,27.825000762939453,27.924999237060547,27.737499237060547,27.8125,48283616
2023-01-06,25.145492553710938,27.950000762939453,28.049999237060547,27.787500381469727,27.799999237060547,46347120
2023-01-09,26.045150756835938,28.950000762939453,28.950000762939453,28.475000381469727,28.5,59992304
2023-01-10,26.1463623046875,29.0625,29.100000381469727,28.9375,28.987499237060547,47897080
2023-01-11,26.168853759765625,29.087499618530273,29.1875,28.975000381469727,29.162500381469727,62409904
2023-01-12,26.056396484375,28.962499618530273,29.149999618530273,28.912500381469727,29.125,39816908
2023-01-13,26.360029220581055,29.299999237060547,29.649999618530273,29.237499237060547,29.625,113933548
2023-01-16,26.562454223632812,29.524999618530273,29.637500762939453,29.5,29.524999618530273,110397484
2023-01-17,26.562454223632812,29.524999618530273,29.587499618530273,29.450000762939453,29.587499618530273,56226344
2023-01-30,27.75833511352539,30.174999237060547,30.25,30.0,30.200000762939453,173329284
2023-01-31,27.20639419555664,29.575000762939453,30.149999618530273,29.575000762939453,30.149999618530273,86450304
2023-02-01,27.36737823486328,29.75,29.862499237060547,29.612499237060547,29.774999618530273,26163640
2023-02-02,27.82733154296875,30.25,30.274999618530273,30.0625,30.075000762939453,62178044
2023-02-03,27.82733154296875,30.25,30.299999237060547,30.049999237060547,30.237499237060547,38029112
2023-02-06,27.42487144470215,29.8125,30.024999618530273,29.8125,30.024999618530273,53519476
2023-02-07,27.36737823486328,29.75,29.8125,29.637500762939453,29.774999618530273,33203448
2023-02-08,27.792835235595703,30.212499618530273,30.237499237060547,30.0,30.024999618530273,35659720
2023-02-09,27.804336547851562,30.225000381469727,30.25,30.075000762939453,30.125,19396980
2023-02-10,27.82733154296875,30.25,30.274999618530273,30.149999618530273,30.225000381469727,24871900
2023-02-13,27.76983642578125,30.1875,30.225000381469727,29.975000381469727,30.174999237060547,15322364
2023-02-14,27.97681999206543,30.412500381469727,30.450000762939453,30.3125,30.3125,30469028
2023-02-15,27.332881927490234,29.712499618530273,30.0625,29.700000762939453,29.987499237060547,49084992
2023-02-16,27.666349411010742,30.075000762939453,30.125,29.825000762939453,29.825000762939453,44040076
2023-02-17,27.30988121032715,29.6875,29.825000762939453,29.600000381469727,29.825000762939453,31532096
2023-02-20,27.36737823486328,29.75,29.837499618530273,29.524999618530273,29.637500762939453,23364440
2023-02-21,27.35587501525879,29.737499237060547,29.774999618530273,29.637500762939453,29.75,17772152
2023-02-22,27.056909561157227,29.412500381469727,29.4375,29.274999618530273,29.375,43550488
2023-02-23,27.459367752075195,29.850000381469727,29.950000762939453,29.487499237060547,29.487499237060547,24790780
2023-02-24,27.321382522583008,29.700000762939453,30.024999618530273,29.700000762939453,29.975000381469727,21990924
2023-03-01,27.44786834716797,29.837499618530273,29.862499237060547,29.212499618530273,29.325000762939453,29869272
2023-03-02,27.42487144470215,29.8125,29.837499618530273,29.575000762939453,29.837499618530273,13924924
2023-03-03,27.44786834716797,29.837499618530273,30.024999618530273,29.799999237060547,29.950000762939453,12403748
2023-03-06,27.712345123291016,30.125,30.225000381469727,29.975000381469727,30.037500381469727,37364848
2023-03-07,27.896326065063477,30.325000762939453,30.350000381469727,30.049999237060547,30.137500762939453,29874380
2023-03-08,27.666349411010742,30.075000762939453,30.149999618530273,29.950000762939453,30.125,24727856
2023-03-09,27.64335060119629,30.049999237060547,30.200000762939453,30.049999237060547,30.1875,13108684
2023-03-10,27.20639419555664,29.575000762939453,29.737499237060547,29.5,29.712499618530273,52548684
2023-03-13,27.321382522583008,29.700000762939453,29.774999618530273,29.350000381469727,29.487499237060547,74943036
2023-03-14,27.022411346435547,29.375,29.487499237060547,29.287500381469727,29.387500762939453,44186128
2023-03-15,27.045406341552734,29.399999618530273,29.674999237060547,29.362499237060547,29.600000381469727,48857440
2023-03-16,26.918922424316406,29.262500762939453,29.350000381469727,29.125,29.299999237060547,62425580
2023-03-17,27.35587501525879,29.737499237060547,29.737499237060547,29.450000762939453,29.462499618530273,43399212
2023-03-20,27.160396575927734,29.524999618530273,29.762500762939453,29.462499618530273,29.737499237060547,28429916
2023-03-21,27.286884307861328,29.662500381469727,29.6875,29.549999237060547,29.625,14367480
2023-03-22,27.804336547851562,30.225000381469727,30.225000381469727,29.862499237060547,29.862499237060547,56968508
2023-03-23,28.022815704345703,30.462499618530273,30.575000762939453,30.112499237060547,30.162500381469727,62131916
2023-03-24,28.10330581665039,30.549999237060547,30.575000762939453,30.387500762939453,30.5,53829576
2023-03-27,27.93082046508789,30.362499237060547,30.475000381469727,30.299999237060547,30.4375,42578380
2023-03-28,27.68934440612793,30.100000381469727,30.287500381469727,30.049999237060547,30.237499237060547,38965956
2023-03-29,27.73534393310547,30.149999618530273,30.262500762939453,30.037500381469727,30.162500381469727,12297708
2023-03-30,27.873329162597656,30.299999237060547,30.424999237060547,30.1875,30.350000381469727,45522456
2023-03-31,27.96531867980957,30.399999618530273,30.587499618530273,30.350000381469727,30.424999237060547,59806560
2023-04-06,27.82733154296875,30.25,30.25,30.049999237060547,30.212499618530273,30005676
2023-04-07,27.82733154296875,30.25,30.362499237060547,30.200000762939453,30.3125,17655436
2023-04-10,27.82733154296875,30.25,30.412500381469727,30.225000381469727,30.3125,15124112
2023-04-11,27.792835235595703,30.212499618530273,30.287500381469727,30.100000381469727,30.25,23765992
2023-04-12,27.723844528198242,30.137500762939453,30.212499618530273,30.037500381469727,30.212499618530273,11568680
2023-04-13,27.482364654541016,29.875,30.037500381469727,29.875,30.012500762939453,26200016
2023-04-14,27.746843338012695,30.162500381469727,30.225000381469727,29.962499618530273,30.0,12363216
2023-04-17,27.67784881591797,30.087499618530273,30.125,29.950000762939453,30.087499618530273,22756672
2023-04-18,27.585857391357422,29.987499237060547,30.100000381469727,29.9375,30.087499618530273,19338552
2023-04-19,27.378875732421875,29.762500762939453,30.012500762939453,29.700000762939453,30.0,31139140
2023-04-20,27.344377517700195,29.725000381469727,29.850000381469727,29.600000381469727,29.712499618530273,25631852
2023-04-21,27.2753849029541,29.649999618530273,29.887500762939453,29.625,29.862499237060547,19224952
2023-04-24,27.171897888183594,29.537500381469727,29.625,29.424999237060547,29.450000762939453,26235392
2023-04-25,26.815431594848633,29.149999618530273,29.575000762939453,29.137500762939453,29.575000762939453,74111004
2023-04-26,26.700439453125,29.024999618530273,29.149999618530273,28.912500381469727,29.137500762939453,51812420
2023-04-27,26.677444458007812,29.0,29.162500381469727,28.875,29.012500762939453,37843400
2023-04-28,26.999412536621094,29.350000381469727,29.387500762939453,29.212499618530273,29.212499618530273,22563740
2023-05-02,27.068405151367188,29.424999237060547,29.5,29.274999618530273,29.362499237060547,20658196
2023-05-03,26.95341682434082,29.299999237060547,29.337499618530273,29.200000762939453,29.337499618530273,16713728
2023-05-04,27.022411346435547,29.375,29.375,29.174999237060547,29.25,14828800
2023-05-05,27.091405868530273,29.450000762939453,29.512500762939453,29.350000381469727,29.424999237060547,8875004
2023-05-08,27.26388931274414,29.637500762939453,29.725000381469727,29.587499618530273,29.625,24044836
2023-05-09,27.344377517700195,29.725000381469727,29.75,29.575000762939453,29.649999618530273,18544840
2023-05-10,27.091405868530273,29.450000762939453,29.700000762939453,29.412500381469727,29.700000762939453,16300476
2023-05-11,27.033910751342773,29.387500762939453,29.612499237060547,29.387500762939453,29.5625,14739856
2023-05-12,26.95341682434082,29.299999237060547,29.375,29.1875,29.287500381469727,15253396
2023-05-15,26.95341682434082,29.299999237060547,29.337499618530273,29.162500381469727,29.237499237060547,16478796
2023-05-16,27.2753849029541,29.649999618530273,29.75,29.462499618530273,29.475000381469727,31605876
2023-05-17,27.723844528198242,30.137500762939453,30.174999237060547,29.662500381469727,29.662500381469727,104119624
2023-05-18,28.091808319091797,30.537500381469727,30.600000381469727,30.399999618530273,30.450000762939453,87894220
2023-05-19,28.172300338745117,30.625,30.712499618530273,30.549999237060547,30.649999618530273,136498504
2023-05-22,28.126304626464844,30.575000762939453,30.662500381469727,30.524999618530273,30.625,71936104
2023-05-23,28.10330581665039,30.549999237060547,30.662500381469727,30.450000762939453,30.575000762939453,49062812
2023-05-24,27.96531867980957,30.399999618530273,30.450000762939453,30.274999618530273,30.412500381469727,43519312
2023-05-25,28.29878807067871,30.762500762939453,30.850000381469727,30.612499237060547,30.75,45771436
2023-05-26,28.96572494506836,31.487499237060547,31.512500762939453,31.25,31.25,95122080
2023-05-29,29.14970588684082,31.6875,31.887500762939453,31.625,31.862499237060547,57995472
2023-05-30,29.14970588684082,31.6875,31.762500762939453,31.612499237060547,31.6875,48495216
2023-05-31,29.01171875,31.537500381469727,31.674999237060547,31.287500381469727,31.674999237060547,35461188
2023-06-01,28.781742095947266,31.287500381469727,31.399999618530273,31.225000381469727,31.337499618530273,15517372
2023-06-02,29.14970588684082,31.6875,31.75,31.450000762939453,31.450000762939453,31771276
2023-06-05,29.057714462280273,31.587499618530273,31.700000762939453,31.5625,31.6875,25440488
2023-06-06,29.13820457458496,31.674999237060547,31.8125,31.537500381469727,31.587499618530273,26369656
2023-06-07,29.460176467895508,32.025001525878906,32.0625,31.75,31.75,48306172
2023-06-08,29.17270278930664,31.712499618530273,32.04999923706055,31.637500762939453,31.975000381469727,20562940
2023-06-09,29.391183853149414,31.950000762939453,32.04999923706055,31.850000381469727,31.875,22207812
2023-06-12,29.667156219482422,32.25,32.32500076293945,32.125,32.125,54885148
2023-06-13,30.253602981567383,32.88750076293945,32.98749923706055,32.54999923706055,32.54999923706055,93752808
2023-06-14,30.242101669311523,32.875,32.900001525878906,32.75,32.849998474121094,26707972
2023-06-15,30.334091186523438,32.974998474121094,33.0,32.875,32.88750076293945,44164476
2023-06-16,30.253602981567383,32.88750076293945,32.95000076293945,32.775001525878906,32.95000076293945,28808864
2023-06-19,30.184608459472656,32.8125,32.875,32.63750076293945,32.73749923706055,23915984
2023-06-20,30.023624420166016,32.63750076293945,32.8125,32.587501525878906,32.775001525878906,26115876
2023-06-21,30.023624420166016,32.63750076293945,32.76250076293945,32.5625,32.63750076293945,106262060
2023-06-26,29.83963966369629,32.4375,32.587501525878906,32.349998474121094,32.587501525878906,29573612
2023-06-27,29.6441593170166,32.224998474121094,32.38750076293945,32.17499923706055,32.287498474121094,26296196
2023-06-28,29.690156936645508,32.275001525878906,32.42499923706055,32.20000076293945,32.337501525878906,22783412
2023-06-29,29.67865562438965,32.26250076293945,32.625,32.224998474121094,32.4375,22786068
2023-06-30,29.690156936645508,32.275001525878906,32.275001525878906,32.07500076293945,32.20000076293945,28116752
2023-07-03,30.058116912841797,32.67499923706055,32.67499923706055,32.400001525878906,32.400001525878906,26491300
2023-07-04,30.127113342285156,32.75,32.787498474121094,32.63750076293945,32.6875,22718680
2023-07-05,30.081119537353516,32.70000076293945,32.79999923706055,32.599998474121094,32.75,20003768
2023-07-06,29.414180755615234,31.975000381469727,32.42499923706055,31.924999237060547,32.42499923706055,65609104
2023-07-07,29.368186950683594,31.924999237060547,32.07500076293945,31.774999618530273,31.887500762939453,32081608
2023-07-10,29.31068992614746,31.862499237060547,32.125,31.75,32.025001525878906,31486556
2023-07-11,29.713153839111328,32.29999923706055,32.29999923706055,32.0,32.0,18161736
2023-07-12,29.770647048950195,32.36249923706055,32.36249923706055,32.212501525878906,32.32500076293945,13757804
2023-07-13,30.10411262512207,32.724998474121094,32.974998474121094,32.712501525878906,32.82500076293945,62665236
2023-07-14,30.414587020874023,33.0625,33.125,32.86249923706055,32.86249923706055,58928984
2023-07-17,30.35708999633789,33.0,33.04999923706055,32.9375,33.0,61113608
2023-07-18,30.298757553100586,32.462501525878906,32.75,32.42499923706055,32.75,43350244
2023-07-19,30.04208755493164,32.1875,32.625,32.1875,32.537498474121094,57198712
2023-07-20,30.18208885192871,32.337501525878906,32.42499923706055,32.25,32.26250076293945,14887776
2023-07-21,29.6804141998291,31.799999237060547,31.850000381469727,31.625,31.850000381469727,51028788
2023-07-24,29.692081451416016,31.8125,31.912500381469727,31.649999618530273,31.75,38900724
2023-07-25,30.065420150756836,32.212501525878906,32.29999923706055,31.924999237060547,31.924999237060547,27691160
2023-07-26,29.98375129699707,32.125,32.29999923706055,32.087501525878906,32.275001525878906,17586968
2023-07-27,30.21708869934082,32.375,32.375,32.25,32.287498474121094,16027612
2023-07-28,30.21708869934082,32.375,32.474998474121094,32.25,32.349998474121094,10722548
2023-07-31,30.053752899169922,32.20000076293945,32.662498474121094,32.0625,32.57500076293945,28994208
2023-08-01,30.205419540405273,32.36249923706055,32.38750076293945,32.212501525878906,32.25,17791060
2023-08-02,29.832082748413086,31.962499618530273,32.36249923706055,31.862499237060547,32.349998474121094,48022884
2023-08-04,29.692081451416016,31.8125,31.875,31.725000381469727,31.8125,26939664
2023-08-07,29.98375129699707,32.125,32.17499923706055,31.887500762939453,31.912500381469727,18407492
2023-08-08,29.633745193481445,31.75,32.04999923706055,31.600000381469727,32.025001525878906,42070044
2023-08-09,29.6804141998291,31.799999237060547,31.912500381469727,31.662500381469727,31.700000762939453,14657596
2023-08-10,29.493743896484375,31.600000381469727,31.75,31.575000762939453,31.725000381469727,43583592
2023-08-11,29.470413208007812,31.575000762939453,31.837499618530273,31.537500381469727,31.75,30991408
2023-08-14,29.050403594970703,31.125,31.424999237060547,31.024999618530273,31.412500381469727,90266740
2023-08-15,29.097074508666992,31.174999237060547,31.362499237060547,31.149999618530273,31.3125,29644352
2023-08-16,28.945402145385742,31.012500762939453,31.100000381469727,30.899999618530273,31.037500381469727,72292252
2023-08-17,29.07373809814453,31.149999618530273,31.162500381469727,30.725000381469727,30.899999618530273,38535436
2023-08-18,28.89873695373535,30.962499618530273,31.200000762939453,30.924999237060547,31.049999237060547,30402880
2023-08-21,28.700401306152344,30.75,31.112499237060547,30.75,31.049999237060547,40236924
2023-08-22,28.93373680114746,31.0,31.087499618530273,30.924999237060547,31.0,14564580
2023-08-23,29.1320743560791,31.212499618530273,31.287500381469727,31.0,31.0,27136280
2023-08-24,29.633745193481445,31.75,31.774999618530273,31.5625,31.600000381469727,26694756
2023-08-25,29.06207275390625,31.137500762939453,31.375,31.125,31.375,28754872
2023-08-28,29.24873924255371,31.337499618530273,31.424999237060547,31.1875,31.212499618530273,17258996
2023-08-29,29.412076950073242,31.512500762939453,31.512500762939453,31.174999237060547,31.5,25960364
2023-08-30,29.5404109954834,31.649999618530273,31.762500762939453,31.524999618530273,31.6875,22997780
2023-08-31,29.33041000366211,31.424999237060547,31.637500762939453,31.375,31.637500762939453,17424156
2023-09-01,29.377073287963867,31.475000381469727,31.575000762939453,31.274999618530273,31.375,12327708
2023-09-04,29.575414657592773,31.6875,31.700000762939453,31.399999618530273,31.475000381469727,13690652
2023-09-05,29.505409240722656,31.612499237060547,31.649999618530273,31.512500762939453,31.637500762939453,14489636
2023-09-06,29.400409698486328,31.5,31.674999237060547,31.462499618530273,31.649999618530273,29338084
2023-09-07,29.1320743560791,31.212499618530273,31.375,31.174999237060547,31.325000762939453,22600776
2023-09-08,29.003740310668945,31.075000762939453,31.125,30.962499618530273,31.024999618530273,22110532
2023-09-11,28.88707160949707,30.950000762939453,31.125,30.850000381469727,31.112499237060547,33026528
2023-09-12,29.178739547729492,31.262500762939453,31.262500762939453,30.962499618530273,31.024999618530273,10398692
2023-09-13,29.213741302490234,31.299999237060547,31.399999618530273,31.174999237060547,31.299999237060547,12823132
2023-09-14,29.62207794189453,31.737499237060547,31.737499237060547,31.387500762939453,31.475000381469727,28711600
2023-09-15,29.715412139892578,31.837499618530273,31.837499618530273,31.6875,31.75,22933528
2023-09-18,29.400409698486328,31.5,31.649999618530273,31.462499618530273,31.649999618530273,28383636
2023-09-19,29.27207374572754,31.362499237060547,31.512500762939453,31.337499618530273,31.462499618530273,16069368
2023-09-20,29.108739852905273,31.1875,31.299999237060547,31.125,31.262500762939453,23793164
2023-09-21,28.642065048217773,30.6875,30.962499618530273,30.662500381469727,30.950000762939453,84682840
2023-09-22,28.618732452392578,30.662500381469727,30.700000762939453,30.512500762939453,30.612499237060547,38237532
2023-09-25,28.8287353515625,30.887500762939453,30.9375,30.6875,30.6875,15972528
2023-09-26,28.49039649963379,30.524999618530273,30.75,30.5,30.662500381469727,40307016
2023-09-27,28.502063751220703,30.537500381469727,30.575000762939453,30.387500762939453,30.462499618530273,26110120
2023-09-28,28.618732452392578,30.662500381469727,30.787500381469727,30.512500762939453,30.6875,22157308
2023-10-02,28.99207305908203,31.0625,31.125,30.899999618530273,30.899999618530273,25845048
2023-10-03,28.817068099975586,30.875,31.037500381469727,30.862499237060547,30.987499237060547,20273816
2023-10-04,28.443729400634766,30.475000381469727,30.549999237060547,30.337499618530273,30.524999618530273,44900108
2023-10-05,28.852069854736328,30.912500381469727,30.912500381469727,30.600000381469727,30.600000381469727,16421960
2023-10-06,28.957069396972656,31.024999618530273,31.075000762939453,30.950000762939453,30.950000762939453,19539980
2023-10-11,29.458744049072266,31.5625,31.600000381469727,31.462499618530273,31.475000381469727,53988076
2023-10-12,29.70374870300293,31.825000762939453,31.837499618530273,31.575000762939453,31.625,57188056
2023-10-13,29.62207794189453,31.737499237060547,31.850000381469727,31.625,31.75,25451284
2023-10-16,29.458744049072266,31.5625,31.575000762939453,31.424999237060547,31.575000762939453,30968164
2023-10-17,29.528745651245117,31.637500762939453,31.75,31.600000381469727,31.674999237060547,27344148
2023-10-18,29.120407104492188,31.200000762939453,31.5625,31.200000762939453,31.5625,38264128
2023-10-19,29.1320743560791,31.212499618530273,31.299999237060547,31.100000381469727,31.100000381469727,31304980
2023-10-20,29.26041030883789,31.350000381469727,31.362499237060547,30.975000381469727,31.1875,17549164
2023-10-23,28.89873695373535,30.962499618530273,31.212499618530273,30.887500762939453,31.212499618530273,32149280
2023-10-24,28.922069549560547,30.987499237060547,30.987499237060547,30.674999237060547,30.950000762939453,28788744
2023-10-25,28.98040199279785,31.049999237060547,31.225000381469727,31.049999237060547,31.049999237060547,15920360
2023-10-26,28.408729553222656,30.4375,30.600000381469727,30.399999618530273,30.462499618530273,87896488
2023-10-27,28.537063598632812,30.575000762939453,30.6875,30.524999618530273,30.537500381469727,16275748
2023-10-30,28.467063903808594,30.5,30.712499618530273,30.4375,30.600000381469727,36553408
2023-10-31,28.268728256225586,30.287500381469727,30.612499237060547,30.274999618530273,30.600000381469727,43123508
2023-11-01,28.408729553222656,30.4375,30.537500381469727,30.3125,30.5,17689308
2023-11-02,29.050403594970703,31.125,31.125,30.787500381469727,30.787500381469727,39232848
2023-11-03,29.27207374572754,31.362499237060547,31.399999618530273,31.174999237060547,31.25,34794272
2023-11-06,29.528745651245117,31.637500762939453,31.799999237060547,31.587499618530273,31.637500762939453,63692796
2023-11-07,29.517078399658203,31.625,31.700000762939453,31.524999618530273,31.625,26172452
2023-11-08,29.6804141998291,31.799999237060547,31.862499237060547,31.625,31.662500381469727,44402716
2023-11-09,29.692081451416016,31.8125,31.850000381469727,31.662500381469727,31.725000381469727,24907492
2023-11-10,29.575414657592773,31.6875,31.712499618530273,31.600000381469727,31.674999237060547,17006284
2023-11-13,30.030418395996094,32.17499923706055,32.400001525878906,32.125,32.3125,101550224
2023-11-14,30.100418090820312,32.25,32.400001525878906,32.23749923706055,32.29999923706055,80377828
2023-11-15,30.462093353271484,32.63750076293945,32.75,32.51250076293945,32.724998474121094,91164196
2023-11-16,30.473756790161133,32.650001525878906,32.79999923706055,32.57500076293945,32.70000076293945,73317344
2023-11-17,30.567092895507812,32.75,32.875,32.63750076293945,32.650001525878906,108590352
2023-11-20,30.5554256439209,32.73749923706055,32.76250076293945,32.61249923706055,32.76250076293945,34641500
2023-11-21,30.928770065307617,33.13750076293945,33.17499923706055,32.86249923706055,32.86249923706055,113513384
2023-11-22,30.648761749267578,32.837501525878906,32.95000076293945,32.787498474121094,32.8125,24548288
2023-11-23,30.637096405029297,32.82500076293945,32.86249923706055,32.6875,32.837501525878906,24937264
2023-11-24,30.613759994506836,32.79999923706055,32.912498474121094,32.76250076293945,32.82500076293945,53237608
2023-11-27,30.415430068969727,32.587501525878906,32.962501525878906,32.525001525878906,32.79999923706055,37727104
2023-11-28,30.625423431396484,32.8125,32.95000076293945,32.57500076293945,32.599998474121094,38275884
2023-11-29,30.60209083557129,32.787498474121094,33.04999923706055,32.76250076293945,32.82500076293945,26470308
2023-11-30,30.648761749267578,32.837501525878906,32.875,32.662498474121094,32.82500076293945,43669324
2023-12-01,30.753761291503906,32.95000076293945,32.95000076293945,32.70000076293945,32.75,21198560
2023-12-04,30.637096405029297,32.82500076293945,33.0,32.724998474121094,32.95000076293945,17596136
2023-12-05,30.415430068969727,32.587501525878906,32.650001525878906,32.474998474121094,32.650001525878906,19111864
2023-12-06,30.52042579650879,32.70000076293945,32.849998474121094,32.599998474121094,32.599998474121094,28548196
2023-12-07,30.333755493164062,32.5,32.662498474121094,32.5,32.650001525878906,10954636
2023-12-08,30.578758239746094,32.76250076293945,32.900001525878906,32.724998474121094,32.787498474121094,52095808
2023-12-11,30.613759994506836,32.79999923706055,32.837501525878906,32.662498474121094,32.76250076293945,12519352
2023-12-12,30.683759689331055,32.875,33.01250076293945,32.837501525878906,32.974998474121094,21902040
2023-12-13,30.695430755615234,32.88750076293945,32.95000076293945,32.849998474121094,32.900001525878906,11761744
2023-12-14,31.06876564025879,33.287498474121094,33.36249923706055,33.125,33.162498474121094,128026068
2023-12-15,31.197097778320312,33.42499923706055,33.54999923706055,33.412498474121094,33.412498474121094,73515340
2023-12-18,31.243770599365234,33.474998474121094,33.474998474121094,33.150001525878906,33.412498474121094,26607988
2023-12-19,31.127098083496094,33.349998474121094,33.45000076293945,33.1875,33.45000076293945,22424988
2023-12-20,31.208768844604492,33.4375,33.462501525878906,33.349998474121094,33.38750076293945,26463340
2023-12-21,30.9404296875,33.150001525878906,33.17499923706055,33.01250076293945,33.04999923706055,21419804
2023-12-22,31.022098541259766,33.23749923706055,33.275001525878906,33.150001525878906,33.150001525878906,24816776
2023-12-25,31.150434494018555,33.375,33.45000076293945,33.23749923706055,33.25,32321648
2023-12-26,31.325435638427734,33.5625,33.599998474121094,33.375,33.375,67267856
2023-12-27,31.675439834594727,33.9375,33.974998474121094,33.587501525878906,33.599998474121094,119800140
2023-12-28,31.675439834594727,33.9375,34.0,33.86249923706055,33.9375,59393184
2023-12-29,31.605443954467773,33.86249923706055,34.0,33.837501525878906,33.92499923706055,52446432
2024-01-02,31.477108001708984,33.724998474121094,33.98749923706055,33.662498474121094,33.900001525878906,23688304
2024-01-03,30.928770065307617,33.13750076293945,33.474998474121094,33.07500076293945,33.42499923706055,54189900
2024-01-04,30.917095184326172,33.125,33.1875,33.07500076293945,33.13750076293945,18270372
2024-01-05,30.835426330566406,33.037498474121094,33.23749923706055,33.025001525878906,33.13750076293945,15998684
2024-01-08,30.975431442260742,33.1875,33.400001525878906,33.1875,33.25,37578880
2024-01-09,31.033767700195312,33.25,33.48749923706055,33.1875,33.462501525878906,22804060
2024-01-10,30.870433807373047,33.07500076293945,33.162498474121094,33.0,33.099998474121094,27125880
2024-01-11,30.998769760131836,33.212501525878906,33.3125,33.087501525878906,33.11249923706055,22504312
2024-01-12,30.952096939086914,33.162498474121094,33.26250076293945,32.98749923706055,33.04999923706055,25937588
2024-01-15,30.952096939086914,33.162498474121094,33.162498474121094,33.162498474121094,33.162498474121094,0
2024-01-16,30.718761444091797,32.912498474121094,33.07500076293945,32.775001525878906,33.01250076293945,87905184
2024-01-17,30.432228088378906,31.862499237060547,32.5,31.825000762939453,32.5,145373216
2024-01-18,30.635189056396484,32.07500076293945,32.13750076293945,31.975000381469727,31.975000381469727,28368372
2024-01-19,31.73356819152832,33.224998474121094,33.275001525878906,32.775001525878906,32.92499923706055,104149832
2024-01-22,31.948469161987305,33.45000076293945,33.587501525878906,33.337501525878906,33.45000076293945,51769732
2024-01-23,32.00816345214844,33.51250076293945,33.5625,33.375,33.474998474121094,27609740
2024-01-24,31.9962215423584,33.5,33.599998474121094,33.48749923706055,33.537498474121094,56681432
2024-01-25,32.39020538330078,33.912498474121094,33.92499923706055,33.724998474121094,33.76250076293945,104278032
2024-01-26,32.39020538330078,33.912498474121094,33.98749923706055,33.82500076293945,33.912498474121094,63300248
2024-01-29,32.593170166015625,34.125,34.162498474121094,33.900001525878906,33.912498474121094,106544936
2024-01-30,32.50959396362305,34.037498474121094,34.162498474121094,34.01250076293945,34.087501525878906,38244096
2024-01-31,32.07979965209961,33.587501525878906,33.82500076293945,33.587501525878906,33.8125,27139568
2024-02-01,32.07979965209961,33.587501525878906,33.625,33.400001525878906,33.587501525878906,33583900
2024-02-02,32.258880615234375,33.775001525878906,33.79999923706055,33.662498474121094,33.75,35616952
2024-02-05,32.46184158325195,33.98749923706055,34.04999923706055,33.75,33.775001525878906,68850940
2024-02-15,33.990020751953125,35.587501525878906,35.67499923706055,35.349998474121094,35.54999923706055,166902248
2024-02-16,33.73929977416992,35.32500076293945,35.587501525878906,35.29999923706055,35.587501525878906,70613876
2024-02-19,33.69154739379883,35.275001525878906,35.3125,35.150001525878906,35.25,35994992
2024-02-20,33.822872161865234,35.412498474121094,35.5,35.099998474121094,35.13750076293945,53273328
2024-02-21,33.71542739868164,35.29999923706055,35.375,35.26250076293945,35.349998474121094,41419940
2024-02-22,34.09746551513672,35.70000076293945,35.76250076293945,35.462501525878906,35.73749923706055,49482432
2024-02-23,34.32430648803711,35.9375,36.025001525878906,35.82500076293945,35.86249923706055,76632740
2024-02-26,34.3720588684082,35.98749923706055,36.0,35.75,35.92499923706055,39179224
2024-02-27,34.228797912597656,35.837501525878906,36.04999923706055,35.662498474121094,35.98749923706055,23922688
2024-02-29,34.216854095458984,35.82500076293945,35.98749923706055,35.67499923706055,35.75,27390448
2024-03-01,34.09746551513672,35.70000076293945,35.98749923706055,35.70000076293945,35.88750076293945,34647028
2024-03-04,35.08839797973633,36.73749923706055,36.79999923706055,36.212501525878906,36.25,97571592
2024-03-05,35.37492370605469,37.037498474121094,37.13750076293945,36.837501525878906,36.9375,65483708
2024-03-06,35.542076110839844,37.212501525878906,37.26250076293945,36.599998474121094,36.75,66132768
2024-03-07,36.3658561706543,38.07500076293945,38.25,37.6875,37.75,118461268
2024-03-08,36.87923049926758,38.61249923706055,39.11249923706055,38.25,38.900001525878906,115837004
2024-03-11,36.50912094116211,38.224998474121094,38.54999923706055,38.13750076293945,38.462501525878906,52057640
2024-03-12,36.89116287231445,38.625,38.650001525878906,38.025001525878906,38.04999923706055,58684560
2024-03-13,37.07025146484375,38.8125,39.037498474121094,38.73749923706055,38.88750076293945,51296604
2024-03-14,37.03443145751953,38.775001525878906,38.95000076293945,38.57500076293945,38.724998474121094,33274472
2024-03-15,36.53300476074219,38.25,38.6875,38.25,38.57500076293945,34403816
2024-03-18,36.867286682128906,38.599998474121094,38.625,38.25,38.25,71751072
2024-03-19,36.783714294433594,38.51250076293945,38.63750076293945,38.25,38.349998474121094,34279156
2024-03-20,36.580753326416016,38.29999923706055,38.82500076293945,38.25,38.54999923706055,40321616
2024-03-21,37.583621978759766,39.349998474121094,39.42499923706055,38.88750076293945,38.88750076293945,79843224
2024-03-22,37.535865783691406,39.29999923706055,39.5625,39.125,39.375,27109996
2024-03-25,37.60750198364258,39.375,39.5,39.23749923706055,39.29999923706055,34332452
2024-03-26,37.631378173828125,39.400001525878906,39.79999923706055,39.099998474121094,39.57500076293945,26127772
2024-03-27,37.643314361572266,39.412498474121094,39.462501525878906,39.224998474121094,39.349998474121094,17547948
2024-03-28,37.4642333984375,39.224998474121094,39.32500076293945,38.974998474121094,39.32500076293945,12641392
2024-03-29,37.67913818359375,39.45000076293945,39.48749923706055,39.224998474121094,39.224998474121094,20572000
2024-04-01,37.583621978759766,39.349998474121094,39.6875,39.3125,39.54999923706055,21344696
2024-04-02,38.120872497558594,39.912498474121094,39.912498474121094,39.599998474121094,39.61249923706055,29364088
2024-04-03,37.85821533203125,39.63750076293945,39.724998474121094,39.45000076293945,39.662498474121094,18550252
2024-04-08,38.073116302490234,39.86249923706055,39.962501525878906,39.63750076293945,39.662498474121094,22629184
2024-04-09,38.98047637939453,40.8125,40.837501525878906,39.974998474121094,40.0,32581692
2024-04-10,38.920780181884766,40.75,40.82500076293945,40.61249923706055,40.6875,21203720
2024-04-11,38.801387786865234,40.625,40.625,40.412498474121094,40.51250076293945,17270700
2024-04-12,38.70587921142578,40.525001525878906,40.70000076293945,40.48749923706055,40.650001525878906,23321576
2024-04-15,38.204444885253906,40.0,40.13750076293945,39.900001525878906,40.0625,31563124
2024-04-16,37.16575622558594,38.912498474121094,39.57500076293945,38.6875,39.57500076293945,66621548
2024-04-17,37.583621978759766,39.349998474121094,39.42499923706055,38.974998474121094,38.98749923706055,30823556
2024-04-18,37.95372772216797,39.73749923706055,39.73749923706055,38.95000076293945,39.087501525878906,26278092
2024-04-19,36.03157043457031,37.724998474121094,38.537498474121094,37.375,38.525001525878906,121590104
2024-04-22,35.92411804199219,37.61249923706055,37.9375,37.42499923706055,37.599998474121094,37041220
2024-04-23,36.270347595214844,37.974998474121094,38.11249923706055,37.82500076293945,38.037498474121094,21648704
2024-04-24,37.332908630371094,39.087501525878906,39.125,38.5,38.5,30701016
2024-04-25,36.65238952636719,38.375,38.61249923706055,38.3125,38.525001525878906,18805640
2024-04-26,37.24933624267578,39.0,39.20000076293945,38.875,39.0,23018032
2024-04-29,37.917911529541016,39.70000076293945,39.775001525878906,39.32500076293945,39.32500076293945,30810776
2024-04-30,37.786582946777344,39.5625,39.837501525878906,39.5625,39.650001525878906,17931740
2024-05-02,37.285152435302734,39.037498474121094,39.337501525878906,39.0,39.337501525878906,24868108
2024-05-03,37.476173400878906,39.23749923706055,39.662498474121094,39.11249923706055,39.63750076293945,22758784
2024-05-06,38.01342010498047,39.79999923706055,40.037498474121094,39.75,39.75,34385032
2024-05-07,38.228328704833984,40.025001525878906,40.13750076293945,39.875,40.0625,24914944
2024-05-08,38.37158966064453,40.17499923706055,40.20000076293945,39.912498474121094,40.0,23909068
2024-05-09,38.32383346557617,40.125,40.3125,40.099998474121094,40.1875,20302276
2024-05-10,38.59843063354492,40.412498474121094,40.525001525878906,40.13750076293945,40.3125,38735812
2024-05-13,38.99241256713867,40.82500076293945,40.974998474121094,40.73749923706055,40.837501525878906,36463372
2024-05-14,39.25506591796875,41.099998474121094,41.11249923706055,40.67499923706055,40.79999923706055,30997876
2024-05-15,39.79231262207031,41.662498474121094,41.962501525878906,41.375,41.400001525878906,58324000
2024-05-16,39.98333740234375,41.86249923706055,42.4375,41.775001525878906,42.23749923706055,48239680
2024-05-17,39.935585021972656,41.8125,41.92499923706055,41.67499923706055,41.88750076293945,18716540
2024-05-20,39.923641204833984,41.79999923706055,41.849998474121094,41.32500076293945,41.8125,27022924
2024-05-21,39.875892639160156,41.75,41.787498474121094,41.462501525878906,41.599998474121094,17396092
2024-05-22,40.59222412109375,42.5,42.5,41.79999923706055,41.79999923706055,25594296
2024-05-23,40.90263366699219,42.82500076293945,42.86249923706055,42.5,42.57500076293945,24008260
2024-05-24,40.73548889160156,42.650001525878906,42.70000076293945,42.32500076293945,42.32500076293945,14620304
2024-05-27,41.29661178588867,43.23749923706055,43.349998474121094,42.9375,42.9375,22741680
2024-05-28,41.35630798339844,43.29999923706055,43.349998474121094,43.125,43.23749923706055,22098816
2024-05-29,40.795188903808594,42.712501525878906,43.125,42.63750076293945,43.11249923706055,27187816
2024-05-30,40.090789794921875,41.974998474121094,42.25,41.92499923706055,42.0,37110048
2024-05-31,39.63711166381836,41.5,42.224998474121094,41.5,42.0625,33146844
2024-06-03,40.484771728515625,42.38750076293945,42.4375,41.82500076293945,42.162498474121094,35980328
2024-06-04,39.8400764465332,41.712501525878906,42.1875,41.625,42.1875,31950448
2024-06-05,40.22211837768555,42.11249923706055,42.20000076293945,41.537498474121094,41.849998474121094,18128396
2024-06-06,41.595088958740234,43.54999923706055,43.650001525878906,43.162498474121094,43.1875,68229592
2024-06-07,41.272743225097656,43.212501525878906,43.349998474121094,43.099998474121094,43.32500076293945,27000588
2024-06-11,41.380191802978516,43.32500076293945,43.5625,43.224998474121094,43.287498474121094,43428272
2024-06-12,42.12039566040039,44.099998474121094,44.11249923706055,43.32500076293945,43.32500076293945,30368844
2024-06-13,42.72928237915039,44.73749923706055,45.125,44.45000076293945,44.724998474121094,64426456
2024-06-14,42.97999954223633,45.0,45.0,44.45000076293945,44.73749923706055,25992432
2024-06-17,42.97999954223633,45.0,45.11249923706055,44.70000076293945,44.79999923706055,32511172
2024-06-18,43.69633483886719,45.75,45.76250076293945,45.5,45.625,26253244
2024-06-19,44.8782844543457,46.98749923706055,47.224998474121094,46.1875,46.1875,101354688
2024-06-20,45.30808639526367,47.4375,47.4375,46.95000076293945,46.98749923706055,45286572
2024-06-21,45.03349304199219,47.150001525878906,47.29999923706055,46.73749923706055,46.775001525878906,40956144
2024-06-24,43.935115814208984,46.0,46.625,45.88750076293945,46.625,52787124
2024-06-25,43.911231994628906,45.974998474121094,45.974998474121094,45.20000076293945,45.48749923706055,52138524
2024-06-26,44.25746536254883,46.337501525878906,46.525001525878906,46.0625,46.23749923706055,35664104
2024-06-27,44.245521545410156,46.32500076293945,46.32500076293945,45.849998474121094,45.900001525878906,24876244
2024-06-28,44.52011489868164,46.61249923706055,46.849998474121094,46.162498474121094,46.32500076293945,16587884
2024-07-01,44.555938720703125,46.650001525878906,47.01250076293945,46.5625,46.63750076293945,29279212
2024-07-02,44.25746536254883,46.337501525878906,46.6875,46.125,46.48749923706055,21777344
2024-07-03,44.79471206665039,46.900001525878906,46.900001525878906,46.599998474121094,46.900001525878906,25915028
2024-07-04,45.9647216796875,48.125,48.162498474121094,47.650001525878906,47.650001525878906,50576828
2024-07-05,45.79758071899414,47.95000076293945,48.212501525878906,47.88750076293945,48.150001525878906,38933332
2024-07-08,47.2421875,49.462501525878906,49.625,47.962501525878906,47.974998474121094,69409868
2024-07-09,47.194427490234375,49.412498474121094,50.01250076293945,48.86249923706055,49.36249923706055,61955156
2024-07-10,47.361576080322266,49.587501525878906,49.599998474121094,48.75,49.23749923706055,28674444
2024-07-11,48.41219711303711,50.6875,50.70000076293945,50.0,50.162498474121094,39186920
2024-07-12,46.8840217590332,49.087501525878906,49.587501525878906,49.0,49.54999923706055,56633068
2024-07-15,46.96759033203125,49.17499923706055,49.525001525878906,49.025001525878906,49.412498474121094,39160740
2024-07-16,47.243587493896484,49.212501525878906,49.75,49.0,49.13750076293945,53022152
2024-07-17,46.58359146118164,48.525001525878906,49.125,48.400001525878906,49.099998474121094,57959112
2024-07-18,45.74360275268555,47.650001525878906,47.724998474121094,47.04999923706055,47.150001525878906,71520052
2024-07-19,44.699607849121094,46.5625,47.25,46.54999923706055,47.1875,65815640
2024-07-22,43.367618560791016,45.17499923706055,46.349998474121094,45.01250076293945,46.349998474121094,84847384
2024-07-23,44.71160888671875,46.57500076293945,46.57500076293945,45.92499923706055,45.92499923706055,50108316
2024-07-26,42.95962142944336,44.75,44.86249923706055,44.275001525878906,44.51250076293945,103626472
2024-07-29,43.34362030029297,45.150001525878906,45.5,44.98749923706055,45.45000076293945,39785056
2024-07-30,43.34362030029297,45.150001525878906,45.32500076293945,44.375,44.8125,52429524
2024-07-31,43.40361785888672,45.212501525878906,45.287498474121094,44.650001525878906,44.712501525878906,36314216
2024-08-01,44.159610748291016,46.0,46.275001525878906,45.67499923706055,46.25,56246796
2024-08-02,41.92763137817383,43.67499923706055,44.724998474121094,43.67499923706055,44.537498474121094,118827260
2024-08-05,38.099666595458984,39.6875,41.662498474121094,39.599998474121094,41.662498474121094,222308816
2024-08-06,40.19964599609375,41.875,42.599998474121094,40.20000076293945,41.82500076293945,252563844
2024-08-07,41.795631408691406,43.537498474121094,43.6875,42.25,42.462501525878906,127298960
2024-08-08,40.931644439697266,42.63750076293945,43.099998474121094,42.25,42.76250076293945,103364420
2024-08-09,42.20363235473633,43.962501525878906,44.224998474121094,43.625,43.75,93415024
2024-08-12,42.73162841796875,44.51250076293945,44.95000076293945,44.3125,44.3125,70286956
2024-08-13,42.83962631225586,44.625,44.875,44.5,44.82500076293945,43433840
2024-08-14,43.37961959838867,45.1875,45.462501525878906,44.98749923706055,45.087501525878906,74857276
2024-08-15,43.04362487792969,44.837501525878906,45.25,44.76250076293945,45.150001525878906,45926588
2024-08-16,44.0156135559082,45.849998474121094,45.912498474121094,45.587501525878906,45.75,52823660
2024-08-19,44.07561492919922,45.912498474121094,46.17499923706055,45.787498474121094,45.875,37122372
2024-08-20,44.099613189697266,45.9375,46.29999923706055,45.92499923706055,46.150001525878906,43139504
2024-08-21,43.63161849975586,45.45000076293945,45.76250076293945,45.36249923706055,45.75,46736568
2024-08-22,43.40361785888672,45.212501525878906,45.650001525878906,45.087501525878906,45.525001525878906,20872828
2024-08-23,43.42761993408203,45.23749923706055,45.337501525878906,44.724998474121094,44.75,31773940
2024-08-26,43.49961471557617,45.3125,45.849998474121094,45.20000076293945,45.599998474121094,45593952
2024-08-27,43.307621002197266,45.11249923706055,45.224998474121094,44.9375,45.099998474121094,21167864
2024-08-28,43.91961669921875,45.75,45.75,44.962501525878906,45.125,21989684
2024-08-29,43.31962203979492,45.125,45.287498474121094,44.787498474121094,44.875,43063780
2024-08-30,43.52362060546875,45.337501525878906,45.51250076293945,45.162498474121094,45.23749923706055,32202952
2024-09-02,43.40361785888672,45.212501525878906,45.61249923706055,45.125,45.474998474121094,32057896
2024-09-03,43.21162414550781,45.01250076293945,45.375,44.92499923706055,45.25,38411312
2024-09-04,41.09963607788086,42.8125,43.45000076293945,42.5,42.75,119635984
2024-09-05,41.35163879394531,43.07500076293945,43.662498474121094,42.9375,43.212501525878906,35275304
2024-09-06,41.939632415771484,43.6875,43.724998474121094,42.962501525878906,43.25,34331020
2024-09-09,41.29164123535156,43.01250076293945,43.025001525878906,42.57500076293945,42.599998474121094,60735940
2024-09-10,41.36363983154297,43.087501525878906,43.349998474121094,42.787498474121094,43.349998474121094,37207812
2024-09-11,41.24363708496094,42.962501525878906,43.125,42.875,43.087501525878906,20056236
2024-09-12,42.791629791259766,44.57500076293945,44.662498474121094,44.025001525878906,44.025001525878906,62978008
2024-09-13,42.81562423706055,44.599998474121094,44.837501525878906,44.462501525878906,44.75,18047504
2024-09-16,42.89962387084961,44.6875,44.79999923706055,44.57500076293945,44.650001525878906,23507632
2024-09-18,42.68362808227539,44.462501525878906,44.775001525878906,44.13750076293945,44.625,36769256
2024-09-19,43.235618591308594,45.037498474121094,45.04999923706055,44.25,44.5,32440304
2024-09-20,43.78761672973633,45.61249923706055,46.025001525878906,45.61249923706055,45.775001525878906,54531520
2024-09-23,43.979610443115234,45.8125,45.912498474121094,45.63750076293945,45.63750076293945,31601992
2024-09-24,44.39961242675781,46.25,46.25,45.525001525878906,45.79999923706055,39809384
2024-09-25,45.05960464477539,46.9375,47.0,46.837501525878906,46.92499923706055,46692004
2024-09-26,45.431602478027344,47.32500076293945,47.5,47.1875,47.400001525878906,66903724
2024-09-27,45.33559799194336,47.224998474121094,47.8125,47.150001525878906,47.54999923706055,45613256
2024-09-30,44.14761734008789,45.98749923706055,46.79999923706055,45.98749923706055,46.63750076293945,52747800
2024-10-01,44.06361389160156,45.900001525878906,46.150001525878906,45.837501525878906,45.974998474121094,37640876
2024-10-04,44.06361389160156,45.900001525878906,46.32500076293945,45.75,46.0,35462652
2024-10-07,45.155601501464844,47.037498474121094,47.04999923706055,46.45000076293945,46.45000076293945,53806008
2024-10-08,44.93960189819336,46.8125,46.837501525878906,46.375,46.73749923706055,37917328
2024-10-09,45.35960006713867,47.25,47.54999923706055,47.25,47.25,45188240
2024-10-11,46.11559295654297,48.037498474121094,48.20000076293945,47.26250076293945,47.26250076293945,49226984
2024-10-14,46.15159606933594,48.07500076293945,48.224998474121094,47.73749923706055,48.025001525878906,40439036
2024-10-15,47.135581970214844,49.099998474121094,49.150001525878906,48.25,48.25,59070828
2024-10-16,46.3195915222168,48.25,48.82500076293945,47.912498474121094,48.11249923706055,71201552
2024-10-17,46.39159393310547,48.32500076293945,48.525001525878906,47.974998474121094,48.5,38164820
2024-10-18,47.543582916259766,49.525001525878906,50.04999923706055,49.3125,49.82500076293945,129283608
2024-10-21,47.531585693359375,49.51250076293945,49.98749923706055,49.5,49.76250076293945,52918584
2024-10-22,47.351585388183594,49.32500076293945,49.32500076293945,48.837501525878906,49.29999923706055,33857660
2024-10-23,47.03958511352539,49.0,49.224998474121094,48.912498474121094,49.17499923706055,37794896
2024-10-24,46.75159454345703,48.70000076293945,49.17499923706055,48.625,49.0,32493848
2024-10-25,47.135581970214844,49.099998474121094,49.13750076293945,48.75,48.75,50566572
2024-10-28,47.05158996582031,49.01250076293945,49.537498474121094,48.73749923706055,49.474998474121094,45978476
2024-10-29,45.9595947265625,47.875,48.3125,47.54999923706055,48.3125,96980096
2024-10-30,46.031593322753906,47.95000076293945,48.51250076293945,47.875,48.23749923706055,56626752
2024-11-01,45.719600677490234,47.625,47.63750076293945,46.48749923706055,46.537498474121094,78483628
2024-11-04,46.307594299316406,48.23749923706055,48.29999923706055,47.70000076293945,47.76250076293945,29118288
2024-11-05,46.475589752197266,48.412498474121094,48.67499923706055,47.849998474121094,47.88750076293945,40432828
2024-11-06,46.84758758544922,48.79999923706055,49.51250076293945,48.375,48.51250076293945,66825504
2024-11-07,47.38758087158203,49.36249923706055,49.51250076293945,48.625,48.724998474121094,53994208
2024-11-08,47.759578704833984,49.75,50.0,49.67499923706055,49.849998474121094,51800604
2024-11-11,47.78358459472656,49.775001525878906,49.775001525878906,49.20000076293945,49.712501525878906,49456052
2024-11-12,46.55958938598633,48.5,48.962501525878906,48.5,48.79999923706055,105088348
2024-11-13,46.25959014892578,48.1875,48.5,48.125,48.462501525878906,36778360
2024-11-14,45.839595794677734,47.75,48.125,47.525001525878906,48.07500076293945,48586460
2024-11-15,46.163597106933594,48.087501525878906,48.212501525878906,47.712501525878906,48.01250076293945,29542324
2024-11-18,45.51559829711914,47.412498474121094,47.92499923706055,47.400001525878906,47.86249923706055,53578064
2024-11-19,46.13959503173828,48.0625,48.23749923706055,47.54999923706055,47.67499923706055,30473284
2024-11-20,45.94759750366211,47.86249923706055,47.86249923706055,47.86249923706055,47.86249923706055,312000
2024-11-21,45.443603515625,47.337501525878906,47.537498474121094,47.150001525878906,47.5,63506468
2024-11-22,46.33159637451172,48.26250076293945,48.29999923706055,47.775001525878906,47.775001525878906,31862348
2024-11-25,46.163597106933594,48.087501525878906,48.6875,48.0625,48.67499923706055,31306652
2024-11-26,45.563602447509766,47.462501525878906,47.57500076293945,47.20000076293945,47.525001525878906,45563288
2024-11-27,44.90360641479492,46.775001525878906,47.36249923706055,46.75,47.287498474121094,56290744
2024-11-28,44.83160400390625,46.70000076293945,46.775001525878906,46.36249923706055,46.75,52436456
2024-11-29,44.93960189819336,46.8125,47.0,46.125,46.23749923706055,32512880
2024-12-02,46.007598876953125,47.92499923706055,47.92499923706055,47.125,47.125,42176312
2024-12-03,46.631595611572266,48.57500076293945,48.712501525878906,48.4375,48.57500076293945,39812424
2024-12-04,46.907588958740234,48.86249923706055,48.86249923706055,48.51250076293945,48.67499923706055,25820996
2024-12-05,47.159584045410156,49.125,49.150001525878906,48.912498474121094,48.9375,29784812
2024-12-06,46.97958755493164,48.9375,49.17499923706055,48.75,49.125,27238024
2024-12-09,47.03958511352539,49.0,49.0625,48.92499923706055,49.037498474121094,18559456
2024-12-10,46.70359802246094,48.650001525878906,49.11249923706055,48.63750076293945,48.9375,17909228
2024-12-11,46.295589447021484,48.224998474121094,48.5625,48.150001525878906,48.25,26858756
2024-12-12,46.83558654785156,48.787498474121094,48.9375,48.61249923706055,48.724998474121094,20108964
2024-12-13,46.87158966064453,48.82500076293945,48.900001525878906,48.525001525878906,48.662498474121094,18081708
2024-12-16,47.0635871887207,49.025001525878906,49.412498474121094,48.9375,49.25,29374368
2024-12-17,47.3035888671875,49.275001525878906,49.51250076293945,49.1875,49.275001525878906,37176916
2024-12-18,47.3035888671875,49.275001525878906,49.462501525878906,48.900001525878906,49.20000076293945,26215508
2024-12-19,46.65559005737305,48.599998474121094,48.70000076293945,48.38750076293945,48.587501525878906,52180188
2024-12-20,46.22359848022461,48.150001525878906,48.4375,48.0,48.4375,44493576
2024-12-23,47.33958435058594,49.3125,49.32500076293945,48.625,48.67499923706055,44704264
2024-12-24,47.471588134765625,49.45000076293945,49.775001525878906,49.375,49.625,32783608
2024-12-25,47.615577697753906,49.599998474121094,49.625,49.36249923706055,49.625,23624492
2024-12-26,47.57958221435547,49.5625,49.625,49.5,49.599998474121094,19214244
2024-12-27,47.73558044433594,49.724998474121094,49.76250076293945,49.32500076293945,49.400001525878906,27949668
2024-12-30,47.471588134765625,49.45000076293945,49.662498474121094,49.412498474121094,49.537498474121094,34709064
2024-12-31,46.97958755493164,48.9375,49.224998474121094,48.900001525878906,49.17499923706055,31346136
2025-01-02,46.57159423828125,48.51250076293945,48.912498474121094,48.3125,48.912498474121094,51190808
2025-01-03,47.03958511352539,49.0,49.23749923706055,48.79999923706055,49.0,28453484
2025-01-06,48.51557159423828,50.537498474121094,50.57500076293945,49.650001525878906,49.662498474121094,98511172
2025-01-07,49.05556869506836,51.099998474121094,51.5,51.0625,51.23749923706055,63775376
2025-01-08,48.32358169555664,50.337501525878906,50.837501525878906,50.26250076293945,50.662498474121094,47422868
2025-01-09,47.771583557128906,49.76250076293945,50.287498474121094,49.75,50.04999923706055,33722620
2025-01-10,47.759578704833984,49.75,49.88750076293945,49.5,49.75,33285296
2025-01-13,46.65559005737305,48.599998474121094,49.75,48.525001525878906,49.75,83504716
2025-01-14,46.9435920715332,48.900001525878906,48.974998474121094,48.51250076293945,48.67499923706055,43511100
2025-01-15,46.58359146118164,48.525001525878906,49.0,48.4375,49.0,69536468
2025-01-16,47.531585693359375,49.51250076293945,49.875,49.349998474121094,49.474998474121094,62348392
2025-01-17,47.762733459472656,49.07500076293945,49.337501525878906,48.599998474121094,49.25,60550264
2025-01-20,48.24936294555664,49.57500076293945,49.662498474121094,49.287498474121094,49.287498474121094,29670284
2025-01-21,48.34668731689453,49.67499923706055,49.79999923706055,49.17499923706055,49.32500076293945,42450952
2025-01-22,48.97930908203125,50.32500076293945,50.42499923706055,50.07500076293945,50.07500076293945,51457596
2025-02-03,46.88679504394531,48.17499923706055,48.25,47.662498474121094,48.07500076293945,223159112
2025-02-04,47.16660690307617,48.462501525878906,48.63750076293945,48.26250076293945,48.412498474121094,77136476
2025-02-05,47.88439178466797,49.20000076293945,49.45000076293945,48.9375,48.9375,60958500
2025-02-06,48.09120178222656,49.412498474121094,49.599998474121094,49.275001525878906,49.5,44838828
2025-02-07,48.31018829345703,49.63750076293945,49.650001525878906,49.275001525878906,49.412498474121094,22434376
2025-02-10,47.762733459472656,49.07500076293945,49.54999923706055,49.025001525878906,49.54999923706055,65528040
2025-02-11,48.05471420288086,49.375,49.625,49.25,49.375,19842444
2025-02-12,47.98171615600586,49.29999923706055,49.662498474121094,49.25,49.5,27301116
2025-02-13,47.774898529052734,49.087501525878906,49.349998474121094,48.88750076293945,49.32500076293945,56673980
2025-02-14,47.20310592651367,48.5,48.787498474121094,48.375,48.787498474121094,92217264
2025-02-17,47.9208869934082,49.23749923706055,49.23749923706055,48.6875,48.6875,46591960
2025-02-18,48.09120178222656,49.412498474121094,49.474998474121094,49.150001525878906,49.474998474121094,32278676
2025-02-19,48.00605010986328,49.32500076293945,49.474998474121094,49.25,49.412498474121094,47313232
2025-02-20,47.82356262207031,49.13750076293945,49.23749923706055,48.775001525878906,49.23749923706055,55359052
2025-02-21,48.16419982910156,49.48749923706055,49.48749923706055,48.974998474121094,49.125,33879192
2025-02-24,47.738399505615234,49.04999923706055,49.099998474121094,48.875,49.037498474121094,49672024
2025-02-25,47.11794662475586,48.412498474121094,48.51250076293945,48.150001525878906,48.5,106710684
2025-02-26,47.37342834472656,48.67499923706055,48.67499923706055,47.974998474121094,48.224998474121094,73176320
2025-02-27,46.838138580322266,48.125,48.73749923706055,48.087501525878906,48.73749923706055,74694820
2025-03-03,45.7553825378418,47.01250076293945,47.25,46.70000076293945,47.20000076293945,221959024
2025-03-04,45.45124053955078,46.70000076293945,46.8125,46.162498474121094,46.25,114655652
2025-03-05,46.04736328125,47.3125,47.375,47.0,47.0,51369564
2025-03-06,45.76755142211914,47.025001525878906,47.337501525878906,46.837501525878906,47.337501525878906,56890884
2025-03-07,45.34174728393555,46.587501525878906,46.75,46.45000076293945,46.70000076293945,68483412
2025-03-10,45.074100494384766,46.3125,46.587501525878906,46.087501525878906,46.587501525878906,79006576
2025-03-11,44.283329010009766,45.5,45.525001525878906,44.775001525878906,45.1875,134191768
2025-03-12,44.47798156738281,45.70000076293945,46.099998474121094,45.400001525878906,45.525001525878906,51035508
2025-03-13,44.06434631347656,45.275001525878906,46.462501525878906,45.26250076293945,46.29999923706055,52268912
2025-03-14,43.91835403442383,45.125,45.287498474121094,44.88750076293945,45.275001525878906,49198232
2025-03-17,44.29549789428711,45.51250076293945,45.875,45.400001525878906,45.63750076293945,43897376
2025-03-18,44.47798156738281,45.70000076293945,45.962501525878906,45.587501525878906,45.775001525878906,30603120
2025-03-19,43.930519104003906,45.13750076293945,45.662498474121094,45.025001525878906,45.650001525878906,46763368
2025-03-20,44.87944793701172,46.11249923706055,46.11249923706055,45.61249923706055,45.61249923706055,30658212
2025-03-21,44.51447296142578,45.73749923706055,46.0,45.625,46.0,28538176
2025-03-24,44.46581268310547,45.6875,46.099998474121094,45.57500076293945,46.099998474121094,29239460
2025-03-25,44.9281120300293,46.162498474121094,46.375,46.0,46.162498474121094,31256652
2025-03-26,44.89161682128906,46.125,46.349998474121094,45.962501525878906,46.29999923706055,26915048
2025-03-27,44.04001235961914,45.25,45.400001525878906,45.11249923706055,45.375,69966552
2025-03-28,43.602046966552734,44.79999923706055,44.82500076293945,44.5,44.787498474121094,78993236
2025-03-31,42.03266143798828,43.1875,43.5625,43.04999923706055,43.400001525878906,146065632
2025-04-01,42.89643096923828,44.07500076293945,44.13750076293945,43.400001525878906,43.400001525878906,47284600
2025-04-02,42.82343673706055,44.0,44.337501525878906,44.0,44.212501525878906,41725300
2025-04-07,38.54109191894531,39.599998474121094,39.599998474121094,39.599998474121094,39.599998474121094,92658524
2025-04-08,37.288021087646484,38.3125,39.36249923706055,37.63750076293945,37.79999923706055,321307308
2025-04-09,35.57265090942383,36.54999923706055,38.537498474121094,36.25,38.125,300494796
2025-04-10,39.12504959106445,40.20000076293945,40.20000076293945,40.20000076293945,40.20000076293945,22371068
2025-04-11,40.03748321533203,41.13750076293945,41.13750076293945,38.837501525878906,39.3125,189919436
2025-04-14,39.830657958984375,40.92499923706055,42.17499923706055,40.875,42.125,175434800
2025-04-15,40.23213195800781,41.337501525878906,41.375,40.82500076293945,41.01250076293945,73965868
2025-04-16,39.502193450927734,40.587501525878906,40.95000076293945,40.349998474121094,40.95000076293945,98068248
2025-04-17,39.0642204284668,40.13750076293945,40.32500076293945,39.86249923706055,40.32500076293945,72955972
2025-04-18,39.14937973022461,40.224998474121094,40.45000076293945,40.150001525878906,40.349998474121094,44335540
2025-04-21,38.589759826660156,39.650001525878906,40.1875,39.625,40.1875,62867512
2025-04-22,37.944969177246094,38.98749923706055,39.474998474121094,38.98749923706055,39.38750076293945,75640860
2025-04-23,39.62384796142578,40.712501525878906,40.775001525878906,40.07500076293945,40.07500076293945,63235952
2025-04-24,39.392696380615234,40.474998474121094,41.01250076293945,40.32500076293945,40.974998474121094,53776468
2025-04-25,40.32946014404297,41.4375,41.73749923706055,41.375,41.54999923706055,70563724
2025-04-28,40.67009735107422,41.787498474121094,41.875,41.70000076293945,41.70000076293945,48371852
2025-04-29,40.82825469970703,41.95000076293945,42.0,41.625,41.787498474121094,43388416
2025-04-30,41.02290725708008,42.150001525878906,42.25,41.875,41.962501525878906,37552524
2025-05-02,42.215152740478516,43.375,43.375,42.875,43.0,57160960
2025-05-05,41.838008880615234,42.98749923706055,43.650001525878906,42.474998474121094,43.650001525878906,127935288
2025-05-06,41.60686111450195,42.75,43.025001525878906,42.337501525878906,42.48749923706055,116316784
2025-05-07,41.44871139526367,42.587501525878906,43.125,42.48749923706055,42.95000076293945,53137384
2025-05-08,41.99617004394531,43.150001525878906,43.29999923706055,42.900001525878906,43.01250076293945,39311228
2025-05-09,42.519290924072266,43.6875,43.73749923706055,43.087501525878906,43.17499923706055,51888384
2025-05-12,42.99375534057617,44.17499923706055,44.25,43.875,43.875,53767756
2025-05-13,43.516883850097656,44.712501525878906,45.275001525878906,44.712501525878906,45.212501525878906,79922716
2025-05-14,44.5023078918457,45.724998474121094,45.724998474121094,45.337501525878906,45.462501525878906,90203212
2025-05-15,44.40498352050781,45.625,45.724998474121094,45.5,45.724998474121094,45677800
2025-05-16,44.526641845703125,45.75,45.79999923706055,45.42499923706055,45.5625,37815732
2025-05-19,43.90618896484375,45.11249923706055,45.662498474121094,45.087501525878906,45.662498474121094,37940744
2025-05-20,43.99134826660156,45.20000076293945,45.599998474121094,45.125,45.462501525878906,21364336
2025-05-21,44.672630310058594,45.900001525878906,45.962501525878906,45.224998474121094,45.224998474121094,54450212
2025-05-22,44.186004638671875,45.400001525878906,45.51250076293945,45.150001525878906,45.51250076293945,33358772
2025-05-23,44.003517150878906,45.212501525878906,45.70000076293945,45.04999923706055,45.6875,26094416
2025-05-26,43.95485305786133,45.162498474121094,45.375,45.07500076293945,45.162498474121094,55195720
2025-05-27,43.565547943115234,44.76250076293945,45.162498474121094,44.5,45.162498474121094,48275072
2025-05-28,43.63854217529297,44.837501525878906,45.337501525878906,44.57500076293945,45.224998474121094,32309448
2025-05-29,43.73586654663086,44.9375,45.42499923706055,44.82500076293945,45.375,36265824
2025-06-02,42.79910659790039,43.974998474121094,44.51250076293945,43.8125,44.5,70595756
2025-06-03,43.103248596191406,44.287498474121094,44.70000076293945,44.25,44.375,28229464
2025-06-04,44.113006591796875,45.32500076293945,45.32500076293945,44.787498474121094,44.82500076293945,45804932
2025-06-05,44.19816589355469,45.412498474121094,45.662498474121094,45.375,45.5,40696376
2025-06-06,44.27116012573242,45.48749923706055,45.599998474121094,45.375,45.474998474121094,32768028
2025-06-09,44.696964263916016,45.92499923706055,46.01250076293945,45.76250076293945,45.849998474121094,52629020
2025-06-10,45.901371002197266,47.162498474121094,47.224998474121094,46.224998474121094,46.224998474121094,116037804
2025-06-11,45.901371002197266,47.162498474121094,47.162498474121094,47.162498474121094,47.162498474121094,0
2025-06-12,45.901371002197266,47.162498474121094,47.162498474121094,47.162498474121094,47.162498474121094,0
2025-06-13,45.901371002197266,47.162498474121094,47.162498474121094,47.162498474121094,47.162498474121094,0
2025-06-16,45.901371002197266,47.162498474121094,47.162498474121094,47.162498474121094,47.162498474121094,0
2025-06-17,45.901371002197266,47.162498474121094,47.162498474121094,47.162498474121094,47.162498474121094,0
2025-06-18,46.2979736328125,47.56999969482422,47.720001220703125,47.13999938964844,47.5,244697327
2025-06-19,45.84054183959961,47.099998474121094,47.54999923706055,47.02000045776367,47.5,166284920
2025-06-20,45.77241516113281,47.029998779296875,47.15999984741211,46.689998626708984,47.099998474121094,80561608
2025-06-23,45.39284133911133,46.63999938964844,46.65999984741211,46.279998779296875,46.540000915527344,101938627
2025-06-24,46.22011184692383,47.4900016784668,47.4900016784668,47.29999923706055,47.29999923706055,54574616
2025-06-25,46.89166259765625,48.18000030517578,48.18000030517578,47.88999938964844,47.900001525878906,77814637
2025-06-26,46.9500617980957,48.2400016784668,48.45000076293945,48.16999816894531,48.29999923706055,77281242
2025-06-27,46.99872589111328,48.290000915527344,48.369998931884766,48.0,48.31999969482422,94190611
2025-06-30,47.06685256958008,48.36000061035156,48.41999816894531,48.2400016784668,48.369998931884766,59086358
2025-07-01,47.33936309814453,48.63999938964844,49.150001525878906,48.380001068115234,48.380001068115234,74674904
2025-07-02,47.34909439086914,48.650001525878906,48.75,48.380001068115234,48.56999969482422,75071035
2025-07-03,48.001182556152344,49.31999969482422,49.599998474121094,49.2599983215332,49.349998474121094,61179330
2025-07-04,47.55348205566406,48.86000061035156,49.4900016784668,48.83000183105469,49.400001525878906,73712387
2025-07-07,47.27123260498047,48.56999969482422,48.81999969482422,48.439998626708984,48.81999969482422,78503277
2025-07-08,47.0571174621582,48.349998474121094,48.5099983215332,48.209999084472656,48.45000076293945,50214875
2025-07-09,47.54374694824219,48.849998474121094,48.9900016784668,48.27000045776367,48.349998474121094,38540142
2025-07-10,48.08877182006836,49.40999984741211,49.470001220703125,48.9900016784668,49.0,53089295
2025-07-11,48.293155670166016,49.619998931884766,49.630001068115234,49.279998779296875,49.36000061035156,44752569
2025-07-14,48.01091766357422,49.33000183105469,49.59000015258789,49.209999084472656,49.59000015258789,62300823
2025-07-15,48.66299819946289,50.0,50.099998474121094,49.33000183105469,49.349998474121094,68008041
2025-07-16,49.05229949951172,50.400001525878906,50.70000076293945,50.150001525878906,50.150001525878906,90231230
2025-07-17,49.34428024291992,50.70000076293945,50.79999923706055,50.29999923706055,50.599998474121094,88235423
2025-07-18,50.07422637939453,51.45000076293945,51.599998474121094,51.29999923706055,51.400001525878906,105861549
2025-07-21,49.888004302978516,50.900001525878906,51.099998474121094,50.75,51.099998474121094,75792981
2025-07-22,49.54496383666992,50.54999923706055,51.29999923706055,50.45000076293945,50.900001525878906,88841474
2025-07-23,49.69198226928711,50.70000076293945,50.849998474121094,50.54999923706055,50.599998474121094,63766890
2025-07-24,49.98601531982422,51.0,51.099998474121094,50.79999923706055,51.0,79659820
2025-07-25,49.888004302978516,50.900001525878906,51.099998474121094,50.79999923706055,51.0,38620389
2025-07-28,50.03501892089844,51.04999923706055,51.400001525878906,50.900001525878906,51.20000076293945,52312766
2025-07-29,49.44694900512695,50.45000076293945,51.04999923706055,50.25,51.04999923706055,102624231
2025-07-30,49.98601531982422,51.0,51.099998474121094,50.650001525878906,50.79999923706055,82807206
2025-07-31,50.52507781982422,51.54999923706055,51.599998474121094,51.099998474121094,51.099998474121094,81565859
2025-08-01,50.08402633666992,51.099998474121094,51.20000076293945,50.650001525878906,50.79999923706055,98235777
2025-08-04,49.78998947143555,50.79999923706055,50.79999923706055,50.400001525878906,50.650001525878906,85556033
2025-08-05,50.42707061767578,51.45000076293945,51.45000076293945,51.04999923706055,51.25,46655329
2025-08-06,49.98601531982422,51.0,51.099998474121094,50.849998474121094,51.099998474121094,48326240
2025-08-07,51.40718460083008,52.45000076293945,52.599998474121094,51.650001525878906,51.650001525878906,125733157
2025-08-08,51.40718460083008,52.45000076293945,52.599998474121094,52.29999923706055,52.54999923706055,59604000
2025-08-11,51.799232482910156,52.849998474121094,53.099998474121094,52.04999923706055,52.349998474121094,71600855
2025-08-12,51.848243713378906,52.900001525878906,53.0,52.54999923706055,52.849998474121094,57519835
2025-08-13,52.28929138183594,53.349998474121094,53.400001525878906,52.95000076293945,53.150001525878906,75956144
2025-08-14,52.09326934814453,53.150001525878906,53.29999923706055,52.95000076293945,53.20000076293945,57038858
2025-08-15,52.09326934814453,53.150001525878906,53.29999923706055,52.79999923706055,53.150001525878906,52736409
2025-08-18,52.24028396606445,53.29999923706055,53.349998474121094,52.79999923706055,52.95000076293945,46297216
2025-08-19,52.142276763916016,53.20000076293945,53.29999923706055,53.04999923706055,53.29999923706055,29425841
2025-08-20,50.672096252441406,51.70000076293945,52.599998474121094,51.5,52.54999923706055,223798736
2025-08-21,50.96613311767578,52.0,52.099998474121094,51.75,51.75,73508730
2025-08-22,50.72110366821289,51.75,52.099998474121094,51.650001525878906,52.04999923706055,44549133
2025-08-25,51.652217864990234,52.70000076293945,52.95000076293945,52.349998474121094,52.45000076293945,62750061
2025-08-26,51.70122146606445,52.75,52.849998474121094,52.29999923706055,52.54999923706055,40863870
2025-08-27,51.946250915527344,53.0,53.150001525878906,52.900001525878906,53.0,90133682
2025-08-28,51.45619201660156,52.5,52.900001525878906,52.5,52.79999923706055,59176066
2025-08-29,51.45619201660156,52.5,52.95000076293945,52.5,52.79999923706055,36369305
2025-09-01,50.96613311767578,52.0,52.45000076293945,51.75,52.150001525878906,76529981
2025-09-02,50.96613311767578,52.0,52.5,51.95000076293945,52.29999923706055,33217612
2025-09-03,50.91712951660156,51.95000076293945,52.20000076293945,51.75,51.900001525878906,39472404
2025-09-04,51.26016616821289,52.29999923706055,52.70000076293945,52.25,52.54999923706055,37461241
2025-09-05,51.799232482910156,52.849998474121094,52.900001525878906,52.650001525878906,52.70000076293945,37395300
2025-09-08,52.28929138183594,53.349998474121094,53.54999923706055,53.25,53.400001525878906,59980892
2025-09-09,52.8283576965332,53.900001525878906,53.95000076293945,53.5,53.54999923706055,56315324
2025-09-10,53.857479095458984,54.95000076293945,55.0,54.400001525878906,54.400001525878906,73272121
2025-09-11,54.347537994384766,55.45000076293945,55.900001525878906,55.25,55.54999923706055,84750243
2025-09-12,54.88660430908203,56.0,56.0,55.70000076293945,55.75,57457218
2025-09-15,54.88660430908203,56.0,56.04999923706055,55.79999923706055,56.0,52544684
2025-09-16,55.6216926574707,56.75,56.849998474121094,56.150001525878906,56.150001525878906,63314427
2025-09-17,55.22964096069336,56.349998474121094,56.599998474121094,56.25,56.599998474121094,66204045
2025-09-18,55.817718505859375,56.95000076293945,56.95000076293945,56.25,56.5,44089588
2025-09-19,55.866722106933594,57.0,57.099998474121094,56.599998474121094,57.0,71674519
2025-09-22,56.25877380371094,57.400001525878906,57.400001525878906,56.75,57.0,56355369
2025-09-23,57.28789520263672,58.45000076293945,58.599998474121094,57.849998474121094,57.849998474121094,89181458
2025-09-24,57.238887786865234,58.400001525878906,58.95000076293945,58.099998474121094,58.70000076293945,90579906
2025-09-25,57.04286575317383,58.20000076293945,58.400001525878906,58.0,58.349998474121094,56318217
2025-09-26,56.111751556396484,57.25,57.900001525878906,56.849998474121094,57.900001525878906,158564436
2025-09-30,56.650814056396484,57.79999923706055,57.900001525878906,57.54999923706055,57.54999923706055,62389962
2025-10-01,56.94485092163086,58.099998474121094,58.75,57.900001525878906,57.900001525878906,74531798
2025-10-02,58.02298355102539,59.20000076293945,59.25,58.849998474121094,59.0,72057003
2025-10-03,58.856082916259766,60.04999923706055,60.099998474121094,59.04999923706055,59.20000076293945,73601535
2025-10-07,60.4732780456543,61.70000076293945,61.70000076293945,60.900001525878906,61.0,132381054
2025-10-08,59.9342155456543,61.150001525878906,61.150001525878906,60.599998474121094,61.0,112448112
2025-10-09,60.37526321411133,61.599998474121094,61.95000076293945,61.5,61.849998474121094,72911291
2025-10-13,59.78719711303711,61.0,61.0,59.599998474121094,59.900001525878906,261787970
2025-10-14,59.49315643310547,60.70000076293945,62.150001525878906,60.650001525878906,61.849998474121094,157148588
2025-10-15,60.571285247802734,61.79999923706055,61.79999923706055,60.599998474121094,61.0,97216134
2025-10-16,61.747432708740234,63.0,63.0,62.099998474121094,62.099998474121094,112923095
2025-10-17,60.81631851196289,62.04999923706055,62.29999923706055,61.900001525878906,62.04999923706055,157583768
2025-10-20,61.84543991088867,63.099998474121094,63.20000076293945,62.150001525878906,62.349998474121094,102880277
2025-10-21,61.943450927734375,63.20000076293945,63.650001525878906,63.04999923706055,63.400001525878906,124931191
2025-10-22,61.45339584350586,62.70000076293945,62.849998474121094,62.25,62.599998474121094,116660310
2025-10-23,61.1103515625,62.349998474121094,62.400001525878906,61.75,62.099998474121094,161355781
2025-10-27,62.531524658203125,63.79999923706055,63.900001525878906,63.45000076293945,63.75,102297434
2025-10-28,62.09046936035156,63.349998474121094,63.70000076293945,63.20000076293945,63.54999923706055,93730892
2025-10-29,63.11959457397461,64.4000015258789,64.44999694824219,63.70000076293945,63.70000076293945,65206490
2025-10-30,63.11959457397461,64.4000015258789,64.80000305175781,64.0,64.5999984741211,91073965
2025-10-31,63.46263885498047,64.75,64.80000305175781,64.4000015258789,64.5999984741211,53629924
2025-11-03,62.87456512451172,64.1500015258789,64.80000305175781,63.900001525878906,64.44999694824219,130638786
2025-11-04,62.67854309082031,63.95000076293945,64.8499984741211,63.849998474121094,64.5,83118781
2025-11-05,61.89445114135742,63.150001525878906,63.150001525878906,62.29999923706055,62.95000076293945,210997899
2025-11-06,62.041465759277344,63.29999923706055,63.5,63.150001525878906,63.349998474121094,65559913
2025-11-07,61.30637741088867,62.54999923706055,62.75,62.400001525878906,62.650001525878906,102458588
2025-11-10,62.09046936035156,63.349998474121094,63.349998474121094,62.599998474121094,62.79999923706055,80256746
2025-11-11,61.649417877197266,62.900001525878906,63.70000076293945,62.849998474121094,63.650001525878906,75382949
2025-11-12,61.943450927734375,63.20000076293945,63.29999923706055,62.75,62.95000076293945,59822193
2025-11-13,61.649417877197266,62.900001525878906,62.95000076293945,62.599998474121094,62.79999923706055,74963633
2025-11-14,60.4732780456543,61.70000076293945,61.900001525878906,61.400001525878906,61.650001525878906,204108022
2025-11-17,60.66930389404297,61.900001525878906,62.20000076293945,61.79999923706055,62.0,86927813
2025-11-18,59.248130798339844,60.45000076293945,61.29999923706055,60.29999923706055,61.29999923706055,240526230
2025-11-19,58.856082916259766,60.04999923706055,60.5,59.900001525878906,60.150001525878906,138705085
2025-11-20,60.66930389404297,61.900001525878906,61.95000076293945,61.349998474121094,61.54999923706055,81330710
2025-11-21,58.660057067871094,59.849998474121094,60.150001525878906,59.5,60.099998474121094,299502200
2025-11-24,58.366024017333984,59.54999923706055,60.099998474121094,59.45000076293945,60.099998474121094,153617414
2025-11-25,59.150115966796875,60.349998474121094,60.75,60.099998474121094,60.70000076293945,61913501
2025-11-26,60.13023376464844,61.349998474121094,61.5,61.0,61.099998474121094,73622900
2025-11-27,60.66930389404297,61.900001525878906,62.099998474121094,61.650001525878906,61.79999923706055,52209933
2025-11-28,61.1103515625,62.349998474121094,62.400001525878906,61.849998474121094,61.95000076293945,66700125
2025-12-01,60.277252197265625,61.5,61.95000076293945,61.400001525878906,61.79999923706055,96548521
2025-12-02,60.4732780456543,61.70000076293945,62.20000076293945,61.650001525878906,61.79999923706055,41397425
2025-12-03,61.061344146728516,62.29999923706055,62.5,62.099998474121094,62.400001525878906,44855416
2025-12-04,60.96333694458008,62.20000076293945,62.5,62.0,62.400001525878906,38785824
2025-12-05,61.50239944458008,62.75,62.75,62.349998474121094,62.45000076293945,45051403
2025-12-08,62.43351364135742,63.70000076293945,63.70000076293945,62.95000076293945,63.0,76124318
2025-12-09,62.33549880981445,63.599998474121094,63.849998474121094,63.54999923706055,63.79999923706055,48271330
2025-12-10,62.77655792236328,64.05000305175781,64.19999694824219,63.650001525878906,63.70000076293945,64151249
2025-12-11,62.09046936035156,63.349998474121094,64.5,63.20000076293945,64.30000305175781,94638653
2025-12-12,62.18848419189453,63.45000076293945,63.79999923706055,63.29999923706055,63.54999923706055,57687594
2025-12-15,61.55140686035156,62.79999923706055,62.849998474121094,62.400001525878906,62.5,105905436
2025-12-16,61.01234436035156,62.25,62.25,61.70000076293945,62.099998474121094,155552766
2025-12-17,60.66930389404297,61.900001525878906,62.45000076293945,61.849998474121094,62.150001525878906,89657544
2025-12-18,60.66930389404297,61.900001525878906,62.099998474121094,61.54999923706055,61.79999923706055,112535790
2025-12-19,61.25736999511719,62.5,62.75,62.349998474121094,62.400001525878906,79433169
2025-12-22,62.13947677612305,63.400001525878906,63.45000076293945,63.04999923706055,63.29999923706055,91596850
2025-12-23,62.43351364135742,63.70000076293945,63.79999923706055,63.5,63.5,100327038
2025-12-24,62.580528259277344,63.849998474121094,64.05000305175781,63.75,63.95000076293945,62393202
2025-12-26,63.11959457397461,64.4000015258789,64.5,64.0999984741211,64.19999694824219,68362335
2025-12-29,63.95269775390625,65.25,65.3499984741211,64.5999984741211,64.6500015258789,83563905
2025-12-30,63.85468673706055,65.1500015258789,65.30000305175781,64.75,64.9000015258789,58116367
2025-12-31,64.29573822021484,65.5999984741211,65.8499984741211,64.9000015258789,65.0999984741211,69494353
2026-01-02,65.618896484375,66.94999694824219,67.0,65.80000305175781,66.0,77878570
2026-01-05,68.11819458007812,69.5,70.05000305175781,68.05000305175781,68.0999984741211,225924687
2026-01-06,69.00030517578125,70.4000015258789,70.4000015258789,68.94999694824219,69.44999694824219,125256215
2026-01-07,68.46123504638672,69.8499984741211,70.44999694824219,69.69999694824219,70.4000015258789,113869755
2026-01-08,68.70626831054688,70.0999984741211,70.3499984741211,69.4000015258789,69.6500015258789,71394567
2026-01-09,68.46123504638672,69.8499984741211,70.25,68.9000015258789,69.80000305175781,106682469
2026-01-12,68.9512939453125,70.3499984741211,70.55000305175781,70.05000305175781,70.5,80365400
2026-01-13,69.2943344116211,70.69999694824219,71.19999694824219,70.30000305175781,71.0999984741211,99445355
2026-01-14,69.34334564208984,70.75,71.0999984741211,70.6500015258789,70.94999694824219,82266008
2026-01-15,69.2453384399414,70.6500015258789,70.69999694824219,70.1500015258789,70.69999694824219,89452635
2026-01-16,70.56848907470703,72.0,72.0999984741211,71.19999694824219,71.75,97268614
2026-01-19,71.15656280517578,72.5999984741211,72.80000305175781,71.44999694824219,71.69999694824219,116848644
2026-01-20,71.15656280517578,72.5999984741211,72.6500015258789,71.8499984741211,71.9000015258789,104977401
2026-01-21,70.42147064208984,71.8499984741211,72.5,71.69999694824219,71.80000305175781,161269608
2026-01-22,71.36573028564453,71.80000305175781,72.05000305175781,71.5999984741211,71.9000015258789,96360058
2026-01-23,71.81300354003906,72.25,72.30000305175781,71.80000305175781,72.0999984741211,68701320
2026-01-26,71.81300354003906,72.25,72.6500015258789,72.19999694824219,72.25,84082813
2026-01-27,72.60816955566406,73.05000305175781,73.1500015258789,72.3499984741211,72.4000015258789,70421120
2026-01-28,73.75120544433594,74.19999694824219,74.19999694824219,73.5,73.55000305175781,87294077
2026-01-29,73.3039321899414,73.75,74.5,73.5,74.4000015258789,111905919
2026-01-30,72.160888671875,72.5999984741211,73.19999694824219,72.30000305175781,73.1500015258789,159055585
2026-02-02,71.06754302978516,71.5,71.75,70.9000015258789,71.55000305175781,211262670
2026-02-03,72.5087661743164,72.94999694824219,73.05000305175781,72.4000015258789,73.0,70926930
2026-02-04,72.45907592773438,72.9000015258789,73.1500015258789,72.30000305175781,72.4000015258789,56597222
2026-02-05,71.56451416015625,72.0,72.25,71.75,72.05000305175781,95746290
2026-02-06,71.46512603759766,71.9000015258789,72.25,70.80000305175781,71.4000015258789,102980565
2026-02-09,73.50271606445312,73.94999694824219,74.1500015258789,73.75,74.05000305175781,118533745
2026-02-10,75.04335021972656,75.5,75.5,74.5999984741211,74.6500015258789,98559015
2026-02-11,76.73306274414062,77.19999694824219,77.44999694824219,75.9000015258789,75.9000015258789,114028587
2026-02-23,76.93185424804688,77.4000015258789,78.44999694824219,77.19999694824219,78.44999694824219,212974781
2026-02-24,78.91976165771484,79.4000015258789,79.6500015258789,77.8499984741211,77.94999694824219,143721014
2026-02-25,80.6094741821289,81.0999984741211,81.80000305175781,80.25,80.3499984741211,158561421
2026-02-26,80.65917205810547,81.1500015258789,81.5,80.80000305175781,81.25,123812672
2026-03-02,79.864013671875,80.3499984741211,80.80000305175781,79.1500015258789,79.5,204278933
2026-03-03,78.27368927001953,78.75,80.4000015258789,78.6500015258789,80.05000305175781,288356288
2026-03-04,75.14273834228516,75.5999984741211,77.44999694824219,75.5,77.4000015258789,455564304
2026-03-05,76.93185424804688,77.4000015258789,78.8499984741211,76.69999694824219,78.30000305175781,194777972
2026-03-06,76.38517761230469,76.8499984741211,77.30000305175781,76.30000305175781,76.80000305175781,139697065
2026-03-09,73.15483856201172,73.5999984741211,73.5999984741211,71.6500015258789,73.1500015258789,493890200
2026-03-10,74.74515533447266,75.19999694824219,76.25,74.30000305175781,75.9000015258789,164247105
2026-03-11,77.72701263427734,78.19999694824219,78.5,76.0999984741211,76.30000305175781,147508364
2026-03-12,76.1366958618164,76.5999984741211,77.5999984741211,76.3499984741211,77.0999984741211,120680192
2026-03-13,75.4906234741211,75.94999694824219,76.55000305175781,75.0,75.1500015258789,105970280
2026-03-16,75.14273834228516,75.5999984741211,76.69999694824219,75.44999694824219,76.30000305175781,97649824
2026-03-17,76.18639373779297,76.6500015258789,77.0,76.30000305175781,76.44999694824219,61503521
2026-03-18,77.32943725585938,77.80000305175781,78.05000305175781,77.44999694824219,77.75,72305179
2026-03-19,75.54032135009766,76.0,76.80000305175781,75.94999694824219,76.5999984741211,128778782
2026-03-20,75.44092559814453,75.9000015258789,76.4000015258789,75.5,76.19999694824219,67265037
2026-03-23,73.80091094970703,74.25,74.44999694824219,73.30000305175781,73.5,210502502
2026-03-24,73.95000457763672,74.4000015258789,75.5999984741211,73.80000305175781,75.5,83942753
2026-03-25,75.7391128540039,76.19999694824219,76.6500015258789,76.0,76.3499984741211,91456088
2026-03-26,75.34153747558594,75.80000305175781,76.8499984741211,75.5999984741211,76.30000305175781,76157584
2026-03-27,74.54637145996094,75.0,75.0999984741211,74.0999984741211,74.44999694824219,106078935
2026-03-30,73.4530258178711,73.9000015258789,74.05000305175781,72.80000305175781,73.30000305175781,158608942
2026-03-31,71.91239929199219,72.3499984741211,73.44999694824219,72.1500015258789,73.3499984741211,231400782
2026-04-01,74.99364471435547,75.44999694824219,75.5999984741211,74.5999984741211,75.0,126562159
2026-04-02,73.50271606445312,73.94999694824219,76.05000305175781,73.80000305175781,75.9000015258789,105707506
2026-04-07,74.84455871582031,75.30000305175781,75.44999694824219,74.6500015258789,75.1500015258789,76885542
2026-04-08,78.72096252441406,79.19999694824219,79.25,78.0999984741211,78.0999984741211,227364928
2026-04-09,78.67127227783203,79.1500015258789,79.4000015258789,78.80000305175781,79.30000305175781,92049631
2026-04-10,80.2615966796875,80.75,80.80000305175781,79.94999694824219,80.0,115520077
2026-04-13,80.11249542236328,80.5999984741211,81.0,80.4000015258789,80.5999984741211,87581345
2026-04-14,82.59738159179688,83.0999984741211,83.19999694824219,81.75,81.75,123920345
2026-04-15,83.64102935791016,84.1500015258789,85.0999984741211,83.80000305175781,84.0999984741211,122414906
2026-04-16,84.48588562011719,85.0,85.0999984741211,84.1500015258789,84.75,76987129
2026-04-17,83.64102935791016,84.1500015258789,84.5,84.0,84.19999694824219,93304532
2026-04-20,84.03861236572266,84.55000305175781,85.0999984741211,84.44999694824219,84.55000305175781,95994589
2026-04-21,85.4798355102539,86.0,86.0999984741211,85.0,85.5,71987659
2026-04-22,85.82772064208984,86.3499984741211,86.5999984741211,85.55000305175781,85.75,64147874
2026-04-23,85.82772064208984,86.3499984741211,88.80000305175781,85.1500015258789,87.6500015258789,148310644
2026-04-24,89.40594482421875,89.94999694824219,89.94999694824219,87.55000305175781,87.5999984741211,125117290
2026-04-27,92.4375,93.0,94.25,92.69999694824219,92.69999694824219,183173507
2026-04-28,91.44355010986328,92.0,93.6500015258789,91.9000015258789,92.55000305175781,114706934
2026-04-29,90.20111083984375,90.75,91.5,90.0,90.69999694824219,93857452
2026-04-30,89.95262145996094,90.5,91.9000015258789,90.30000305175781,91.25,82229228
2026-05-04,94.02782440185547,94.5999984741211,94.6500015258789,92.4000015258789,92.5,120393477
2026-05-05,94.02782440185547,94.5999984741211,94.75,94.0,94.4000015258789,76579608
2026-05-06,95.17086791992188,95.75,96.9000015258789,94.69999694824219,96.05000305175781,105507530
2026-05-07,97.10906982421875,97.69999694824219,98.4000015258789,97.4000015258789,97.94999694824219,110289613
2026-05-08,96.4133071899414,97.0,97.69999694824219,95.8499984741211,97.3499984741211,117639791
2026-05-11,96.31391143798828,96.9000015258789,97.1500015258789,96.5,96.6500015258789,88544547
2026-05-12,96.26421356201172,96.8499984741211,97.3499984741211,95.5,96.8499984741211,94676481
2026-05-13,94.92237854003906,95.5,95.80000305175781,94.69999694824219,94.8499984741211,113598688
2026-05-14,95.46905517578125,96.05000305175781,97.19999694824219,95.75,96.9000015258789,53565899
2026-05-15,94.82298278808594,95.4000015258789,98.25,95.19999694824219,97.6500015258789,90487261
2026-05-18,94.32601165771484,94.9000015258789,95.19999694824219,93.30000305175781,94.0,105172915
2026-05-19,92.53689575195312,93.0999984741211,94.69999694824219,93.0999984741211,94.3499984741211,116385289
2026-05-20,91.94052124023438,92.5,93.5,92.44999694824219,93.0,108931614
2026-05-21,95.270263671875,95.8499984741211,96.05000305175781,94.69999694824219,94.80000305175781,59494294
2026-05-22,96.71149444580078,97.30000305175781,97.30000305175781,96.0,96.30000305175781,60917271
2026-05-25,100.19032287597656,100.80000305175781,101.0,99.55000305175781,99.55000305175781,124114624
2026-05-26,99.49455261230469,100.0999984741211,101.80000305175781,100.0999984741211,101.5999984741211,87695026
2026-05-27,101.92974090576172,102.55000305175781,103.9000015258789,102.0,102.4000015258789,90102044
2026-05-28,99.89213562011719,100.5,104.25,100.0999984741211,104.0,140421329
2026-05-29,104.76250457763672,105.4000015258789,105.4000015258789,102.69999694824219,103.19999694824219,98892043
2026-06-01,104.86189270019531,105.5,106.69999694824219,104.5,105.25,127067000
2026-06-02,105.06068420410156,105.69999694824219,106.30000305175781,104.19999694824219,106.30000305175781,107794552
2026-06-03,106.9491958618164,107.5999984741211,107.8499984741211,107.0999984741211,107.30000305175781,75111550
2026-06-04,105.45826721191406,106.0999984741211,107.0,106.05000305175781,106.75,108491104
2026-06-05,103.52006530761719,104.1500015258789,105.3499984741211,102.80000305175781,105.0,164564140
2026-06-08,100.33941650390625,100.94999694824219,101.30000305175781,98.05000305175781,98.05000305175781,320685641
2026-06-09,102.87399291992188,103.5,103.5999984741211,101.3499984741211,102.0999984741211,89392847
2026-06-10,99.64364624023438,100.25,102.94999694824219,100.19999694824219,102.5999984741211,166445287
2026-06-11,99.2460708618164,99.8499984741211,100.55000305175781,97.5999984741211,100.0,248828975
2026-06-12,101.33336639404297,101.94999694824219,103.75,101.55000305175781,103.25,73401960
2026-06-15,104.61341094970703,105.25,105.5,104.30000305175781,105.0999984741211,95906242
2026-06-16,105.25947570800781,105.9000015258789,106.05000305175781,104.8499984741211,106.05000305175781,67088029
2026-06-17,105.35887145996094,106.0,106.0,104.5,105.0,75416209
2026-06-18,106.65100860595703,107.30000305175781,107.44999694824219,106.6500015258789,107.0,74587200
2026-06-22,110.47772216796875,111.1500015258789,111.19999694824219,109.44999694824219,109.44999694824219,110460961
2026-06-23,109.43407440185547,110.0999984741211,112.30000305175781,110.05000305175781,112.0,120564830
2026-06-24,106.50191497802734,107.1500015258789,108.0999984741211,106.1500015258789,108.0,208531754
2026-06-25,106.5516128540039,107.19999694824219,108.05000305175781,106.3499984741211,108.0,89454929
2026-06-26,102.47640991210938,103.0999984741211,105.8499984741211,102.80000305175781,105.4000015258789,251693794
2026-06-29,103.81824493408203,104.44999694824219,105.3499984741211,103.30000305175781,103.3499984741211,101519378
2026-06-30,107.14798736572266,107.80000305175781,108.25,106.75,106.8499984741211,103816325
2026-07-01,108.68860626220703,109.3499984741211,109.94999694824219,108.5999984741211,109.80000305175781,72216950
2026-07-02,108.14193725585938,108.80000305175781,108.94999694824219,106.9000015258789,107.19999694824219,67727796
2026-07-03,107.69465637207031,108.3499984741211,108.80000305175781,106.0999984741211,106.1500015258789,76733905
2026-07-06,107.59526062011719,108.25,109.5999984741211,107.69999694824219,109.05000305175781,70136815
2026-07-07,105.55765533447266,106.19999694824219,109.05000305175781,105.8499984741211,108.55000305175781,111060971
2026-07-08,105.4085693359375,106.05000305175781,106.5999984741211,105.05000305175781,106.4000015258789,86877553
2026-07-09,105.16008758544922,105.80000305175781,107.0,105.44999694824219,106.3499984741211,51733962
2026-07-10,105.16008758544922,105.80000305175781,105.80000305175781,105.80000305175781,105.80000305175781,0
2026-07-13,105.35887145996094,106.0,107.55000305175781,105.69999694824219,107.0,65558453
2026-07-14,103.76854705810547,104.4000015258789,105.5,102.25,105.5,225466504
2026-07-15,105.65705871582031,106.30000305175781,106.44999694824219,104.6500015258789,105.30000305175781,106147811
2026-07-16,105.75645446777344,106.4000015258789,106.75,104.55000305175781,105.3499984741211,68042614
2026-07-17,99.54425811767578,100.1500015258789,103.05000305175781,100.0,102.9000015258789,443467989
2026-07-20,98.5999984741211,99.19999694824219,100.5999984741211,98.30000305175781,100.19999694824219,335645366
2026-07-21,102.5,102.5,102.5,99.8499984741211,100.0,91004977
2026-07-22,103.8499984741211,103.8499984741211,104.80000305175781,103.30000305175781,104.5,103568792
2026-07-23,103.9000015258789,103.9000015258789,104.80000305175781,102.9000015258789,104.25,51221177
2026-07-24,101.69999694824219,101.69999694824219,103.05000305175781,101.30000305175781,102.55000305175781,94377095
2026-07-27,101.44999694824219,101.44999694824219,101.5999984741211,100.05000305175781,101.30000305175781,100975462
2026-07-28,97.1500015258789,97.1500015258789,98.3499984741211,96.9000015258789,98.3499984741211,403103877
2026-07-29,93.69999694824219,93.69999694824219,97.0,91.80000305175781,96.94999694824219,481594751
2026-07-30,93.5,93.5,96.0,92.0,93.4000015258789,277813661
2026-07-31,102.8499984741211,102.8499984741211,102.8499984741211,99.80000305175781,100.0,335230300
2026-08-03,102.0,102.0,102.69999694824219,101.0,102.0,162020882
2026-08-04,100.6500015258789,100.6500015258789,102.25,99.75,100.6500015258789,114567629
2026-08-05,103.80000305175781,103.80000305175781,104.75,102.9000015258789,103.75,162326921
2026-08-06,103.30000305175781,103.30000305175781,103.69999694824219,102.55000305175781,103.25,75072269
2026-08-07,102.8499984741211,102.8499984741211,104.0,102.05000305175781,103.80000305175781,64762811
2026-08-10,104.25,104.25,104.75,103.5,103.9000015258789,77669272
2026-08-11,104.5999984741211,104.5999984741211,104.8499984741211,103.4000015258789,104.05000305175781,64953565
2026-08-12,105.19999694824219,105.19999694824219,105.25,104.44999694824219,105.0,58197041
2026-08-13,106.69999694824219,106.69999694824219,107.0,106.1500015258789,106.55000305175781,84987116
2026-08-14,106.4000015258789,106.4000015258789,107.5,106.05000305175781,107.0999984741211,77523902
2026-08-17,106.44999694824219,106.44999694824219,106.94999694824219,106.0,106.4000015258789,54027248
